# Synthetic hourly load for a small utility, one non-leap year, MW.
# Generated by make_profiles.py with seed 20260815. Not measured data.
# Shape: summer peaking seasonal factor, double humped diurnal curve,
# weekend reduction, 3 percent Gaussian noise.
hour,load_mw
0,59.6579
1,60.2511
2,59.6138
3,59.7143
4,60.9498
5,60.7243
6,65.2604
7,65.2136
8,73.7504
9,76.6956
10,76.2840
11,73.8444
12,70.6135
13,70.8109
14,71.5499
15,77.9087
16,87.4056
17,92.6332
18,97.3274
19,94.1235
20,88.9333
21,88.8473
22,75.9479
23,67.2947
24,58.2043
25,58.4906
26,59.8815
27,62.3599
28,63.7366
29,64.5511
30,70.7983
31,71.4203
32,73.2712
33,74.0052
34,75.5074
35,72.2262
36,73.5516
37,70.8057
38,71.5556
39,74.5800
40,90.3026
41,95.8675
42,90.9463
43,93.1232
44,91.2811
45,84.6028
46,77.6790
47,74.6111
48,57.6506
49,60.9067
50,58.9159
51,60.5266
52,59.3223
53,61.3710
54,65.8631
55,65.8355
56,71.8782
57,75.2429
58,75.5046
59,72.3472
60,69.1514
61,69.9674
62,76.3975
63,73.4529
64,82.4607
65,89.7063
66,91.7445
67,94.7984
68,87.2480
69,82.2586
70,78.5307
71,70.4461
72,59.6783
73,58.2583
74,60.8868
75,57.0399
76,59.3820
77,64.8548
78,66.8100
79,68.9699
80,73.4487
81,73.6529
82,69.1712
83,69.1638
84,67.9106
85,71.7413
86,74.5572
87,80.4897
88,87.1010
89,89.3522
90,93.3660
91,94.7126
92,91.0613
93,89.2140
94,81.3757
95,72.0584
96,58.8670
97,57.8631
98,62.1968
99,60.5577
100,63.0286
101,61.6939
102,67.1930
103,71.7973
104,72.9157
105,72.9568
106,72.3808
107,72.7658
108,72.8839
109,70.4785
110,71.6473
111,80.1514
112,81.6942
113,91.1811
114,94.1431
115,95.6126
116,88.3214
117,88.2507
118,77.0577
119,70.2507
120,55.5311
121,53.2344
122,54.2839
123,54.8125
124,52.3894
125,53.5378
126,59.4500
127,64.1869
128,65.7093
129,71.0720
130,67.7959
131,64.4192
132,61.7693
133,65.4397
134,65.5592
135,71.2303
136,77.4996
137,88.6690
138,81.5640
139,88.9602
140,82.8910
141,76.6157
142,68.7741
143,61.6542
144,53.5249
145,55.1350
146,54.6779
147,54.6664
148,56.3887
149,55.7484
150,59.8766
151,61.8752
152,65.6036
153,65.5551
154,69.4805
155,66.7575
156,62.2086
157,63.2300
158,65.9373
159,70.3327
160,74.2034
161,80.2433
162,84.3913
163,85.5615
164,83.1300
165,74.1379
166,70.1500
167,64.6514
168,58.7201
169,59.4126
170,60.6365
171,59.3650
172,62.7452
173,64.8078
174,67.6723
175,67.6581
176,72.7709
177,72.0979
178,73.1458
179,73.7911
180,68.9365
181,69.8207
182,75.2646
183,77.5320
184,87.8040
185,95.9708
186,92.6505
187,94.3019
188,89.8239
189,79.4334
190,78.5092
191,66.0608
192,58.0852
193,57.8957
194,60.0556
195,59.9861
196,63.6188
197,62.7508
198,64.6789
199,67.1617
200,69.7418
201,70.4651
202,74.2924
203,73.4346
204,68.1881
205,68.5465
206,76.1324
207,76.4369
208,80.3684
209,90.5696
210,98.1216
211,96.0354
212,91.2477
213,83.5809
214,74.4975
215,72.4331
216,60.9168
217,61.6500
218,58.8921
219,59.9725
220,59.3382
221,62.6748
222,68.1726
223,66.2381
224,74.0483
225,72.8004
226,74.8353
227,70.9185
228,73.7866
229,72.5765
230,70.9717
231,74.3988
232,84.6045
233,83.9069
234,91.9039
235,92.2799
236,91.8535
237,87.8747
238,76.6012
239,69.8046
240,54.6187
241,59.0488
242,58.5520
243,59.8598
244,61.9921
245,64.1592
246,64.8392
247,70.7684
248,74.5916
249,73.9891
250,75.8785
251,68.5408
252,67.3124
253,72.5361
254,76.3941
255,74.5795
256,83.5382
257,91.8767
258,95.1277
259,96.8518
260,89.4813
261,82.6702
262,75.4376
263,70.3918
264,57.4917
265,60.1067
266,60.2583
267,61.2396
268,60.9158
269,61.7097
270,66.4695
271,68.5369
272,71.1541
273,75.1010
274,74.2451
275,70.5844
276,69.9929
277,68.4039
278,73.6856
279,73.4562
280,82.1681
281,90.9815
282,93.1599
283,94.7745
284,88.3303
285,88.6985
286,78.3604
287,70.2917
288,54.1626
289,52.7166
290,52.0980
291,53.2976
292,55.0557
293,54.9664
294,56.0343
295,64.6194
296,63.4846
297,67.9897
298,67.5002
299,61.6295
300,62.5876
301,61.3489
302,65.4150
303,73.1884
304,76.5049
305,81.7278
306,88.3519
307,82.8959
308,79.5481
309,77.2833
310,67.9044
311,63.0917
312,52.8152
313,53.0190
314,51.5767
315,51.9598
316,54.6555
317,56.7734
318,58.4846
319,61.8203
320,64.4618
321,63.8948
322,63.9109
323,64.2417
324,59.9381
325,60.7120
326,65.3091
327,69.6149
328,79.1786
329,86.0586
330,86.6677
331,86.0832
332,79.7012
333,73.3884
334,69.7651
335,64.6531
336,59.6193
337,60.4343
338,60.7936
339,58.4272
340,59.1673
341,64.3860
342,63.9066
343,69.7073
344,71.7669
345,74.9888
346,71.9601
347,75.1169
348,71.1088
349,73.3377
350,74.9044
351,78.4601
352,83.6005
353,92.1625
354,93.4434
355,95.8777
356,87.9372
357,84.4327
358,74.6120
359,71.2324
360,59.8771
361,58.2978
362,56.5281
363,60.1677
364,54.5767
365,62.1633
366,64.3560
367,71.0417
368,75.4273
369,73.2375
370,70.3201
371,74.6057
372,71.3028
373,72.2720
374,68.5802
375,77.0615
376,91.4943
377,90.8405
378,92.6803
379,94.5124
380,90.2464
381,82.7368
382,72.9665
383,63.9184
384,58.7746
385,57.2723
386,59.5676
387,57.5623
388,59.3319
389,63.8849
390,66.8307
391,71.7891
392,72.8066
393,77.5225
394,73.2926
395,70.2235
396,70.0743
397,62.6210
398,71.4143
399,80.9199
400,87.7498
401,92.5113
402,93.3596
403,94.5428
404,89.9236
405,82.9504
406,77.0732
407,70.0959
408,58.0604
409,60.1005
410,56.6156
411,60.3443
412,63.8975
413,62.1565
414,67.9576
415,68.7924
416,70.4108
417,79.2078
418,72.7207
419,68.8022
420,72.0950
421,68.4070
422,71.7837
423,84.1524
424,81.6321
425,84.8313
426,93.4885
427,90.0473
428,92.7311
429,83.1977
430,76.8087
431,72.0695
432,54.2467
433,58.6552
434,55.8258
435,58.7667
436,61.3052
437,61.6785
438,68.0530
439,67.3652
440,70.3209
441,75.7387
442,73.7109
443,72.3117
444,68.2699
445,69.4595
446,76.6129
447,75.0917
448,83.7264
449,94.1245
450,86.3696
451,91.7691
452,84.4835
453,89.7706
454,76.6023
455,70.6016
456,51.3786
457,53.0076
458,54.2897
459,53.5505
460,53.9023
461,55.0277
462,59.1761
463,64.5302
464,69.3531
465,64.4841
466,65.9653
467,64.3700
468,63.4942
469,61.3396
470,64.5271
471,71.2831
472,77.6391
473,83.9689
474,81.9585
475,87.0236
476,82.5994
477,78.0818
478,65.2464
479,64.0703
480,53.5061
481,54.1015
482,51.2147
483,50.7161
484,52.8473
485,55.4803
486,58.5483
487,62.3476
488,70.4333
489,66.4785
490,63.8215
491,61.9159
492,61.4259
493,62.4014
494,65.4888
495,72.1707
496,72.1230
497,79.8832
498,85.1217
499,86.8432
500,78.6862
501,79.2647
502,69.0354
503,61.7644
504,56.6823
505,58.0586
506,61.2717
507,60.5869
508,59.5112
509,63.8785
510,66.1537
511,70.8701
512,71.0051
513,75.6283
514,71.3812
515,68.4730
516,66.6624
517,69.9326
518,73.4554
519,74.5124
520,80.7413
521,91.3764
522,94.2326
523,88.7598
524,90.2834
525,84.5355
526,77.8757
527,69.6527
528,57.0777
529,57.6653
530,57.0973
531,58.2865
532,61.6807
533,67.0067
534,66.5871
535,68.5130
536,77.9646
537,76.9041
538,73.9089
539,76.0585
540,70.2457
541,69.8567
542,69.8126
543,79.6039
544,82.8539
545,89.8259
546,96.7143
547,95.4459
548,92.8980
549,85.2341
550,76.4034
551,68.0374
552,60.7804
553,57.5481
554,57.3359
555,59.4028
556,60.5505
557,62.2802
558,64.6629
559,71.4935
560,71.3875
561,76.7514
562,74.7345
563,70.9136
564,67.5136
565,70.3246
566,73.5124
567,75.4737
568,86.2685
569,89.7022
570,99.0672
571,91.3067
572,90.9216
573,85.8337
574,77.9390
575,67.4385
576,58.5154
577,59.0870
578,61.3948
579,59.1510
580,59.9647
581,63.9109
582,64.5634
583,70.1855
584,70.1153
585,75.2907
586,71.9865
587,67.3371
588,70.2994
589,70.1179
590,71.0426
591,81.6634
592,81.3595
593,91.9066
594,98.2173
595,93.8887
596,88.5414
597,84.1176
598,75.7977
599,70.5668
600,62.2833
601,56.6813
602,58.5196
603,59.2736
604,61.9659
605,63.4381
606,64.5308
607,69.5802
608,70.1298
609,77.6775
610,73.2633
611,72.3984
612,71.0792
613,69.9600
614,75.6430
615,78.0076
616,85.8331
617,90.6175
618,91.8984
619,99.1113
620,86.6504
621,83.2158
622,77.9851
623,69.8199
624,50.0062
625,57.0141
626,52.4560
627,53.7048
628,54.0003
629,59.2834
630,57.4178
631,60.6777
632,63.6455
633,67.9873
634,68.3981
635,64.2265
636,61.5140
637,61.8958
638,65.6916
639,70.8126
640,77.9650
641,83.1295
642,81.2808
643,82.7749
644,81.6606
645,76.3295
646,68.2515
647,66.7705
648,52.3263
649,53.8354
650,57.2455
651,52.7992
652,55.6799
653,57.9976
654,60.8148
655,61.3793
656,63.9128
657,67.0675
658,67.9631
659,66.3963
660,63.5772
661,60.8844
662,68.2300
663,70.0643
664,77.7647
665,81.9319
666,84.5410
667,82.8737
668,79.5638
669,74.8121
670,67.5184
671,66.1765
672,58.0040
673,57.8606
674,59.5116
675,57.7351
676,61.7893
677,62.8672
678,66.9868
679,69.6289
680,75.4747
681,73.7910
682,75.8374
683,74.8697
684,72.2850
685,68.8074
686,76.1770
687,77.6233
688,86.4932
689,89.6943
690,95.8687
691,94.6587
692,90.3016
693,80.1230
694,72.8382
695,72.6664
696,61.5525
697,59.6915
698,59.2840
699,59.0146
700,57.5545
701,62.3874
702,62.8661
703,68.4276
704,77.1497
705,78.1823
706,75.0795
707,68.8007
708,70.0683
709,68.2602
710,68.9326
711,76.1263
712,84.4909
713,86.5688
714,94.1896
715,93.1607
716,87.7110
717,87.0053
718,80.4439
719,67.8584
720,60.7480
721,59.7074
722,58.1175
723,59.7559
724,57.3161
725,65.4496
726,63.6460
727,68.8333
728,71.2217
729,75.7242
730,75.6453
731,72.6669
732,68.5279
733,72.4043
734,68.9040
735,74.3163
736,88.4164
737,90.8540
738,92.5591
739,92.4916
740,87.4684
741,87.1938
742,79.2340
743,73.3882
744,59.3456
745,61.5197
746,59.9925
747,57.1674
748,59.6876
749,62.9470
750,66.7026
751,69.2338
752,71.5484
753,77.9578
754,70.2119
755,70.1997
756,72.0429
757,66.0149
758,76.5729
759,80.1378
760,86.1166
761,85.6257
762,94.7258
763,96.3101
764,90.3419
765,84.4741
766,76.0287
767,75.6327
768,58.8729
769,58.2782
770,56.8315
771,60.6641
772,64.0959
773,59.6454
774,66.5700
775,71.4852
776,74.3133
777,78.5135
778,73.2858
779,69.3632
780,69.7804
781,73.6542
782,75.2334
783,78.8177
784,84.6780
785,86.7291
786,88.1463
787,92.0405
788,90.5208
789,86.0281
790,76.9623
791,68.3834
792,55.2228
793,51.7998
794,51.2828
795,53.9694
796,52.5287
797,56.1854
798,58.2714
799,60.3229
800,64.7251
801,67.4919
802,66.2421
803,65.2723
804,63.7104
805,63.3212
806,64.1199
807,73.0897
808,78.4889
809,82.9347
810,84.3067
811,84.7215
812,80.2053
813,75.8418
814,69.7159
815,60.4826
816,54.3506
817,53.0547
818,54.5575
819,57.5895
820,55.5940
821,56.5938
822,57.6174
823,64.7000
824,63.6170
825,66.9112
826,65.7278
827,63.9944
828,64.0152
829,59.7772
830,65.5772
831,72.3735
832,76.1341
833,80.9930
834,87.5145
835,87.9472
836,81.8518
837,74.9820
838,71.2410
839,62.3963
840,58.7499
841,56.4904
842,60.1996
843,61.1893
844,60.0061
845,63.4800
846,68.6619
847,69.6793
848,73.9216
849,74.0035
850,72.0091
851,73.6588
852,74.5249
853,71.8287
854,77.4451
855,82.6685
856,82.1011
857,90.8617
858,104.8797
859,97.7975
860,90.4007
861,88.2214
862,74.6741
863,69.6015
864,60.7816
865,60.3419
866,60.7682
867,57.8011
868,62.0268
869,60.4358
870,66.6373
871,72.1345
872,73.6608
873,71.2074
874,73.6945
875,71.9671
876,73.6318
877,67.0076
878,71.5736
879,79.1288
880,84.6793
881,90.3813
882,94.6099
883,95.8674
884,90.7513
885,81.1820
886,79.8178
887,70.1052
888,56.9125
889,59.0489
890,63.0539
891,60.7666
892,62.7144
893,61.1100
894,68.4590
895,69.1684
896,65.7212
897,74.3413
898,75.1591
899,75.6155
900,69.3655
901,71.8852
902,77.7584
903,82.0630
904,82.6559
905,95.2968
906,101.4015
907,90.3511
908,94.3161
909,87.7320
910,79.1217
911,69.9202
912,58.2886
913,58.2842
914,58.1861
915,61.2426
916,59.2938
917,62.8547
918,66.2862
919,70.9695
920,73.5220
921,75.3097
922,74.8828
923,71.9878
924,68.1817
925,71.8165
926,75.5619
927,81.2521
928,86.8767
929,90.0566
930,99.0071
931,89.3431
932,91.5770
933,80.3885
934,78.5117
935,68.1264
936,60.6746
937,60.8809
938,57.7987
939,58.3554
940,60.2794
941,64.5531
942,62.0439
943,70.3387
944,73.3674
945,75.1952
946,73.3011
947,69.6733
948,68.7705
949,69.8380
950,73.0087
951,77.2845
952,83.8624
953,87.1048
954,93.5000
955,94.0645
956,89.4453
957,84.9822
958,74.6645
959,76.1721
960,54.2215
961,51.1749
962,51.1706
963,54.2985
964,59.2797
965,57.8970
966,61.6710
967,63.6528
968,69.7475
969,67.1995
970,65.0328
971,66.2720
972,59.8813
973,60.4640
974,67.6273
975,69.2549
976,81.4339
977,77.4579
978,85.6820
979,89.4694
980,85.0189
981,75.0932
982,67.9707
983,62.6090
984,53.0399
985,55.1820
986,54.0659
987,57.1620
988,53.9115
989,56.7027
990,64.1518
991,63.8481
992,66.4271
993,68.2929
994,64.5411
995,62.2903
996,64.0246
997,63.7982
998,62.0585
999,71.8307
1000,76.3821
1001,87.1968
1002,86.2716
1003,82.7163
1004,80.6791
1005,80.7650
1006,69.0502
1007,65.1864
1008,61.3632
1009,58.6630
1010,59.6722
1011,63.4146
1012,60.3494
1013,67.6812
1014,64.8330
1015,76.9252
1016,75.7127
1017,74.0319
1018,77.3130
1019,73.6276
1020,70.3476
1021,67.8525
1022,72.8948
1023,83.3568
1024,89.1587
1025,90.8311
1026,93.8567
1027,100.3284
1028,90.2411
1029,87.0301
1030,83.5620
1031,76.2596
1032,60.0763
1033,59.1856
1034,60.3258
1035,62.0260
1036,61.0950
1037,65.8104
1038,65.9357
1039,75.4308
1040,75.9768
1041,72.9867
1042,75.0293
1043,70.2461
1044,68.5361
1045,67.5302
1046,75.6012
1047,77.4538
1048,86.1650
1049,91.6041
1050,97.9643
1051,98.4108
1052,87.7001
1053,91.8336
1054,75.4861
1055,71.2203
1056,60.3425
1057,65.2871
1058,60.3187
1059,62.0766
1060,61.5048
1061,66.8125
1062,70.0867
1063,70.5865
1064,75.4917
1065,76.0739
1066,75.0436
1067,75.9667
1068,75.7120
1069,73.2229
1070,71.3423
1071,79.0587
1072,84.7061
1073,89.6292
1074,96.4559
1075,93.4552
1076,96.0321
1077,89.2486
1078,76.9459
1079,73.7865
1080,60.1620
1081,60.4052
1082,60.6501
1083,63.0004
1084,61.2892
1085,61.3326
1086,73.1071
1087,70.0231
1088,75.8883
1089,76.4566
1090,75.7065
1091,74.1832
1092,72.5390
1093,70.8331
1094,74.9446
1095,79.1273
1096,85.5212
1097,92.4106
1098,98.6576
1099,94.5516
1100,91.6957
1101,85.4512
1102,78.8112
1103,71.3652
1104,59.2569
1105,61.0629
1106,64.8464
1107,62.7662
1108,60.1791
1109,65.9094
1110,68.8650
1111,74.0312
1112,77.6207
1113,73.5536
1114,77.6750
1115,73.0796
1116,71.1461
1117,72.7415
1118,73.7261
1119,77.7197
1120,89.8966
1121,90.7367
1122,98.2699
1123,93.2691
1124,93.7333
1125,84.3410
1126,77.0077
1127,71.5989
1128,56.2630
1129,54.6187
1130,54.5013
1131,52.5171
1132,57.1515
1133,57.2177
1134,63.3473
1135,67.5282
1136,66.8688
1137,70.1448
1138,64.3493
1139,66.9282
1140,63.9271
1141,65.7748
1142,62.5735
1143,70.9171
1144,79.1256
1145,87.5077
1146,86.4820
1147,88.6465
1148,82.8183
1149,76.9418
1150,67.6604
1151,65.6610
1152,53.5383
1153,56.2216
1154,52.4521
1155,54.3045
1156,54.5271
1157,61.2222
1158,64.7174
1159,64.6627
1160,67.0122
1161,68.6965
1162,68.4249
1163,64.1234
1164,63.0774
1165,64.1787
1166,67.3471
1167,73.7998
1168,79.1337
1169,85.9612
1170,85.6513
1171,88.0368
1172,89.4557
1173,81.3834
1174,71.4753
1175,66.8884
1176,61.8494
1177,59.3020
1178,57.9913
1179,61.9642
1180,63.0346
1181,63.1605
1182,67.9748
1183,73.9741
1184,77.6873
1185,79.3507
1186,75.5424
1187,72.6207
1188,76.6734
1189,69.1004
1190,71.6874
1191,75.6081
1192,88.7381
1193,97.6282
1194,95.9248
1195,99.0517
1196,93.7826
1197,87.9897
1198,78.2401
1199,70.2397
1200,61.4601
1201,57.6071
1202,62.6281
1203,62.7445
1204,63.6675
1205,66.0343
1206,71.8431
1207,70.2597
1208,74.1684
1209,74.6799
1210,73.5554
1211,73.2475
1212,71.5114
1213,71.3012
1214,74.7288
1215,76.1492
1216,84.6104
1217,93.7782
1218,96.4687
1219,96.9481
1220,91.4317
1221,88.8440
1222,80.8621
1223,74.3423
1224,61.3639
1225,64.3227
1226,64.1515
1227,59.6102
1228,63.0474
1229,65.1228
1230,68.8469
1231,70.1871
1232,75.3975
1233,77.8345
1234,78.0875
1235,72.6387
1236,69.6210
1237,72.4208
1238,72.6512
1239,77.3828
1240,88.2381
1241,92.6753
1242,103.2782
1243,98.5836
1244,96.3189
1245,88.7912
1246,81.2121
1247,72.1626
1248,57.5941
1249,62.4824
1250,64.1521
1251,59.8867
1252,63.1508
1253,65.1869
1254,70.2345
1255,71.4297
1256,77.6501
1257,75.0719
1258,73.0469
1259,75.0287
1260,69.4993
1261,72.5936
1262,73.3282
1263,85.3112
1264,83.3938
1265,100.0123
1266,95.7163
1267,97.7373
1268,95.6805
1269,89.6859
1270,78.8676
1271,73.4405
1272,60.7253
1273,60.0576
1274,62.2210
1275,60.7059
1276,60.4649
1277,63.1776
1278,64.6187
1279,70.7182
1280,77.6068
1281,75.7880
1282,76.3563
1283,75.2255
1284,73.4435
1285,73.6487
1286,81.2080
1287,82.0452
1288,91.5467
1289,92.9319
1290,96.2733
1291,99.2204
1292,92.4296
1293,97.2938
1294,78.1270
1295,72.6349
1296,57.1954
1297,55.7323
1298,55.2760
1299,56.2150
1300,56.6484
1301,60.0774
1302,62.8264
1303,64.0855
1304,66.8710
1305,70.0397
1306,63.5450
1307,66.0626
1308,65.7398
1309,64.0172
1310,68.0445
1311,73.0467
1312,80.1579
1313,85.1526
1314,88.6448
1315,85.0288
1316,84.8630
1317,79.6092
1318,70.4912
1319,69.6197
1320,56.3197
1321,53.9564
1322,55.3657
1323,52.7967
1324,54.4474
1325,61.2817
1326,62.7955
1327,63.4410
1328,68.0867
1329,67.1691
1330,67.8725
1331,65.0460
1332,64.8455
1333,63.3593
1334,68.0072
1335,72.2963
1336,76.3444
1337,83.8196
1338,90.1531
1339,91.2102
1340,85.8240
1341,82.0649
1342,74.4846
1343,66.8091
1344,60.7293
1345,60.3531
1346,60.5185
1347,62.5046
1348,65.0745
1349,62.5480
1350,67.3149
1351,68.6954
1352,76.5886
1353,77.2431
1354,77.2784
1355,73.1752
1356,74.0929
1357,69.5845
1358,70.3777
1359,80.9562
1360,89.5495
1361,98.7783
1362,97.9266
1363,101.4839
1364,94.5958
1365,86.0915
1366,84.0175
1367,75.5446
1368,62.4989
1369,61.7869
1370,60.7366
1371,63.1658
1372,67.0122
1373,65.8413
1374,72.3348
1375,74.3074
1376,76.1200
1377,78.1926
1378,79.0014
1379,73.1296
1380,72.6856
1381,74.8931
1382,76.9329
1383,81.6426
1384,91.2493
1385,92.1955
1386,98.4633
1387,105.1193
1388,92.4423
1389,90.9017
1390,80.4254
1391,69.9693
1392,58.3279
1393,64.3637
1394,63.6913
1395,64.9764
1396,62.2266
1397,64.7645
1398,69.5134
1399,75.0516
1400,75.7692
1401,76.6606
1402,76.8092
1403,76.6676
1404,77.7522
1405,74.2932
1406,74.3991
1407,82.5892
1408,91.8231
1409,97.5373
1410,99.6464
1411,100.8762
1412,92.9969
1413,87.4755
1414,77.6795
1415,72.4790
1416,60.9766
1417,61.4770
1418,62.7252
1419,62.0232
1420,65.5159
1421,69.3348
1422,68.2531
1423,69.9638
1424,77.7952
1425,77.1062
1426,74.0505
1427,77.5428
1428,72.8999
1429,74.8370
1430,76.1186
1431,79.3206
1432,90.9377
1433,89.7151
1434,99.8334
1435,94.5677
1436,96.5411
1437,87.1410
1438,79.4086
1439,75.5729
1440,60.4427
1441,61.6408
1442,59.7896
1443,65.3693
1444,61.4219
1445,65.2583
1446,70.1525
1447,78.6697
1448,74.6763
1449,78.6788
1450,76.3107
1451,73.4611
1452,75.7112
1453,73.8643
1454,76.0091
1455,84.3628
1456,85.4725
1457,96.7540
1458,103.7631
1459,99.1063
1460,96.9872
1461,86.4785
1462,78.4538
1463,74.1073
1464,58.0500
1465,54.0306
1466,55.0641
1467,58.3220
1468,59.0521
1469,57.6723
1470,63.0289
1471,67.1197
1472,72.8812
1473,71.7491
1474,71.9973
1475,69.3041
1476,68.5105
1477,65.8646
1478,67.0821
1479,76.9866
1480,80.2293
1481,84.8682
1482,87.5649
1483,92.0196
1484,84.5835
1485,79.8152
1486,76.0920
1487,66.9569
1488,57.3989
1489,56.4152
1490,55.2833
1491,57.6872
1492,59.2279
1493,59.9244
1494,63.9521
1495,64.4540
1496,71.6276
1497,73.2899
1498,67.5508
1499,70.7892
1500,68.6218
1501,65.4852
1502,68.9064
1503,74.1198
1504,78.9437
1505,86.6199
1506,85.9837
1507,86.8296
1508,85.8923
1509,77.5228
1510,73.4579
1511,65.4138
1512,61.9424
1513,66.7169
1514,62.9593
1515,67.2150
1516,66.5406
1517,64.6040
1518,72.7040
1519,75.2610
1520,76.8436
1521,79.2104
1522,75.0953
1523,71.6168
1524,76.2632
1525,71.8636
1526,75.8344
1527,83.8673
1528,91.1371
1529,95.3904
1530,100.7724
1531,101.9703
1532,96.7929
1533,92.5735
1534,83.4892
1535,75.1513
1536,60.1310
1537,64.2423
1538,63.2561
1539,63.1715
1540,62.9591
1541,64.9520
1542,70.9624
1543,78.8273
1544,77.4911
1545,77.3100
1546,77.1557
1547,76.4533
1548,74.1202
1549,74.7091
1550,76.6406
1551,82.4277
1552,87.3936
1553,95.9908
1554,103.5570
1555,98.6488
1556,94.5920
1557,94.8988
1558,80.8035
1559,72.4421
1560,61.9019
1561,64.6487
1562,64.1143
1563,63.6376
1564,65.1598
1565,66.1508
1566,68.9957
1567,76.9742
1568,76.9851
1569,81.4590
1570,82.0726
1571,77.1784
1572,73.2688
1573,71.0533
1574,76.3011
1575,84.4356
1576,88.2570
1577,101.0182
1578,104.9250
1579,99.3667
1580,96.5609
1581,94.8249
1582,80.2131
1583,74.1936
1584,62.8151
1585,64.5203
1586,58.9107
1587,67.9007
1588,64.0686
1589,67.8437
1590,71.1866
1591,77.2556
1592,76.9294
1593,84.1473
1594,78.4189
1595,76.3678
1596,72.4093
1597,72.4424
1598,78.6878
1599,82.7946
1600,90.5138
1601,94.7590
1602,104.5297
1603,102.0298
1604,98.4771
1605,90.8528
1606,86.9337
1607,78.3247
1608,66.9248
1609,63.5494
1610,60.7496
1611,65.9850
1612,66.1002
1613,68.6585
1614,72.7836
1615,78.6712
1616,77.5895
1617,79.4230
1618,84.5067
1619,74.3934
1620,75.2555
1621,74.9878
1622,79.2816
1623,81.0354
1624,87.7821
1625,99.0547
1626,106.9654
1627,102.3096
1628,101.0808
1629,90.0312
1630,86.2715
1631,75.0749
1632,58.2826
1633,57.5196
1634,57.2044
1635,55.8054
1636,60.7941
1637,61.6798
1638,66.7634
1639,67.0689
1640,69.4585
1641,72.4146
1642,73.4156
1643,68.8253
1644,68.7625
1645,67.9552
1646,68.7968
1647,76.8171
1648,83.7183
1649,88.7527
1650,91.5140
1651,93.6666
1652,89.5684
1653,85.4556
1654,76.2829
1655,73.6189
1656,54.0544
1657,56.8076
1658,58.6401
1659,58.7800
1660,58.6592
1661,60.8637
1662,64.2707
1663,66.4022
1664,68.8055
1665,69.5285
1666,74.2838
1667,73.6014
1668,65.1789
1669,67.6758
1670,68.2414
1671,80.0837
1672,84.3546
1673,87.1553
1674,92.1237
1675,92.2286
1676,81.7784
1677,83.5196
1678,77.5279
1679,65.3518
1680,64.7875
1681,64.7890
1682,66.3181
1683,63.0658
1684,65.2329
1685,66.7078
1686,71.7723
1687,77.0259
1688,80.1019
1689,79.8586
1690,77.3345
1691,80.1587
1692,80.6055
1693,78.8621
1694,79.0740
1695,79.8358
1696,93.6696
1697,102.8116
1698,97.2982
1699,100.6879
1700,94.3314
1701,95.3758
1702,84.1205
1703,78.5265
1704,64.6904
1705,64.2743
1706,65.8631
1707,67.4522
1708,67.8816
1709,65.4684
1710,73.0841
1711,71.3740
1712,82.1251
1713,81.4102
1714,71.0741
1715,77.5149
1716,78.9330
1717,74.8293
1718,77.9292
1719,88.2949
1720,93.6914
1721,96.0261
1722,104.8007
1723,100.4483
1724,95.7800
1725,96.8069
1726,81.9767
1727,75.6978
1728,62.9587
1729,65.6040
1730,61.4188
1731,64.9731
1732,66.6839
1733,66.4457
1734,69.3479
1735,77.5436
1736,76.6815
1737,82.9019
1738,83.8133
1739,74.7421
1740,74.8130
1741,77.1760
1742,81.8435
1743,86.2853
1744,95.7349
1745,97.4669
1746,108.0779
1747,101.5826
1748,96.6950
1749,95.4175
1750,87.9780
1751,74.7946
1752,66.3186
1753,60.8695
1754,67.1207
1755,65.2655
1756,66.6437
1757,67.4022
1758,73.9369
1759,77.8750
1760,77.8554
1761,80.2868
1762,78.3638
1763,78.9551
1764,77.4744
1765,77.9718
1766,77.7663
1767,83.1387
1768,95.7934
1769,102.3734
1770,99.7150
1771,105.0672
1772,97.1893
1773,93.6465
1774,83.0960
1775,79.5848
1776,65.7606
1777,61.1498
1778,64.2145
1779,67.9726
1780,67.1127
1781,70.9937
1782,72.1565
1783,76.7974
1784,77.9483
1785,75.9666
1786,85.2851
1787,79.0388
1788,75.8647
1789,78.6371
1790,80.2368
1791,85.3769
1792,91.1744
1793,92.7468
1794,101.7014
1795,101.8854
1796,98.2092
1797,87.8445
1798,83.2654
1799,77.1415
1800,59.5299
1801,58.2327
1802,59.4173
1803,58.4145
1804,61.5134
1805,61.6903
1806,69.9055
1807,69.1003
1808,71.5537
1809,72.5773
1810,74.4573
1811,70.6351
1812,68.1404
1813,69.7859
1814,73.8494
1815,76.5206
1816,87.4385
1817,90.9611
1818,95.0714
1819,89.0410
1820,93.5901
1821,86.4300
1822,76.9219
1823,66.5449
1824,57.7054
1825,59.2805
1826,61.8857
1827,58.9233
1828,60.8595
1829,62.9145
1830,65.0675
1831,70.9875
1832,74.1650
1833,76.9207
1834,70.9478
1835,69.2680
1836,67.4763
1837,67.5446
1838,70.9041
1839,78.6655
1840,85.1875
1841,89.0294
1842,93.4480
1843,97.0843
1844,88.8954
1845,81.4661
1846,77.4844
1847,70.3054
1848,66.8134
1849,65.0738
1850,65.1831
1851,65.5361
1852,70.9067
1853,72.9960
1854,72.1364
1855,74.9141
1856,79.6877
1857,84.9016
1858,86.1090
1859,83.1796
1860,79.3874
1861,72.9351
1862,83.2447
1863,87.0378
1864,95.5793
1865,100.9435
1866,103.4781
1867,107.7794
1868,96.3598
1869,93.1910
1870,86.8030
1871,73.7007
1872,62.6676
1873,65.8476
1874,66.9445
1875,65.0615
1876,67.3498
1877,69.1156
1878,70.9381
1879,78.7455
1880,83.9225
1881,85.5267
1882,80.8763
1883,79.3932
1884,76.5001
1885,75.1140
1886,80.4198
1887,86.7875
1888,94.8384
1889,97.8844
1890,101.2102
1891,105.0193
1892,101.7588
1893,98.9384
1894,87.4271
1895,80.8383
1896,64.7031
1897,63.8441
1898,66.5338
1899,65.1568
1900,69.9020
1901,73.6068
1902,77.2209
1903,76.1831
1904,86.6184
1905,86.4442
1906,84.3628
1907,77.8102
1908,79.2297
1909,81.0661
1910,80.4187
1911,86.1576
1912,96.2020
1913,101.1475
1914,104.9645
1915,105.0492
1916,100.7831
1917,93.9128
1918,82.7953
1919,81.1875
1920,65.1414
1921,69.5332
1922,66.4151
1923,68.2819
1924,67.8747
1925,68.3007
1926,74.2640
1927,82.7067
1928,83.0989
1929,80.2431
1930,87.1093
1931,81.5158
1932,79.4705
1933,77.4222
1934,79.4077
1935,87.1251
1936,98.2824
1937,103.5200
1938,106.7376
1939,108.1568
1940,98.8107
1941,92.0568
1942,88.0904
1943,80.5558
1944,66.6519
1945,68.9901
1946,67.9642
1947,68.7213
1948,65.3770
1949,70.7746
1950,76.5216
1951,77.4360
1952,83.1997
1953,83.3933
1954,88.1624
1955,80.2576
1956,78.0883
1957,82.0704
1958,80.3775
1959,91.4843
1960,95.3203
1961,107.2123
1962,99.5395
1963,101.9750
1964,103.6011
1965,97.3438
1966,83.7065
1967,76.8431
1968,61.6299
1969,60.8966
1970,59.8354
1971,57.8451
1972,62.2822
1973,67.1148
1974,65.7308
1975,71.6240
1976,71.1138
1977,74.7185
1978,74.7667
1979,70.6559
1980,74.2956
1981,68.5062
1982,73.7554
1983,78.4189
1984,85.8481
1985,92.8939
1986,96.1978
1987,96.3119
1988,87.1435
1989,87.3371
1990,80.6972
1991,70.3244
1992,62.5986
1993,60.3861
1994,59.6113
1995,59.4840
1996,64.3501
1997,65.4959
1998,67.4290
1999,73.6652
2000,73.2588
2001,75.1610
2002,74.9029
2003,72.5441
2004,72.2103
2005,71.1103
2006,70.5188
2007,79.2057
2008,88.1227
2009,89.7358
2010,99.9642
2011,96.3818
2012,89.5177
2013,81.7510
2014,78.2203
2015,71.9427
2016,67.2988
2017,64.3701
2018,63.6969
2019,67.2592
2020,67.8802
2021,74.0685
2022,72.1697
2023,85.2710
2024,80.7608
2025,83.6441
2026,77.9599
2027,76.6020
2028,80.4840
2029,84.5634
2030,79.7438
2031,93.8733
2032,94.4680
2033,104.2733
2034,110.6542
2035,106.5716
2036,105.0250
2037,99.9087
2038,87.8867
2039,78.5555
2040,68.7947
2041,68.6562
2042,67.5466
2043,66.0251
2044,69.7518
2045,69.1503
2046,75.7691
2047,78.1473
2048,85.4060
2049,81.2082
2050,85.6508
2051,83.5128
2052,78.2454
2053,83.3336
2054,82.8308
2055,84.5875
2056,94.8659
2057,102.6959
2058,110.2095
2059,100.9037
2060,106.6388
2061,95.5546
2062,91.8234
2063,85.3205
2064,69.2291
2065,65.0544
2066,66.0398
2067,69.5231
2068,68.7134
2069,68.8624
2070,76.3899
2071,78.8511
2072,84.0175
2073,86.9091
2074,86.7121
2075,82.2730
2076,83.1372
2077,81.0889
2078,81.7688
2079,91.5552
2080,98.4874
2081,107.5554
2082,108.8950
2083,106.6531
2084,104.4859
2085,95.6202
2086,88.6183
2087,83.9717
2088,71.8667
2089,70.1099
2090,67.3352
2091,68.2682
2092,70.9727
2093,73.3664
2094,73.5079
2095,75.0293
2096,82.6911
2097,82.8207
2098,82.4024
2099,78.5196
2100,79.2883
2101,80.3149
2102,84.8590
2103,90.8976
2104,97.8393
2105,103.7952
2106,104.0492
2107,113.7551
2108,102.3424
2109,94.7623
2110,87.4431
2111,83.8128
2112,67.6649
2113,65.8573
2114,67.1745
2115,67.4920
2116,73.0114
2117,71.9593
2118,74.9642
2119,80.0377
2120,80.5475
2121,86.6844
2122,82.7047
2123,87.0344
2124,79.8801
2125,84.4041
2126,82.1557
2127,85.8187
2128,97.2820
2129,106.0696
2130,112.4549
2131,111.8630
2132,108.4284
2133,99.4046
2134,85.9546
2135,83.3296
2136,60.4380
2137,60.3994
2138,60.5313
2139,63.9903
2140,61.9560
2141,63.1834
2142,70.8750
2143,71.7695
2144,74.4222
2145,80.8865
2146,73.2247
2147,74.6036
2148,68.8263
2149,72.6685
2150,76.6417
2151,83.3608
2152,87.8424
2153,95.3555
2154,102.0304
2155,95.4313
2156,93.0413
2157,84.9807
2158,81.3225
2159,74.5293
2160,58.4691
2161,61.6097
2162,60.8290
2163,60.5754
2164,63.8549
2165,63.5047
2166,70.5031
2167,75.8266
2168,75.4231
2169,73.9010
2170,76.1906
2171,75.3691
2172,75.2054
2173,72.5227
2174,78.5178
2175,81.6094
2176,87.2062
2177,93.6208
2178,99.9915
2179,101.3906
2180,95.9542
2181,90.5523
2182,81.6443
2183,71.0662
2184,70.5886
2185,72.6744
2186,69.8045
2187,67.0781
2188,74.0722
2189,71.7701
2190,78.5344
2191,83.3776
2192,87.1173
2193,87.4758
2194,82.0686
2195,81.4891
2196,81.0828
2197,78.8777
2198,87.5357
2199,86.1461
2200,93.9471
2201,103.2677
2202,107.3976
2203,110.2596
2204,109.0154
2205,96.1764
2206,91.0702
2207,81.6718
2208,68.5035
2209,68.5601
2210,71.3790
2211,69.8679
2212,70.8362
2213,74.9285
2214,79.2777
2215,86.0573
2216,85.4888
2217,87.1555
2218,82.3405
2219,77.7718
2220,84.3711
2221,80.8664
2222,89.9800
2223,86.1506
2224,105.4715
2225,105.1595
2226,109.7233
2227,115.6021
2228,107.4468
2229,96.0433
2230,92.2123
2231,81.8505
2232,64.9283
2233,70.7755
2234,70.8089
2235,70.2223
2236,74.0810
2237,72.1201
2238,77.7427
2239,84.1111
2240,84.0430
2241,87.6305
2242,89.2706
2243,82.9865
2244,81.4444
2245,84.8578
2246,88.8523
2247,91.7451
2248,97.0755
2249,109.7751
2250,112.3538
2251,112.0807
2252,103.4381
2253,99.0141
2254,90.3022
2255,82.2755
2256,68.1090
2257,71.7412
2258,69.1733
2259,65.4845
2260,70.5720
2261,76.7080
2262,78.8128
2263,83.5446
2264,86.3029
2265,85.5974
2266,87.5584
2267,86.2370
2268,82.5602
2269,84.4330
2270,86.3153
2271,90.3221
2272,102.8706
2273,109.6789
2274,115.0590
2275,112.6580
2276,111.6395
2277,102.7889
2278,91.2101
2279,83.4191
2280,69.4914
2281,69.8361
2282,68.9205
2283,69.7994
2284,71.5550
2285,74.6076
2286,76.7857
2287,83.9938
2288,85.2851
2289,87.7559
2290,87.9323
2291,84.8595
2292,82.2154
2293,83.7941
2294,93.2888
2295,85.7258
2296,99.1986
2297,108.0837
2298,112.3534
2299,107.1847
2300,110.5867
2301,98.4711
2302,87.6462
2303,84.2091
2304,60.0653
2305,62.6531
2306,63.3257
2307,61.4672
2308,63.2799
2309,70.2386
2310,73.3884
2311,72.2337
2312,81.0719
2313,76.4511
2314,80.1884
2315,77.5675
2316,73.1007
2317,71.5190
2318,76.8403
2319,83.2890
2320,90.0897
2321,98.3273
2322,101.6304
2323,104.3511
2324,95.6465
2325,90.8161
2326,77.5803
2327,76.0464
2328,66.5826
2329,62.8105
2330,61.1006
2331,66.9943
2332,64.5989
2333,63.5171
2334,65.7035
2335,76.6479
2336,83.7775
2337,83.8870
2338,77.9838
2339,76.0294
2340,75.1082
2341,72.2529
2342,76.0904
2343,84.5457
2344,91.5090
2345,101.7444
2346,102.1609
2347,100.2067
2348,98.9355
2349,93.5811
2350,89.8721
2351,75.4379
2352,69.6990
2353,70.2799
2354,66.4630
2355,72.2862
2356,74.2511
2357,79.1657
2358,79.0192
2359,83.7702
2360,91.7344
2361,89.2937
2362,87.0135
2363,86.1462
2364,86.2799
2365,81.7244
2366,89.0939
2367,91.7370
2368,101.9482
2369,102.3980
2370,109.3652
2371,113.2118
2372,107.5968
2373,97.2180
2374,97.4967
2375,86.8075
2376,71.2912
2377,72.8181
2378,70.1022
2379,68.0463
2380,70.6464
2381,75.6354
2382,79.4711
2383,85.4162
2384,88.9198
2385,86.4435
2386,90.7808
2387,84.5318
2388,81.8733
2389,84.4717
2390,89.4998
2391,90.6610
2392,101.5597
2393,111.8371
2394,112.0305
2395,109.2442
2396,107.4879
2397,103.0629
2398,93.1512
2399,85.6265
2400,70.7658
2401,67.9278
2402,70.4853
2403,70.8507
2404,76.1114
2405,77.8562
2406,82.6514
2407,81.7292
2408,85.0425
2409,87.4044
2410,86.4746
2411,84.8995
2412,84.3049
2413,82.5197
2414,82.7120
2415,94.0561
2416,105.0126
2417,109.1598
2418,110.6574
2419,114.5520
2420,106.0178
2421,105.1779
2422,92.9925
2423,90.4801
2424,71.0121
2425,73.6625
2426,73.9464
2427,74.1329
2428,79.0300
2429,77.9897
2430,82.0162
2431,83.8552
2432,90.0172
2433,88.6073
2434,93.6675
2435,85.9338
2436,80.2439
2437,84.4373
2438,85.0223
2439,97.3511
2440,103.1123
2441,115.5894
2442,115.1336
2443,117.6806
2444,108.7359
2445,97.3873
2446,92.8655
2447,80.6219
2448,74.2711
2449,69.0094
2450,73.1283
2451,69.3228
2452,71.7113
2453,77.1089
2454,80.5398
2455,81.2217
2456,88.3118
2457,89.7846
2458,90.3950
2459,86.9363
2460,82.6042
2461,83.0842
2462,86.8122
2463,93.8737
2464,103.0342
2465,116.7708
2466,111.7377
2467,121.3517
2468,109.7154
2469,98.6390
2470,93.1870
2471,84.9982
2472,64.1290
2473,63.1757
2474,61.4138
2475,66.1236
2476,66.1044
2477,70.8882
2478,66.4367
2479,77.7214
2480,81.2005
2481,83.4026
2482,79.9386
2483,80.4057
2484,75.3773
2485,75.2318
2486,76.0321
2487,81.8737
2488,89.2949
2489,98.6619
2490,99.2823
2491,101.8940
2492,100.2429
2493,93.3687
2494,84.9498
2495,75.1129
2496,64.9407
2497,64.0314
2498,65.1068
2499,67.5754
2500,65.9559
2501,69.0434
2502,71.6140
2503,78.6399
2504,80.3504
2505,76.5794
2506,79.0353
2507,79.9937
2508,76.3556
2509,76.0620
2510,78.7412
2511,84.5616
2512,93.5537
2513,103.8149
2514,106.7698
2515,99.2991
2516,100.5640
2517,93.3349
2518,89.2360
2519,76.5053
2520,70.7624
2521,73.2375
2522,73.9416
2523,71.3587
2524,76.0628
2525,77.9500
2526,76.7510
2527,89.7715
2528,88.9338
2529,93.1133
2530,88.0696
2531,86.1154
2532,85.6742
2533,84.9313
2534,91.9946
2535,91.9600
2536,102.2022
2537,110.9908
2538,110.1678
2539,114.1142
2540,112.2500
2541,106.3140
2542,98.0694
2543,87.5118
2544,73.4537
2545,69.7186
2546,71.7951
2547,71.2404
2548,73.7635
2549,76.8908
2550,81.0001
2551,85.4704
2552,87.6491
2553,93.6100
2554,87.7422
2555,87.5734
2556,81.6831
2557,93.0748
2558,86.6570
2559,98.5517
2560,100.3745
2561,110.4758
2562,123.3146
2563,118.0285
2564,113.5264
2565,102.8640
2566,93.0915
2567,81.3331
2568,71.9190
2569,72.7755
2570,70.6721
2571,70.6027
2572,76.0114
2573,82.5215
2574,76.9057
2575,84.6517
2576,93.0759
2577,90.1835
2578,88.6706
2579,86.1068
2580,89.6802
2581,88.1409
2582,87.0636
2583,103.1445
2584,106.5579
2585,118.5222
2586,109.3674
2587,120.5825
2588,115.7005
2589,103.9252
2590,97.6174
2591,89.5034
2592,71.0278
2593,69.9863
2594,71.5342
2595,75.1671
2596,77.4682
2597,78.1976
2598,82.9436
2599,83.6187
2600,93.0951
2601,90.9341
2602,91.5339
2603,90.1967
2604,86.7131
2605,86.4869
2606,89.8537
2607,95.8750
2608,102.0425
2609,116.0202
2610,112.1471
2611,121.8104
2612,111.2474
2613,102.7641
2614,99.6081
2615,87.2587
2616,71.7738
2617,73.7925
2618,76.5058
2619,78.3978
2620,73.5960
2621,79.4961
2622,83.1199
2623,84.1151
2624,91.7042
2625,92.0183
2626,87.3135
2627,88.1598
2628,91.9096
2629,83.7245
2630,91.9572
2631,94.5804
2632,108.0833
2633,116.0081
2634,115.2202
2635,112.7875
2636,114.6568
2637,102.1658
2638,98.0737
2639,87.9562
2640,65.9492
2641,69.3002
2642,68.7820
2643,68.8038
2644,70.5592
2645,68.7067
2646,77.5628
2647,77.4051
2648,80.1507
2649,81.5102
2650,86.9362
2651,82.9369
2652,78.5872
2653,81.1078
2654,82.2540
2655,82.6885
2656,93.2236
2657,101.8410
2658,105.4048
2659,107.1693
2660,101.7292
2661,92.5557
2662,89.6839
2663,76.2022
2664,66.3912
2665,65.4573
2666,67.1899
2667,67.2022
2668,70.2358
2669,71.1329
2670,78.3281
2671,76.0052
2672,84.4596
2673,78.5871
2674,85.1751
2675,76.3120
2676,76.5345
2677,78.3830
2678,82.4039
2679,81.6966
2680,95.1299
2681,108.8079
2682,106.4236
2683,109.0533
2684,106.0974
2685,96.0930
2686,84.9638
2687,78.7654
2688,75.7247
2689,78.2268
2690,79.5425
2691,71.3474
2692,73.5516
2693,78.0233
2694,84.4012
2695,87.4830
2696,88.8268
2697,91.8800
2698,97.0751
2699,91.2456
2700,88.5731
2701,87.2201
2702,90.5886
2703,104.4133
2704,111.9221
2705,115.0953
2706,113.0203
2707,119.2087
2708,115.8572
2709,107.1134
2710,94.5176
2711,91.2783
2712,70.5585
2713,73.5848
2714,74.9979
2715,76.3300
2716,78.3708
2717,76.6421
2718,85.0041
2719,89.3806
2720,90.3215
2721,93.0346
2722,93.8422
2723,86.5926
2724,87.3846
2725,86.7586
2726,92.5422
2727,99.1938
2728,104.2044
2729,117.6566
2730,120.0179
2731,122.7994
2732,111.8944
2733,106.6084
2734,96.4710
2735,84.6639
2736,72.7501
2737,74.7636
2738,72.2884
2739,78.2362
2740,76.2902
2741,76.3402
2742,84.2406
2743,89.2634
2744,93.6481
2745,94.7689
2746,90.0342
2747,88.4513
2748,90.4161
2749,84.8585
2750,90.1612
2751,96.0154
2752,109.8332
2753,108.1120
2754,119.0970
2755,118.8354
2756,113.8553
2757,112.9925
2758,101.6064
2759,84.1547
2760,75.1279
2761,71.7317
2762,76.6645
2763,78.8471
2764,77.9167
2765,80.1011
2766,83.4559
2767,85.0192
2768,91.8587
2769,94.5240
2770,91.7121
2771,86.9163
2772,90.0240
2773,88.2452
2774,94.3739
2775,96.1459
2776,108.3026
2777,119.0427
2778,130.1223
2779,120.3242
2780,119.7252
2781,102.6822
2782,99.5027
2783,90.1439
2784,75.7739
2785,76.7198
2786,73.0761
2787,74.6942
2788,73.8120
2789,81.1463
2790,87.2968
2791,88.8763
2792,96.7787
2793,91.3484
2794,92.8707
2795,89.6363
2796,86.9427
2797,89.1888
2798,88.0052
2799,99.7460
2800,102.8575
2801,116.5479
2802,120.3995
2803,120.1875
2804,112.6354
2805,109.3217
2806,97.2861
2807,87.2596
2808,68.9854
2809,67.4021
2810,70.8913
2811,68.4382
2812,72.8997
2813,70.9041
2814,76.0121
2815,80.5711
2816,82.1993
2817,86.2600
2818,83.1957
2819,79.6252
2820,81.2482
2821,78.6306
2822,85.1131
2823,91.5010
2824,97.3927
2825,102.6635
2826,104.4955
2827,107.6182
2828,108.3780
2829,98.7919
2830,87.1694
2831,78.6521
2832,66.5447
2833,67.0554
2834,67.1611
2835,72.4793
2836,69.0311
2837,73.2827
2838,71.9543
2839,80.0487
2840,84.7860
2841,82.8008
2842,79.9275
2843,83.3033
2844,80.1805
2845,79.2030
2846,83.9863
2847,88.8892
2848,99.6636
2849,102.1606
2850,109.2182
2851,105.7802
2852,109.3590
2853,99.8463
2854,86.1693
2855,75.9286
2856,78.9417
2857,72.2709
2858,74.8282
2859,76.0138
2860,74.7124
2861,81.0686
2862,85.3796
2863,87.7023
2864,95.1527
2865,97.3432
2866,98.4870
2867,95.3789
2868,89.6530
2869,90.9610
2870,94.2682
2871,100.7135
2872,109.4038
2873,115.4164
2874,112.9145
2875,122.8125
2876,118.6733
2877,105.9014
2878,103.2656
2879,90.4758
2880,79.9484
2881,78.9298
2882,79.3211
2883,80.9957
2884,79.5994
2885,85.4457
2886,90.5021
2887,94.5316
2888,100.9761
2889,95.1797
2890,92.8749
2891,91.8601
2892,87.3190
2893,89.6434
2894,91.2764
2895,102.3699
2896,106.0516
2897,113.7923
2898,115.9776
2899,121.7670
2900,117.8080
2901,111.0751
2902,95.0794
2903,92.1969
2904,74.1817
2905,75.7508
2906,77.4575
2907,76.1311
2908,78.8401
2909,80.5719
2910,86.7913
2911,93.1528
2912,95.1806
2913,96.0650
2914,92.3484
2915,95.0018
2916,86.4674
2917,90.6773
2918,92.1452
2919,101.1799
2920,108.6931
2921,121.0132
2922,119.0655
2923,119.6966
2924,122.8009
2925,107.9846
2926,93.2478
2927,92.3553
2928,76.6665
2929,74.1150
2930,78.2207
2931,78.5391
2932,81.0408
2933,85.3799
2934,83.8227
2935,94.6365
2936,98.9527
2937,98.4968
2938,100.6076
2939,89.5684
2940,92.7915
2941,92.9491
2942,95.9315
2943,104.7892
2944,106.8543
2945,116.3165
2946,124.3232
2947,125.8242
2948,114.9321
2949,105.5692
2950,102.0660
2951,89.9826
2952,80.5248
2953,74.9191
2954,78.1713
2955,75.6161
2956,79.5753
2957,80.3094
2958,89.6921
2959,91.8554
2960,94.1800
2961,96.5844
2962,97.6367
2963,91.1781
2964,88.8409
2965,88.3598
2966,98.3217
2967,98.1940
2968,109.2082
2969,116.6627
2970,123.3547
2971,122.5364
2972,122.3273
2973,106.6338
2974,103.2957
2975,92.2242
2976,70.0035
2977,68.8524
2978,70.0007
2979,69.3579
2980,73.1524
2981,70.2244
2982,76.6824
2983,84.2723
2984,83.7020
2985,83.4625
2986,86.2918
2987,84.1799
2988,82.3457
2989,81.9373
2990,84.8089
2991,93.0241
2992,98.9535
2993,105.6872
2994,113.7411
2995,114.4224
2996,107.6375
2997,98.1688
2998,91.7608
2999,79.3674
3000,69.0022
3001,69.4418
3002,68.8339
3003,67.0507
3004,72.1221
3005,73.4482
3006,83.0047
3007,84.3585
3008,88.6624
3009,85.3186
3010,89.9613
3011,82.8825
3012,82.9166
3013,84.0394
3014,84.3714
3015,91.3288
3016,100.5753
3017,103.4845
3018,110.7356
3019,114.6560
3020,103.4265
3021,94.6260
3022,91.6170
3023,86.9263
3024,78.0726
3025,76.2143
3026,77.1329
3027,82.2201
3028,80.7523
3029,84.8609
3030,89.4411
3031,90.2391
3032,95.4762
3033,99.2775
3034,97.8905
3035,95.9326
3036,94.7025
3037,96.0389
3038,92.4086
3039,105.9785
3040,111.7915
3041,122.0991
3042,126.8185
3043,125.1415
3044,112.8709
3045,109.4780
3046,102.1498
3047,97.1678
3048,72.1028
3049,75.8012
3050,73.7370
3051,78.6876
3052,79.9284
3053,83.2811
3054,86.0420
3055,90.2511
3056,96.8593
3057,93.6211
3058,97.4638
3059,98.9905
3060,96.5082
3061,89.2956
3062,93.1347
3063,103.0396
3064,114.0933
3065,117.3697
3066,121.1162
3067,125.1806
3068,121.5038
3069,104.5690
3070,99.9884
3071,96.6847
3072,78.5431
3073,78.9776
3074,79.0512
3075,79.4751
3076,80.6685
3077,86.2614
3078,89.0096
3079,92.2446
3080,101.1883
3081,95.0347
3082,92.9563
3083,95.2626
3084,95.2302
3085,94.1665
3086,97.2860
3087,107.1068
3088,107.9280
3089,116.4921
3090,127.6761
3091,125.8367
3092,116.8638
3093,112.4272
3094,99.5155
3095,91.1428
3096,80.1860
3097,74.0649
3098,75.9097
3099,78.0861
3100,84.0787
3101,82.7221
3102,88.6400
3103,94.8600
3104,98.2034
3105,98.4845
3106,98.2945
3107,94.5866
3108,94.4842
3109,91.6628
3110,96.2386
3111,103.3393
3112,117.0055
3113,124.1125
3114,121.2931
3115,121.9930
3116,120.9492
3117,116.7943
3118,102.2409
3119,94.3018
3120,81.0792
3121,78.7089
3122,79.0814
3123,80.6611
3124,80.5039
3125,86.0328
3126,92.3860
3127,92.4059
3128,98.6812
3129,97.3592
3130,96.8913
3131,90.4042
3132,93.7434
3133,94.6690
3134,96.9282
3135,103.6282
3136,110.7467
3137,128.8267
3138,113.1919
3139,124.7240
3140,114.0746
3141,116.5448
3142,98.3040
3143,95.5306
3144,73.8615
3145,72.2650
3146,74.3761
3147,67.0257
3148,71.2304
3149,74.8811
3150,74.8215
3151,82.0574
3152,85.9395
3153,89.6032
3154,87.0378
3155,86.3222
3156,85.7945
3157,86.5608
3158,87.4128
3159,93.0416
3160,94.2428
3161,107.4511
3162,113.8679
3163,105.9566
3164,109.6997
3165,102.3495
3166,86.5957
3167,84.0095
3168,69.8443
3169,69.5589
3170,72.9236
3171,73.2843
3172,75.3999
3173,75.6280
3174,75.2630
3175,86.4006
3176,88.7315
3177,87.7232
3178,88.8151
3179,81.1593
3180,87.5946
3181,86.3842
3182,89.1246
3183,90.7672
3184,103.3609
3185,111.0694
3186,113.9662
3187,108.1805
3188,106.5396
3189,105.9063
3190,89.8071
3191,84.0848
3192,79.9301
3193,79.0884
3194,78.8829
3195,75.3610
3196,81.1948
3197,87.5639
3198,92.8907
3199,92.4895
3200,99.3193
3201,101.3825
3202,101.1367
3203,98.6497
3204,92.4862
3205,92.0829
3206,100.4145
3207,100.6677
3208,113.6621
3209,119.1199
3210,130.1642
3211,124.8731
3212,120.8452
3213,110.6004
3214,98.8653
3215,86.5174
3216,80.1811
3217,80.6029
3218,78.0728
3219,78.4773
3220,82.3540
3221,83.9747
3222,90.5989
3223,95.2740
3224,102.0721
3225,98.3494
3226,99.8819
3227,96.6422
3228,95.5842
3229,94.6324
3230,98.0918
3231,105.0341
3232,115.2332
3233,123.3321
3234,122.5098
3235,125.6288
3236,126.3345
3237,112.9274
3238,106.2114
3239,95.5192
3240,80.1004
3241,81.7112
3242,77.3421
3243,82.9411
3244,79.5393
3245,86.5202
3246,85.5668
3247,95.0710
3248,103.8056
3249,100.5238
3250,102.6766
3251,97.4726
3252,97.3316
3253,98.5752
3254,99.1715
3255,113.6145
3256,118.6698
3257,120.2305
3258,126.8701
3259,123.6270
3260,123.5770
3261,119.7345
3262,102.2793
3263,92.6666
3264,81.0154
3265,82.1975
3266,78.4411
3267,80.7698
3268,82.0870
3269,81.7694
3270,91.3952
3271,92.5501
3272,99.0914
3273,101.1631
3274,98.5836
3275,96.0320
3276,95.6815
3277,96.6837
3278,100.9969
3279,103.2759
3280,117.5509
3281,123.1477
3282,129.0469
3283,131.9835
3284,120.6137
3285,118.1409
3286,99.2071
3287,96.4243
3288,78.2214
3289,78.4260
3290,82.3788
3291,84.0504
3292,83.0819
3293,86.6598
3294,91.2831
3295,96.3915
3296,101.9651
3297,99.6529
3298,101.0501
3299,91.7389
3300,92.7140
3301,98.1759
3302,100.3941
3303,101.1643
3304,111.9507
3305,123.7944
3306,132.2111
3307,131.8566
3308,124.0472
3309,114.0267
3310,107.4992
3311,99.8728
3312,75.2336
3313,71.1517
3314,69.2573
3315,76.0380
3316,73.7180
3317,78.1720
3318,81.4690
3319,86.7808
3320,90.2318
3321,91.9304
3322,85.1608
3323,85.9998
3324,83.1923
3325,84.3841
3326,92.7528
3327,96.3213
3328,102.8595
3329,111.7802
3330,115.2056
3331,121.1528
3332,113.2880
3333,105.5593
3334,93.9985
3335,85.7533
3336,71.3316
3337,76.6226
3338,73.5570
3339,71.5248
3340,74.8481
3341,80.8069
3342,79.1571
3343,88.5068
3344,92.9809
3345,92.6867
3346,90.5743
3347,88.4588
3348,86.3647
3349,82.2826
3350,89.5846
3351,92.5958
3352,102.3395
3353,114.8717
3354,119.3360
3355,115.8490
3356,111.3254
3357,103.6171
3358,91.5951
3359,89.1767
3360,78.6946
3361,77.3610
3362,77.8646
3363,82.3091
3364,82.3062
3365,85.8119
3366,86.9315
3367,89.2893
3368,102.7306
3369,100.2297
3370,97.4447
3371,101.9426
3372,94.9574
3373,97.9472
3374,95.9656
3375,106.8797
3376,117.1250
3377,122.7313
3378,127.2438
3379,131.0859
3380,122.1753
3381,111.6867
3382,107.2617
3383,99.4952
3384,83.3539
3385,80.1641
3386,80.8438
3387,79.8398
3388,85.8884
3389,86.7606
3390,90.0319
3391,97.3665
3392,98.4415
3393,102.4413
3394,98.0894
3395,94.9665
3396,99.2232
3397,101.3949
3398,93.3315
3399,109.6972
3400,110.1166
3401,127.7651
3402,131.2380
3403,125.7206
3404,121.3832
3405,119.8193
3406,102.8349
3407,97.5795
3408,78.3134
3409,78.5349
3410,86.2021
3411,84.7596
3412,81.8131
3413,89.1247
3414,89.2719
3415,92.4824
3416,102.6255
3417,96.3561
3418,101.0273
3419,99.3767
3420,99.6249
3421,92.6462
3422,94.4972
3423,103.9982
3424,111.1934
3425,129.5489
3426,127.8456
3427,125.6679
3428,120.6453
3429,121.2529
3430,106.8624
3431,98.4683
3432,78.4653
3433,84.9971
3434,80.5943
3435,82.2625
3436,85.2266
3437,86.9015
3438,86.4464
3439,96.1494
3440,100.6541
3441,105.3952
3442,100.8339
3443,101.5491
3444,95.1692
3445,99.8406
3446,100.3292
3447,109.3806
3448,118.8584
3449,120.4682
3450,129.4155
3451,126.2583
3452,120.4489
3453,114.2414
3454,105.1584
3455,99.6953
3456,83.2450
3457,83.6316
3458,79.8813
3459,82.2710
3460,82.9672
3461,85.8870
3462,90.8161
3463,90.9388
3464,99.8448
3465,97.5507
3466,98.3415
3467,100.4869
3468,103.2145
3469,98.5201
3470,99.2950
3471,107.4166
3472,115.5830
3473,127.8072
3474,133.5593
3475,129.8758
3476,125.9131
3477,115.3071
3478,107.6750
3479,96.7047
3480,74.9050
3481,72.7916
3482,77.6843
3483,73.9766
3484,74.5106
3485,79.4400
3486,81.0512
3487,87.2986
3488,89.8745
3489,91.9910
3490,93.4659
3491,90.4771
3492,83.4525
3493,87.2133
3494,95.5380
3495,95.1268
3496,109.8391
3497,111.9738
3498,118.1201
3499,122.2768
3500,112.3264
3501,106.4021
3502,93.4298
3503,87.3893
3504,69.4213
3505,76.3592
3506,74.0298
3507,75.7668
3508,77.6325
3509,79.1634
3510,83.7164
3511,87.5631
3512,87.9960
3513,91.6210
3514,97.2059
3515,90.9000
3516,85.9279
3517,90.0989
3518,90.7764
3519,97.2557
3520,106.7625
3521,115.3337
3522,124.0694
3523,121.1090
3524,111.8491
3525,106.2255
3526,99.5881
3527,85.9309
3528,76.8359
3529,80.7167
3530,76.7393
3531,87.1328
3532,82.0231
3533,84.3463
3534,92.3901
3535,93.4563
3536,100.3825
3537,102.4001
3538,104.2704
3539,107.3496
3540,101.4998
3541,93.4569
3542,98.6791
3543,110.3690
3544,116.9908
3545,122.0225
3546,125.1863
3547,137.1252
3548,120.8149
3549,117.6739
3550,108.9432
3551,102.0187
3552,86.2754
3553,80.3207
3554,81.3243
3555,82.3050
3556,84.2685
3557,89.2563
3558,92.2876
3559,93.5408
3560,99.7093
3561,103.6579
3562,102.2479
3563,95.6877
3564,100.3313
3565,95.2351
3566,105.8941
3567,108.6493
3568,122.1197
3569,126.4559
3570,129.2595
3571,134.4993
3572,129.0584
3573,120.5257
3574,99.4115
3575,99.3960
3576,81.6360
3577,85.4287
3578,81.3557
3579,82.2662
3580,84.8496
3581,87.4580
3582,93.0999
3583,97.8266
3584,102.2028
3585,104.8990
3586,103.5837
3587,102.7937
3588,99.5484
3589,101.8927
3590,101.8775
3591,104.4444
3592,118.2838
3593,124.7745
3594,133.7034
3595,136.9889
3596,124.2801
3597,117.3226
3598,113.1288
3599,93.9232
3600,84.0189
3601,85.1479
3602,84.5461
3603,83.4682
3604,84.2507
3605,82.8399
3606,96.6224
3607,99.1433
3608,100.3387
3609,110.4119
3610,100.9280
3611,102.8178
3612,99.3375
3613,101.6064
3614,103.2872
3615,109.7829
3616,114.2341
3617,124.1281
3618,131.2474
3619,134.5621
3620,128.6654
3621,113.0053
3622,105.9378
3623,99.6246
3624,85.5466
3625,81.1044
3626,77.7185
3627,85.6838
3628,87.2214
3629,89.6623
3630,94.7179
3631,96.1270
3632,104.1733
3633,106.8809
3634,100.2079
3635,103.5383
3636,100.8366
3637,96.4747
3638,102.0116
3639,103.2260
3640,124.0098
3641,131.1970
3642,129.6983
3643,129.3140
3644,127.0830
3645,120.1615
3646,107.0199
3647,104.8716
3648,78.0695
3649,77.1240
3650,80.9937
3651,78.0158
3652,82.1518
3653,77.4129
3654,88.5761
3655,89.7797
3656,93.4793
3657,91.5210
3658,95.8555
3659,91.5642
3660,88.6177
3661,92.9859
3662,88.9921
3663,99.9763
3664,111.4029
3665,115.6191
3666,123.5781
3667,121.3799
3668,108.9949
3669,110.5619
3670,95.1313
3671,88.5830
3672,76.4047
3673,74.8489
3674,73.6310
3675,77.8374
3676,74.4878
3677,80.3297
3678,81.4409
3679,91.7483
3680,89.9199
3681,92.1187
3682,88.3951
3683,94.2269
3684,85.9271
3685,86.5108
3686,89.6500
3687,100.9709
3688,107.0030
3689,117.8871
3690,114.3907
3691,127.1688
3692,114.3745
3693,114.4069
3694,99.4364
3695,91.4791
3696,82.4342
3697,83.9501
3698,82.4934
3699,86.3278
3700,88.4522
3701,85.0128
3702,92.9217
3703,105.3486
3704,100.9967
3705,103.6983
3706,105.9901
3707,101.2241
3708,95.4649
3709,99.1895
3710,103.0116
3711,112.9299
3712,121.9234
3713,128.4207
3714,131.9897
3715,129.8702
3716,131.6709
3717,114.5406
3718,113.1898
3719,99.9736
3720,85.0944
3721,88.0747
3722,82.9494
3723,79.2519
3724,84.7855
3725,92.3689
3726,88.6512
3727,95.3324
3728,103.8517
3729,105.5418
3730,104.9784
3731,97.9839
3732,100.7712
3733,98.5336
3734,95.7378
3735,105.2569
3736,118.9186
3737,129.2287
3738,132.6477
3739,128.3944
3740,129.2217
3741,126.7051
3742,109.3325
3743,104.2628
3744,83.1890
3745,82.0752
3746,82.1166
3747,84.8633
3748,83.6285
3749,90.5431
3750,100.7170
3751,93.6737
3752,105.0035
3753,110.4624
3754,107.8588
3755,97.3266
3756,99.4839
3757,99.1973
3758,101.9650
3759,112.8393
3760,118.0795
3761,128.0680
3762,127.3332
3763,132.4383
3764,130.8830
3765,125.1155
3766,107.9556
3767,99.0650
3768,84.6391
3769,79.4058
3770,83.1817
3771,83.5267
3772,84.9901
3773,91.1659
3774,92.4792
3775,101.5547
3776,103.1012
3777,106.1078
3778,105.6757
3779,97.6258
3780,101.4693
3781,100.8601
3782,103.2702
3783,112.0198
3784,124.3741
3785,131.5886
3786,139.6673
3787,134.8035
3788,136.1277
3789,115.8248
3790,109.2403
3791,101.7864
3792,84.7815
3793,85.1430
3794,80.0259
3795,83.6837
3796,93.0582
3797,92.2989
3798,96.7549
3799,100.7955
3800,102.2119
3801,107.0403
3802,102.5466
3803,98.9805
3804,99.4248
3805,98.4293
3806,99.6552
3807,110.6831
3808,118.0510
3809,127.8452
3810,137.6854
3811,133.2380
3812,126.2848
3813,125.5803
3814,105.2712
3815,101.9442
3816,76.9482
3817,72.8367
3818,79.2690
3819,75.8166
3820,79.5659
3821,79.7789
3822,82.7717
3823,89.1151
3824,92.6406
3825,96.8066
3826,96.7858
3827,91.9516
3828,94.1114
3829,92.0589
3830,93.2605
3831,96.8230
3832,111.6896
3833,124.4888
3834,122.2922
3835,123.5612
3836,114.1008
3837,103.5284
3838,102.0970
3839,90.7857
3840,76.2926
3841,74.6502
3842,74.1327
3843,72.5925
3844,81.7396
3845,77.3381
3846,88.4986
3847,92.4087
3848,94.3695
3849,97.4003
3850,93.8859
3851,90.5878
3852,89.8317
3853,86.2059
3854,94.2724
3855,107.6454
3856,108.4685
3857,114.4176
3858,115.4253
3859,129.1399
3860,114.2687
3861,109.7462
3862,104.7746
3863,91.2276
3864,84.6867
3865,81.6372
3866,83.4232
3867,85.7400
3868,86.0838
3869,90.7186
3870,92.4689
3871,106.3652
3872,104.1058
3873,106.1014
3874,105.4711
3875,104.3153
3876,95.0419
3877,104.4572
3878,100.4382
3879,105.3822
3880,120.0291
3881,133.6443
3882,145.9857
3883,142.2053
3884,127.8899
3885,125.0250
3886,113.0553
3887,97.9123
3888,84.2903
3889,83.2614
3890,86.9290
3891,85.4916
3892,86.7173
3893,89.8722
3894,96.4133
3895,97.5492
3896,107.1838
3897,112.1106
3898,104.5842
3899,99.7150
3900,103.2552
3901,105.6464
3902,106.3357
3903,110.3488
3904,125.4924
3905,128.9408
3906,133.2085
3907,137.3599
3908,131.6865
3909,121.2287
3910,114.2005
3911,101.0591
3912,83.6433
3913,81.3492
3914,83.0736
3915,88.6004
3916,93.1375
3917,91.8169
3918,96.4451
3919,100.7144
3920,104.9412
3921,104.7941
3922,108.3602
3923,105.4320
3924,98.3027
3925,100.8859
3926,108.0078
3927,108.4540
3928,119.2929
3929,128.6375
3930,142.2227
3931,137.2458
3932,132.9293
3933,120.3914
3934,111.6832
3935,101.4938
3936,86.4813
3937,82.7358
3938,86.4105
3939,81.8531
3940,83.5334
3941,91.9494
3942,95.5165
3943,100.6190
3944,107.6088
3945,107.5778
3946,108.0953
3947,98.8104
3948,100.3476
3949,104.0267
3950,105.3081
3951,115.3180
3952,126.7334
3953,135.2405
3954,140.0350
3955,136.4516
3956,130.0443
3957,127.2849
3958,111.5246
3959,100.5841
3960,85.4469
3961,89.7441
3962,85.6339
3963,84.8971
3964,89.4147
3965,88.2112
3966,94.1388
3967,100.5174
3968,110.3960
3969,106.6999
3970,101.6638
3971,106.2528
3972,102.2467
3973,99.2873
3974,102.9323
3975,118.2338
3976,119.4249
3977,130.0780
3978,144.5880
3979,135.5975
3980,127.8452
3981,116.2427
3982,109.8234
3983,103.1699
3984,75.4295
3985,81.0869
3986,77.7327
3987,79.8888
3988,77.3321
3989,79.8702
3990,87.0566
3991,85.8852
3992,95.9469
3993,98.3188
3994,98.8542
3995,91.5280
3996,87.3175
3997,88.2955
3998,94.3182
3999,105.6696
4000,107.9556
4001,118.9930
4002,122.2982
4003,127.1319
4004,119.4400
4005,107.3708
4006,99.6680
4007,89.3997
4008,75.3102
4009,78.4897
4010,74.4736
4011,79.3826
4012,79.7528
4013,85.9171
4014,84.9359
4015,91.2624
4016,92.7876
4017,95.7991
4018,97.0903
4019,92.0085
4020,88.0959
4021,90.5189
4022,89.7893
4023,101.0052
4024,111.2825
4025,125.1673
4026,130.5913
4027,117.5800
4028,124.6148
4029,107.1212
4030,97.3060
4031,88.7974
4032,84.8294
4033,82.9179
4034,82.8569
4035,88.7241
4036,86.7997
4037,96.0912
4038,97.2680
4039,99.0645
4040,110.7613
4041,104.5661
4042,111.4600
4043,100.5375
4044,105.5301
4045,106.3559
4046,106.6902
4047,107.0501
4048,123.2712
4049,131.5128
4050,131.3060
4051,134.3136
4052,121.7935
4053,125.0214
4054,109.1130
4055,106.5417
4056,87.7645
4057,83.4355
4058,85.0753
4059,88.4665
4060,88.2419
4061,94.2148
4062,94.5822
4063,103.0387
4064,106.4919
4065,107.5610
4066,110.2615
4067,103.3091
4068,97.9762
4069,100.5388
4070,106.4266
4071,111.4006
4072,124.7567
4073,130.7920
4074,137.2265
4075,130.6054
4076,137.3217
4077,126.3178
4078,108.7909
4079,105.5462
4080,85.4840
4081,84.8907
4082,82.9801
4083,90.5778
4084,89.9140
4085,94.1661
4086,94.4550
4087,104.3301
4088,103.9336
4089,102.6193
4090,103.7916
4091,104.5097
4092,106.2706
4093,104.0068
4094,107.4117
4095,114.7063
4096,123.5680
4097,130.6198
4098,137.0659
4099,137.1716
4100,135.9674
4101,128.8072
4102,112.5916
4103,99.8275
4104,84.5458
4105,84.0025
4106,84.4738
4107,87.6372
4108,90.4418
4109,88.6874
4110,96.3029
4111,106.5293
4112,108.7939
4113,111.2195
4114,103.8518
4115,101.1364
4116,104.0943
4117,103.6367
4118,105.0107
4119,108.8690
4120,121.0680
4121,124.8286
4122,137.4811
4123,139.4118
4124,134.8086
4125,121.1065
4126,108.6682
4127,101.0059
4128,83.7545
4129,81.6395
4130,86.7490
4131,92.2376
4132,94.1750
4133,90.6253
4134,93.8880
4135,103.2145
4136,103.9636
4137,106.6926
4138,102.2805
4139,104.3226
4140,99.3496
4141,99.6627
4142,109.1915
4143,107.7124
4144,121.7813
4145,132.5685
4146,140.5520
4147,142.1036
4148,132.8318
4149,123.6809
4150,107.7083
4151,102.9231
4152,77.8895
4153,76.9539
4154,76.6820
4155,75.6446
4156,75.6191
4157,84.0528
4158,91.9848
4159,92.5714
4160,97.6041
4161,97.8815
4162,96.7468
4163,93.4566
4164,90.2225
4165,96.9752
4166,93.9482
4167,98.2964
4168,108.2971
4169,115.4794
4170,127.1622
4171,125.8691
4172,121.3359
4173,117.8663
4174,100.3555
4175,98.5497
4176,77.8321
4177,76.8177
4178,81.5486
4179,75.4695
4180,80.3379
4181,85.9454
4182,90.4979
4183,88.8268
4184,99.2125
4185,99.2384
4186,93.4912
4187,94.7655
4188,92.3375
4189,98.7342
4190,96.8759
4191,105.4897
4192,112.8574
4193,117.3157
4194,125.1411
4195,121.5040
4196,114.3651
4197,113.1770
4198,110.3129
4199,95.3603
4200,86.4618
4201,82.8260
4202,85.7891
4203,86.7611
4204,91.0065
4205,97.7322
4206,100.8949
4207,100.2578
4208,109.4469
4209,108.5236
4210,107.2485
4211,105.7553
4212,101.7910
4213,101.7008
4214,111.7056
4215,115.7278
4216,124.6828
4217,131.4080
4218,138.6701
4219,137.2212
4220,135.0080
4221,125.6334
4222,113.1360
4223,104.9969
4224,86.2643
4225,89.2294
4226,86.1297
4227,87.1656
4228,89.0250
4229,89.7079
4230,98.0968
4231,101.5470
4232,106.7254
4233,109.7569
4234,105.0782
4235,108.3575
4236,101.0846
4237,97.6936
4238,110.4000
4239,115.4608
4240,127.0197
4241,129.1045
4242,140.9295
4243,137.1828
4244,136.5388
4245,130.6878
4246,111.3746
4247,107.2746
4248,81.5066
4249,88.0347
4250,86.2622
4251,89.2954
4252,92.0808
4253,96.2523
4254,94.3938
4255,98.3755
4256,105.1387
4257,107.4193
4258,107.3483
4259,104.9897
4260,98.1762
4261,107.7146
4262,108.2937
4263,112.2491
4264,123.4610
4265,131.8574
4266,137.8404
4267,134.6660
4268,130.4572
4269,116.3974
4270,115.9817
4271,98.5792
4272,88.9773
4273,87.0256
4274,86.4539
4275,85.4126
4276,86.7706
4277,95.5983
4278,94.0402
4279,100.6630
4280,99.0841
4281,106.9088
4282,109.3428
4283,109.3390
4284,106.2907
4285,106.2729
4286,106.7703
4287,110.1918
4288,121.9159
4289,132.1011
4290,134.5868
4291,135.7711
4292,132.6963
4293,126.6233
4294,116.5078
4295,103.8323
4296,86.8138
4297,83.9287
4298,87.1564
4299,90.2435
4300,88.8717
4301,94.9660
4302,96.3501
4303,106.7926
4304,101.2750
4305,113.1291
4306,110.1557
4307,105.2186
4308,100.9494
4309,100.3567
4310,102.1444
4311,114.6158
4312,127.6564
4313,133.3486
4314,143.9376
4315,136.9332
4316,131.0170
4317,124.1012
4318,113.6314
4319,107.6000
4320,76.4850
4321,83.1905
4322,79.3561
4323,78.5455
4324,81.3762
4325,79.9158
4326,91.8039
4327,96.4971
4328,97.1295
4329,103.4543
4330,95.0880
4331,95.5727
4332,88.6841
4333,93.1969
4334,97.9681
4335,103.3516
4336,117.6228
4337,114.5740
4338,121.3937
4339,127.9839
4340,115.1399
4341,113.4578
4342,97.6254
4343,95.9002
4344,80.4194
4345,77.4607
4346,77.0968
4347,79.3154
4348,79.6990
4349,81.9208
4350,87.2574
4351,93.9537
4352,99.9855
4353,104.3978
4354,100.8445
4355,95.6714
4356,95.6612
4357,92.2229
4358,101.3301
4359,106.6945
4360,111.3662
4361,117.7956
4362,119.3062
4363,119.3067
4364,113.3848
4365,112.4857
4366,99.7883
4367,100.6212
4368,88.2087
4369,87.1304
4370,84.8866
4371,87.2635
4372,95.5690
4373,96.2537
4374,96.0451
4375,101.7265
4376,103.5944
4377,105.5316
4378,106.3364
4379,103.8288
4380,107.4435
4381,100.2652
4382,107.6905
4383,115.4142
4384,127.1855
4385,135.6968
4386,138.0605
4387,141.5916
4388,134.9712
4389,126.0616
4390,111.7504
4391,105.9345
4392,82.5479
4393,86.7846
4394,87.5999
4395,89.8138
4396,84.1793
4397,96.7006
4398,93.7184
4399,104.0331
4400,101.9863
4401,109.2637
4402,113.1149
4403,105.0781
4404,102.5426
4405,102.4366
4406,106.9786
4407,113.4764
4408,121.6078
4409,132.8871
4410,146.7170
4411,142.4611
4412,136.4217
4413,121.4255
4414,114.5623
4415,105.6163
4416,84.0942
4417,87.7284
4418,88.9682
4419,86.8520
4420,88.4087
4421,92.3607
4422,97.8937
4423,102.1761
4424,107.2134
4425,107.6380
4426,112.3894
4427,105.8941
4428,101.6747
4429,102.7383
4430,106.6133
4431,112.4343
4432,125.7574
4433,140.0934
4434,144.9284
4435,146.0568
4436,133.7005
4437,126.8309
4438,112.1700
4439,108.7518
4440,87.5827
4441,88.4587
4442,87.4732
4443,90.4110
4444,88.3248
4445,97.8255
4446,94.9627
4447,105.9129
4448,106.7202
4449,108.3932
4450,106.6068
4451,108.5279
4452,102.8694
4453,103.3685
4454,114.5631
4455,119.5022
4456,135.1282
4457,129.7476
4458,139.5046
4459,144.4822
4460,138.6079
4461,127.1966
4462,114.7221
4463,102.6888
4464,81.8249
4465,88.6542
4466,90.2816
4467,93.4319
4468,90.4332
4469,97.1638
4470,96.9226
4471,108.0778
4472,105.2175
4473,111.8694
4474,111.2078
4475,106.7011
4476,102.8921
4477,102.6300
4478,106.9325
4479,116.3365
4480,124.9227
4481,136.5056
4482,137.5111
4483,135.5094
4484,132.8999
4485,120.4384
4486,105.8235
4487,104.3655
4488,78.3639
4489,82.3808
4490,80.3995
4491,78.8296
4492,82.7480
4493,81.8950
4494,84.7614
4495,93.3069
4496,98.0611
4497,95.8238
4498,97.4441
4499,93.7402
4500,93.7030
4501,91.9128
4502,99.1486
4503,102.0293
4504,111.6111
4505,120.6644
4506,125.4339
4507,123.7704
4508,118.9655
4509,111.0210
4510,104.8873
4511,90.7932
4512,74.3121
4513,80.0941
4514,81.2173
4515,81.6065
4516,75.9934
4517,81.2140
4518,86.9403
4519,90.8396
4520,96.3336
4521,101.4621
4522,97.4866
4523,94.8643
4524,92.8306
4525,93.5300
4526,96.9632
4527,104.2441
4528,109.0331
4529,117.2078
4530,127.7324
4531,126.4062
4532,119.6978
4533,113.3619
4534,104.2029
4535,88.5748
4536,85.8010
4537,86.5789
4538,87.0243
4539,92.0776
4540,88.8102
4541,92.4989
4542,100.2311
4543,106.8237
4544,110.3525
4545,106.3514
4546,112.5742
4547,107.9202
4548,104.5489
4549,91.1840
4550,105.1646
4551,114.2591
4552,120.2403
4553,133.2244
4554,137.2507
4555,142.8905
4556,135.2216
4557,126.2455
4558,119.7715
4559,105.8312
4560,80.8458
4561,89.5126
4562,91.1597
4563,85.7621
4564,89.9814
4565,92.0787
4566,95.6405
4567,96.2352
4568,110.6641
4569,116.4439
4570,110.8424
4571,108.8989
4572,104.4194
4573,105.5323
4574,113.7312
4575,120.3706
4576,127.7514
4577,136.4190
4578,142.3761
4579,142.7563
4580,128.8489
4581,124.4841
4582,122.0741
4583,105.2008
4584,89.8534
4585,86.7002
4586,86.8979
4587,90.6048
4588,88.5896
4589,95.5884
4590,101.4240
4591,103.4679
4592,110.4063
4593,111.0981
4594,117.7209
4595,104.7396
4596,103.1131
4597,96.7658
4598,105.4008
4599,119.0754
4600,125.2104
4601,135.4641
4602,134.0182
4603,143.9803
4604,134.5129
4605,121.1648
4606,113.5726
4607,108.1689
4608,86.4589
4609,86.1954
4610,87.9644
4611,87.3142
4612,88.2995
4613,96.6835
4614,98.9229
4615,104.7814
4616,108.9944
4617,105.1783
4618,108.1285
4619,101.4316
4620,98.8534
4621,105.7888
4622,107.3661
4623,113.5391
4624,127.1481
4625,137.7509
4626,143.8074
4627,142.6727
4628,129.2417
4629,122.8698
4630,111.1112
4631,109.5080
4632,91.9586
4633,90.3764
4634,88.5496
4635,88.2406
4636,91.6243
4637,97.0682
4638,101.4843
4639,99.6345
4640,104.0981
4641,104.1091
4642,108.8821
4643,105.5261
4644,106.2529
4645,105.1992
4646,109.8852
4647,111.2032
4648,126.0813
4649,136.0209
4650,138.5384
4651,140.9416
4652,134.9893
4653,126.5810
4654,111.8699
4655,109.6557
4656,82.2250
4657,82.8698
4658,79.9821
4659,78.5427
4660,84.6123
4661,90.0281
4662,85.2988
4663,89.8289
4664,96.5862
4665,104.9994
4666,102.0490
4667,96.7146
4668,90.7575
4669,90.9447
4670,97.1592
4671,103.2630
4672,113.1615
4673,118.6511
4674,138.5894
4675,133.8822
4676,126.0318
4677,109.8573
4678,98.2495
4679,92.4243
4680,77.4858
4681,79.1165
4682,80.0229
4683,80.4580
4684,79.6249
4685,83.4743
4686,86.7854
4687,90.7077
4688,95.5047
4689,94.3240
4690,97.4200
4691,92.8966
4692,94.0951
4693,94.4610
4694,96.3961
4695,105.6351
4696,115.7529
4697,114.5782
4698,121.3891
4699,130.0942
4700,122.3793
4701,108.9888
4702,105.5848
4703,94.9164
4704,83.0011
4705,89.4374
4706,91.3998
4707,91.1415
4708,90.5484
4709,93.4249
4710,98.9311
4711,99.7512
4712,113.4155
4713,113.0540
4714,108.3634
4715,105.9160
4716,104.1219
4717,102.1226
4718,113.3356
4719,116.5526
4720,126.1604
4721,135.8183
4722,144.3755
4723,144.0420
4724,143.1390
4725,124.5113
4726,112.6641
4727,105.9024
4728,85.2711
4729,85.9495
4730,89.3508
4731,92.3838
4732,91.1974
4733,96.1238
4734,92.4800
4735,104.3034
4736,111.0547
4737,112.4509
4738,106.7251
4739,103.6164
4740,101.2375
4741,104.5381
4742,113.9310
4743,115.3915
4744,121.9128
4745,138.2382
4746,142.8407
4747,150.3597
4748,137.8541
4749,128.7528
4750,117.5517
4751,106.0124
4752,85.8395
4753,92.3266
4754,84.0975
4755,92.4445
4756,90.1132
4757,93.9330
4758,93.8291
4759,104.9673
4760,108.1751
4761,112.3631
4762,106.6442
4763,104.5623
4764,102.2832
4765,102.5631
4766,106.4998
4767,113.8561
4768,127.7332
4769,130.5628
4770,131.5961
4771,145.0044
4772,124.7851
4773,126.3309
4774,116.5179
4775,102.5004
4776,93.4322
4777,85.4296
4778,88.2729
4779,93.4961
4780,84.3894
4781,96.1600
4782,99.8584
4783,109.3213
4784,103.0189
4785,109.7610
4786,110.4479
4787,105.2400
4788,97.5306
4789,105.3439
4790,109.9734
4791,111.8674
4792,125.1895
4793,132.3346
4794,139.7120
4795,141.0274
4796,140.4651
4797,128.8516
4798,117.1086
4799,104.0553
4800,88.9656
4801,86.8154
4802,87.4898
4803,87.4936
4804,88.4362
4805,94.2881
4806,96.0896
4807,104.0080
4808,105.7380
4809,113.0937
4810,108.4510
4811,109.9755
4812,103.7069
4813,102.7486
4814,103.0770
4815,118.6026
4816,128.0566
4817,143.1907
4818,136.4245
4819,137.6886
4820,130.5926
4821,125.4865
4822,118.5656
4823,104.1330
4824,80.8742
4825,77.1138
4826,77.3710
4827,80.8785
4828,83.8326
4829,85.0383
4830,83.8367
4831,95.2076
4832,95.9958
4833,94.8077
4834,98.7515
4835,97.8401
4836,90.1304
4837,93.7168
4838,100.3540
4839,106.9176
4840,108.4676
4841,123.8506
4842,126.3756
4843,130.3965
4844,122.1657
4845,117.2583
4846,106.1672
4847,95.6809
4848,76.9221
4849,76.8232
4850,81.0433
4851,78.0967
4852,77.9828
4853,84.4182
4854,93.0675
4855,89.5990
4856,98.7334
4857,100.5433
4858,100.6942
4859,96.5700
4860,93.6375
4861,93.6655
4862,98.3197
4863,105.4485
4864,113.8437
4865,116.4401
4866,125.6443
4867,130.7047
4868,116.2600
4869,112.5460
4870,102.1342
4871,96.2696
4872,88.6146
4873,85.9542
4874,88.6217
4875,90.8709
4876,87.8058
4877,93.7084
4878,105.6047
4879,103.4945
4880,112.6749
4881,109.9359
4882,113.0176
4883,109.0421
4884,101.2410
4885,109.0331
4886,106.6680
4887,114.9747
4888,120.5449
4889,129.7735
4890,141.9374
4891,138.1920
4892,138.2617
4893,122.6004
4894,111.5261
4895,100.7446
4896,88.3266
4897,86.2417
4898,89.1009
4899,88.5921
4900,92.8395
4901,95.2942
4902,96.1552
4903,103.7010
4904,111.7624
4905,111.6284
4906,117.9764
4907,110.3209
4908,103.7660
4909,102.9861
4910,108.0105
4911,119.5123
4912,125.9816
4913,130.4665
4914,141.1814
4915,133.2117
4916,136.2634
4917,128.1861
4918,122.6925
4919,102.6733
4920,84.7572
4921,81.6945
4922,91.4113
4923,86.7753
4924,92.5781
4925,94.0553
4926,103.7601
4927,95.1741
4928,110.9242
4929,117.9576
4930,111.6223
4931,110.0496
4932,107.7286
4933,102.8124
4934,111.6585
4935,122.0473
4936,135.0340
4937,131.1596
4938,137.5207
4939,138.3867
4940,141.2149
4941,121.2487
4942,120.5955
4943,109.4563
4944,90.0012
4945,88.0979
4946,85.0425
4947,86.5918
4948,95.8499
4949,92.0907
4950,96.5635
4951,101.9521
4952,107.7822
4953,105.7672
4954,109.5088
4955,107.0676
4956,101.8365
4957,110.3457
4958,107.9741
4959,112.5178
4960,124.8650
4961,138.7476
4962,138.0404
4963,140.4078
4964,140.3284
4965,125.8238
4966,111.3153
4967,108.5022
4968,88.2102
4969,85.1616
4970,89.1902
4971,87.2513
4972,86.0157
4973,89.9188
4974,98.8700
4975,103.5771
4976,109.6463
4977,116.7145
4978,112.3834
4979,106.2848
4980,104.8721
4981,102.8194
4982,106.5683
4983,110.4564
4984,125.6893
4985,132.9499
4986,146.5862
4987,143.7224
4988,138.1936
4989,129.2452
4990,114.9977
4991,100.6410
4992,78.7668
4993,79.6100
4994,80.1441
4995,78.9150
4996,79.1564
4997,86.9231
4998,89.5569
4999,91.1728
5000,97.1112
5001,95.9774
5002,100.1255
5003,96.1543
5004,96.2958
5005,89.8907
5006,102.5816
5007,99.5300
5008,110.8192
5009,121.6353
5010,125.6788
5011,128.2575
5012,122.6926
5013,108.0184
5014,103.3761
5015,98.3087
5016,82.3747
5017,78.6601
5018,76.2972
5019,78.6716
5020,82.1765
5021,84.5920
5022,91.0787
5023,94.4132
5024,95.1349
5025,95.9847
5026,97.3015
5027,93.3663
5028,93.3078
5029,90.4237
5030,98.2936
5031,106.0724
5032,111.9798
5033,121.9440
5034,130.1352
5035,124.5683
5036,123.7059
5037,105.4360
5038,103.9050
5039,95.0254
5040,84.5730
5041,92.2269
5042,86.9629
5043,92.7647
5044,88.6644
5045,92.5729
5046,99.6683
5047,107.3606
5048,105.0742
5049,113.0833
5050,107.9012
5051,105.8715
5052,97.9353
5053,99.1081
5054,109.0368
5055,117.8283
5056,116.1730
5057,137.9708
5058,138.3787
5059,129.7064
5060,128.4104
5061,131.4259
5062,115.1264
5063,100.9092
5064,87.5479
5065,87.2023
5066,85.4544
5067,86.2809
5068,88.3007
5069,92.4636
5070,98.4929
5071,106.1443
5072,102.9157
5073,111.8249
5074,108.8507
5075,106.9010
5076,106.5450
5077,100.9525
5078,104.2107
5079,116.1582
5080,124.7525
5081,142.8791
5082,129.9872
5083,139.9052
5084,133.4861
5085,124.1461
5086,111.2963
5087,103.7804
5088,91.6883
5089,84.2345
5090,86.1741
5091,86.1963
5092,93.8070
5093,94.4850
5094,97.9441
5095,106.1594
5096,110.1494
5097,110.8042
5098,110.1330
5099,96.7047
5100,98.6619
5101,102.2184
5102,105.6866
5103,112.8449
5104,127.3928
5105,140.5854
5106,143.5575
5107,144.2810
5108,141.4933
5109,123.6165
5110,112.8903
5111,103.2750
5112,88.8037
5113,86.8229
5114,87.4867
5115,89.5308
5116,87.5407
5117,89.7147
5118,97.0261
5119,100.4107
5120,103.4314
5121,112.1144
5122,107.1280
5123,103.8044
5124,103.1517
5125,106.3181
5126,107.4290
5127,116.2616
5128,128.4268
5129,142.8554
5130,140.4705
5131,140.0588
5132,135.6826
5133,127.1584
5134,117.3772
5135,109.7377
5136,86.2223
5137,86.3229
5138,85.6553
5139,88.7143
5140,91.9272
5141,92.9930
5142,96.8361
5143,109.1092
5144,115.6054
5145,109.4097
5146,110.9630
5147,107.8790
5148,107.8731
5149,104.7719
5150,101.2627
5151,115.7428
5152,122.6049
5153,122.1300
5154,139.1554
5155,134.4940
5156,130.5432
5157,125.2463
5158,116.7144
5159,101.2426
5160,76.1954
5161,79.6710
5162,76.9023
5163,82.1006
5164,81.2025
5165,82.2621
5166,90.4681
5167,95.8807
5168,99.0070
5169,101.4223
5170,101.7310
5171,94.9356
5172,92.0195
5173,95.7896
5174,98.0867
5175,99.5558
5176,112.4934
5177,120.4414
5178,129.7187
5179,126.5903
5180,122.5086
5181,114.4006
5182,110.5006
5183,95.3336
5184,78.1643
5185,79.1084
5186,77.7714
5187,75.7105
5188,77.1415
5189,83.9158
5190,88.8157
5191,92.3596
5192,100.9417
5193,101.8862
5194,102.9858
5195,94.4248
5196,95.0673
5197,89.2955
5198,90.8607
5199,108.5960
5200,111.8585
5201,114.6700
5202,126.8799
5203,130.9456
5204,120.1928
5205,112.3353
5206,101.0953
5207,91.4818
5208,86.2159
5209,90.1481
5210,89.0791
5211,88.7256
5212,89.5106
5213,89.6338
5214,97.6906
5215,99.5492
5216,106.0518
5217,111.4041
5218,119.6034
5219,103.4857
5220,98.7748
5221,106.7570
5222,107.5608
5223,114.4616
5224,130.8543
5225,130.4270
5226,137.1293
5227,139.8750
5228,133.8887
5229,126.3951
5230,114.7190
5231,106.6690
5232,81.7329
5233,88.0472
5234,87.1903
5235,84.2199
5236,92.8562
5237,98.7780
5238,96.1911
5239,101.9344
5240,110.1116
5241,108.6098
5242,108.8318
5243,107.9346
5244,105.7231
5245,98.1905
5246,105.7812
5247,121.3766
5248,124.0414
5249,134.4468
5250,139.5328
5251,136.1510
5252,134.4808
5253,127.6773
5254,116.4761
5255,109.4961
5256,83.4468
5257,85.8254
5258,84.7478
5259,87.9516
5260,88.7818
5261,91.4466
5262,100.3005
5263,107.9939
5264,106.9064
5265,108.5421
5266,111.7375
5267,113.7829
5268,104.3704
5269,99.7930
5270,107.7938
5271,109.9338
5272,128.5195
5273,131.9663
5274,134.9450
5275,145.5417
5276,131.8015
5277,123.7765
5278,115.6075
5279,111.2062
5280,88.6504
5281,85.3623
5282,84.8184
5283,87.2710
5284,91.0705
5285,93.9647
5286,98.4491
5287,103.8677
5288,102.4835
5289,110.8108
5290,107.4682
5291,108.2811
5292,103.0124
5293,98.5527
5294,111.0646
5295,113.6397
5296,129.8587
5297,132.5064
5298,135.0780
5299,141.3623
5300,129.4283
5301,130.0308
5302,112.0189
5303,100.9611
5304,91.4580
5305,87.6598
5306,85.0147
5307,85.5888
5308,93.4699
5309,91.9301
5310,99.5447
5311,105.4674
5312,105.4059
5313,106.1841
5314,103.4735
5315,106.6842
5316,96.7604
5317,94.9021
5318,103.3883
5319,111.7565
5320,120.9510
5321,127.5719
5322,138.8719
5323,138.9861
5324,126.1508
5325,127.0234
5326,110.6897
5327,102.0274
5328,80.2198
5329,79.9435
5330,80.7398
5331,83.4692
5332,84.2754
5333,83.2641
5334,87.5184
5335,89.2437
5336,91.3238
5337,93.7183
5338,95.4700
5339,97.7974
5340,98.4017
5341,90.1538
5342,102.2902
5343,99.8729
5344,116.0153
5345,118.7125
5346,134.2151
5347,124.9610
5348,117.4190
5349,119.0363
5350,98.5628
5351,96.0663
5352,78.4273
5353,76.1654
5354,81.9782
5355,83.0144
5356,79.6692
5357,80.0439
5358,86.7889
5359,87.5014
5360,96.8169
5361,95.7368
5362,98.3176
5363,97.4415
5364,91.4026
5365,92.9739
5366,96.0371
5367,100.8594
5368,106.6594
5369,120.4737
5370,125.0270
5371,125.2351
5372,116.7398
5373,111.9234
5374,104.6819
5375,91.7303
5376,85.8320
5377,85.6505
5378,85.0823
5379,91.3134
5380,84.4746
5381,85.7818
5382,102.0661
5383,108.9156
5384,103.3125
5385,111.7346
5386,108.1089
5387,108.0728
5388,106.3615
5389,100.2438
5390,108.7550
5391,113.1653
5392,130.4585
5393,132.2720
5394,136.5119
5395,141.5815
5396,131.6798
5397,124.6941
5398,109.9820
5399,104.8143
5400,85.4452
5401,82.3906
5402,86.1584
5403,80.8785
5404,88.9984
5405,91.2868
5406,99.7622
5407,99.3360
5408,106.8848
5409,108.6337
5410,107.0722
5411,106.8319
5412,100.6035
5413,103.9453
5414,105.6109
5415,110.4414
5416,130.1452
5417,130.7931
5418,133.1549
5419,140.3282
5420,138.7409
5421,123.2261
5422,117.0458
5423,106.6063
5424,87.9254
5425,82.5935
5426,87.4675
5427,85.0464
5428,88.2711
5429,92.7900
5430,96.7135
5431,99.2325
5432,109.1996
5433,109.8746
5434,108.1597
5435,102.9674
5436,102.7136
5437,99.8679
5438,109.9574
5439,113.3405
5440,121.4920
5441,131.3866
5442,141.7086
5443,135.9774
5444,127.9175
5445,129.3542
5446,108.2916
5447,102.7334
5448,86.9063
5449,90.1698
5450,85.2027
5451,90.5676
5452,87.8020
5453,93.6047
5454,98.5396
5455,102.5036
5456,104.3541
5457,106.0604
5458,107.8510
5459,102.4626
5460,103.2002
5461,102.7174
5462,105.2587
5463,120.1547
5464,121.3902
5465,131.1130
5466,137.3708
5467,137.7636
5468,132.9659
5469,128.2701
5470,110.9728
5471,105.7523
5472,87.7501
5473,88.1977
5474,87.6274
5475,88.8836
5476,87.0231
5477,94.3021
5478,96.0992
5479,98.7639
5480,107.8198
5481,103.0142
5482,108.3486
5483,100.8581
5484,96.3900
5485,105.2606
5486,108.4023
5487,117.2687
5488,122.8036
5489,136.2065
5490,137.6141
5491,132.7282
5492,126.2429
5493,126.7153
5494,108.9941
5495,100.3760
5496,73.7196
5497,83.1716
5498,77.0499
5499,78.8802
5500,81.2421
5501,86.6464
5502,86.6948
5503,88.5811
5504,89.0351
5505,98.3044
5506,99.5136
5507,93.1032
5508,94.3701
5509,92.1119
5510,95.4297
5511,100.0836
5512,109.6082
5513,124.8369
5514,125.8040
5515,122.3176
5516,119.8936
5517,114.0337
5518,99.9269
5519,91.9833
5520,78.6858
5521,77.4092
5522,77.6536
5523,79.6104
5524,76.8481
5525,82.5187
5526,87.4177
5527,94.3995
5528,96.3513
5529,96.8134
5530,98.2299
5531,89.8592
5532,87.6998
5533,87.7133
5534,100.6260
5535,102.8022
5536,111.9065
5537,127.1192
5538,121.1077
5539,126.3158
5540,118.6545
5541,109.1817
5542,100.7080
5543,94.5762
5544,83.7957
5545,85.3548
5546,88.3623
5547,83.7235
5548,88.9979
5549,87.5152
5550,99.4266
5551,104.7067
5552,111.0046
5553,106.8757
5554,111.9676
5555,105.2339
5556,104.8575
5557,100.8578
5558,108.5930
5559,111.4668
5560,116.5758
5561,133.8834
5562,138.0033
5563,137.3994
5564,135.3087
5565,117.8004
5566,112.2300
5567,106.0788
5568,85.2910
5569,84.9723
5570,82.5081
5571,86.0315
5572,89.4598
5573,87.8789
5574,86.9804
5575,103.8808
5576,103.9872
5577,106.7282
5578,108.2944
5579,102.5459
5580,105.6984
5581,99.8519
5582,104.7379
5583,111.5001
5584,122.8542
5585,128.0819
5586,133.3617
5587,133.9162
5588,137.0129
5589,119.5555
5590,117.3767
5591,103.3170
5592,84.3950
5593,80.1882
5594,85.2853
5595,85.7957
5596,88.3257
5597,88.1190
5598,97.6200
5599,102.0557
5600,108.5062
5601,111.5471
5602,106.9822
5603,103.7100
5604,103.5636
5605,106.6982
5606,106.5903
5607,114.5483
5608,118.6019
5609,138.1610
5610,135.2075
5611,137.2779
5612,135.3041
5613,120.5188
5614,112.9640
5615,103.0872
5616,87.0182
5617,87.8414
5618,80.1882
5619,86.9071
5620,93.5433
5621,89.9347
5622,94.2384
5623,99.2074
5624,103.9947
5625,107.0329
5626,107.4518
5627,101.2140
5628,98.5805
5629,105.7114
5630,103.6983
5631,110.8314
5632,128.5686
5633,124.0671
5634,140.9763
5635,134.1457
5636,137.5797
5637,125.9716
5638,110.1537
5639,102.6840
5640,85.1876
5641,86.8842
5642,86.8399
5643,88.8769
5644,85.9775
5645,91.1741
5646,91.8504
5647,100.3769
5648,109.1929
5649,109.5871
5650,101.1444
5651,102.6769
5652,106.1870
5653,97.4890
5654,108.6595
5655,111.1933
5656,126.9618
5657,127.1118
5658,141.7371
5659,139.5711
5660,131.0062
5661,124.2792
5662,107.4820
5663,100.2932
5664,76.3714
5665,79.5264
5666,76.3314
5667,76.6264
5668,81.2069
5669,77.9318
5670,86.2661
5671,91.9144
5672,94.7246
5673,93.7748
5674,92.8512
5675,92.9301
5676,93.4590
5677,94.7133
5678,96.7782
5679,103.4265
5680,109.1648
5681,118.3167
5682,117.5745
5683,118.6030
5684,113.8472
5685,112.7271
5686,97.5881
5687,92.6998
5688,76.7828
5689,79.3143
5690,78.3373
5691,79.0693
5692,82.0595
5693,81.3136
5694,86.9447
5695,95.4344
5696,95.5726
5697,99.5759
5698,93.8031
5699,93.2721
5700,91.2106
5701,93.6957
5702,95.8801
5703,98.3560
5704,106.9743
5705,116.7198
5706,120.8648
5707,119.6501
5708,119.3469
5709,110.8069
5710,101.1286
5711,94.1970
5712,84.5913
5713,85.8828
5714,86.7651
5715,85.8318
5716,89.9608
5717,91.3162
5718,95.7188
5719,101.9641
5720,107.0959
5721,107.3036
5722,104.7346
5723,103.1892
5724,107.1206
5725,101.3368
5726,100.1284
5727,117.8213
5728,125.0925
5729,133.6524
5730,139.6651
5731,138.7321
5732,134.1185
5733,120.4269
5734,120.2492
5735,107.7147
5736,87.6909
5737,87.7661
5738,86.4003
5739,87.0588
5740,86.7993
5741,87.1803
5742,98.3679
5743,96.8594
5744,111.4728
5745,105.0083
5746,105.2256
5747,106.6514
5748,100.9884
5749,100.8765
5750,108.5385
5751,108.1480
5752,120.8491
5753,127.7803
5754,135.3329
5755,134.0012
5756,126.7543
5757,120.6025
5758,110.3316
5759,100.7622
5760,83.0265
5761,80.7098
5762,87.2035
5763,84.4371
5764,86.5840
5765,91.3996
5766,104.8279
5767,94.7134
5768,97.5540
5769,109.1369
5770,111.5799
5771,105.1454
5772,107.0094
5773,96.7038
5774,98.9632
5775,105.6356
5776,121.1433
5777,126.9119
5778,138.0656
5779,134.9557
5780,129.7214
5781,124.7234
5782,105.2387
5783,102.2563
5784,82.2296
5785,89.0342
5786,90.3411
5787,83.1247
5788,86.3011
5789,89.1624
5790,95.6404
5791,102.5191
5792,104.7073
5793,109.0139
5794,104.4834
5795,99.4121
5796,97.3762
5797,93.1854
5798,105.1048
5799,108.1033
5800,116.0436
5801,139.1597
5802,135.0933
5803,133.4036
5804,125.1190
5805,126.7420
5806,115.1499
5807,101.7174
5808,78.6081
5809,84.2611
5810,87.5404
5811,89.2072
5812,90.4958
5813,89.4471
5814,93.6205
5815,94.7143
5816,98.3757
5817,104.9179
5818,108.7106
5819,104.0512
5820,100.6706
5821,99.6574
5822,108.2317
5823,106.2903
5824,122.7799
5825,135.2849
5826,134.7951
5827,132.3932
5828,134.9606
5829,126.4440
5830,109.9071
5831,100.7667
5832,76.0220
5833,76.9116
5834,76.3960
5835,76.4126
5836,82.6904
5837,78.5300
5838,84.1044
5839,86.9696
5840,94.3135
5841,95.2046
5842,102.8824
5843,96.2209
5844,91.1299
5845,88.1997
5846,92.5160
5847,93.1065
5848,107.3792
5849,116.8644
5850,118.2301
5851,123.2815
5852,112.6185
5853,116.1166
5854,99.4942
5855,87.7535
5856,75.8785
5857,74.2359
5858,74.9366
5859,75.8928
5860,77.2119
5861,84.3974
5862,81.9587
5863,89.1242
5864,91.9227
5865,93.2254
5866,92.7279
5867,95.9214
5868,92.6158
5869,89.9961
5870,95.1432
5871,100.6782
5872,111.2981
5873,112.8864
5874,119.8211
5875,122.2798
5876,122.9446
5877,109.8671
5878,94.7855
5879,89.3600
5880,85.4575
5881,80.8145
5882,80.1094
5883,84.1017
5884,83.1421
5885,89.2261
5886,93.4745
5887,98.7796
5888,107.0700
5889,101.4365
5890,102.6868
5891,104.2455
5892,98.5752
5893,99.7594
5894,98.5810
5895,115.3687
5896,124.4788
5897,131.0432
5898,128.3501
5899,133.3698
5900,128.0866
5901,123.5918
5902,108.8668
5903,101.7042
5904,79.5978
5905,82.8623
5906,85.6658
5907,84.1483
5908,83.2253
5909,95.8361
5910,93.3261
5911,96.6476
5912,108.8277
5913,102.9519
5914,104.9346
5915,100.5887
5916,100.7903
5917,104.9713
5918,106.6569
5919,109.6679
5920,126.2951
5921,125.1236
5922,136.2518
5923,130.5810
5924,131.3953
5925,119.6076
5926,106.9092
5927,100.3030
5928,81.7403
5929,81.1222
5930,87.6033
5931,81.6418
5932,83.2635
5933,91.3174
5934,93.0299
5935,96.4541
5936,102.7064
5937,105.2434
5938,103.7382
5939,97.4028
5940,97.5321
5941,97.5493
5942,104.0808
5943,109.3601
5944,116.5299
5945,130.2849
5946,134.4445
5947,128.0313
5948,129.0498
5949,122.1680
5950,111.6061
5951,103.0765
5952,87.2162
5953,87.0710
5954,82.4929
5955,83.1784
5956,85.6302
5957,89.4231
5958,93.5536
5959,93.8530
5960,100.9929
5961,104.4456
5962,104.6094
5963,100.9724
5964,92.8331
5965,103.7575
5966,100.3610
5967,111.6202
5968,124.7263
5969,126.7889
5970,132.5508
5971,134.4250
5972,127.7621
5973,117.7426
5974,112.0125
5975,106.4398
5976,82.6124
5977,78.5221
5978,85.0048
5979,84.9267
5980,84.9680
5981,90.6692
5982,94.0214
5983,104.5549
5984,99.7037
5985,100.3903
5986,109.7904
5987,102.4049
5988,96.4752
5989,96.7073
5990,105.5098
5991,116.3093
5992,114.3136
5993,136.9817
5994,130.6384
5995,130.8340
5996,131.1815
5997,119.7150
5998,112.8152
5999,95.6721
6000,72.9849
6001,70.1502
6002,77.0576
6003,74.6888
6004,78.2553
6005,79.2521
6006,89.3418
6007,84.8146
6008,97.6653
6009,93.1819
6010,86.9768
6011,88.9339
6012,88.2063
6013,95.5524
6014,92.2262
6015,97.1956
6016,110.2157
6017,112.0560
6018,125.7301
6019,118.8269
6020,115.9467
6021,99.7357
6022,93.0639
6023,92.3762
6024,74.7421
6025,73.9707
6026,74.2143
6027,75.4861
6028,77.9980
6029,77.5923
6030,85.6434
6031,89.1852
6032,90.3795
6033,92.6161
6034,88.1960
6035,89.2328
6036,88.0606
6037,90.8008
6038,90.7073
6039,102.4581
6040,110.0456
6041,115.8302
6042,120.2048
6043,117.0908
6044,120.0612
6045,106.9318
6046,96.4974
6047,90.1955
6048,84.6740
6049,81.7546
6050,85.7624
6051,80.1657
6052,83.3615
6053,91.1103
6054,95.2524
6055,99.9744
6056,102.8562
6057,107.2597
6058,101.1235
6059,100.4061
6060,97.9291
6061,97.8013
6062,103.7220
6063,107.3239
6064,122.9745
6065,129.1420
6066,127.6400
6067,128.2490
6068,129.1133
6069,119.1409
6070,106.9173
6071,99.9122
6072,77.7193
6073,80.8845
6074,87.4769
6075,84.1341
6076,88.7239
6077,89.0032
6078,91.8373
6079,92.2876
6080,108.2344
6081,106.0865
6082,99.8995
6083,101.0954
6084,91.9345
6085,96.2424
6086,102.1510
6087,106.3273
6088,113.2962
6089,127.0240
6090,125.8512
6091,129.2844
6092,125.8595
6093,120.1556
6094,106.0634
6095,95.3871
6096,81.1172
6097,83.6718
6098,86.2679
6099,83.0015
6100,86.4125
6101,86.0881
6102,93.3036
6103,96.5767
6104,103.3994
6105,102.7935
6106,106.8379
6107,97.3213
6108,99.0079
6109,96.1875
6110,99.3456
6111,105.2866
6112,116.5244
6113,132.1130
6114,133.1784
6115,134.6086
6116,121.5089
6117,119.8198
6118,107.5738
6119,103.8564
6120,79.7836
6121,81.1252
6122,84.6902
6123,80.6914
6124,83.7593
6125,89.7708
6126,93.6337
6127,94.1351
6128,106.3322
6129,104.5463
6130,105.5963
6131,91.5175
6132,98.5324
6133,95.5518
6134,101.4958
6135,106.3854
6136,116.1919
6137,125.2122
6138,127.1244
6139,126.7670
6140,120.6185
6141,121.0198
6142,106.5662
6143,92.8977
6144,82.3120
6145,78.8513
6146,79.7486
6147,82.4862
6148,87.2384
6149,85.2118
6150,95.4298
6151,101.6540
6152,97.9567
6153,101.9698
6154,98.0792
6155,99.6903
6156,97.9567
6157,90.4323
6158,102.0346
6159,103.4990
6160,111.4560
6161,119.4403
6162,135.4597
6163,123.9346
6164,127.0057
6165,116.0314
6166,104.6246
6167,98.4498
6168,74.9237
6169,79.4365
6170,74.7551
6171,73.3101
6172,73.7587
6173,79.3623
6174,75.7224
6175,91.3572
6176,91.6991
6177,94.4319
6178,93.3014
6179,88.0230
6180,91.0162
6181,89.2570
6182,87.3517
6183,95.6395
6184,109.3809
6185,114.6496
6186,119.0047
6187,118.2740
6188,119.8104
6189,107.3635
6190,95.9332
6191,89.7407
6192,72.9587
6193,76.2748
6194,72.4063
6195,71.0319
6196,79.1582
6197,78.3843
6198,81.1866
6199,89.5926
6200,93.4508
6201,95.4440
6202,90.3292
6203,87.5688
6204,85.7335
6205,84.1798
6206,91.5844
6207,93.6398
6208,101.1508
6209,112.4086
6210,116.0568
6211,118.5650
6212,114.7870
6213,106.4240
6214,97.3943
6215,87.1584
6216,79.8231
6217,80.1398
6218,81.3045
6219,80.5171
6220,84.0087
6221,90.4869
6222,90.6958
6223,92.8329
6224,98.0715
6225,101.6005
6226,108.8576
6227,99.7407
6228,99.2738
6229,90.7595
6230,102.2154
6231,104.8601
6232,119.6689
6233,122.8625
6234,125.6399
6235,123.8397
6236,129.1949
6237,117.9717
6238,108.4645
6239,96.7951
6240,81.7952
6241,79.7985
6242,85.9861
6243,84.7344
6244,81.6018
6245,85.7495
6246,88.6894
6247,95.1971
6248,100.0803
6249,101.2858
6250,105.7006
6251,101.3028
6252,94.1079
6253,95.6114
6254,99.4696
6255,98.1643
6256,119.3703
6257,122.5817
6258,129.3916
6259,130.5717
6260,125.3362
6261,115.5445
6262,108.6658
6263,93.7676
6264,81.9070
6265,77.8693
6266,83.3449
6267,81.1024
6268,83.7405
6269,85.5365
6270,91.5033
6271,98.3498
6272,94.5300
6273,102.9184
6274,101.7059
6275,100.3893
6276,96.9003
6277,95.1235
6278,100.3926
6279,101.2123
6280,116.5504
6281,127.2755
6282,129.6710
6283,139.7186
6284,125.7738
6285,109.0939
6286,108.2831
6287,100.6126
6288,75.6899
6289,77.4738
6290,79.8481
6291,79.8665
6292,80.6133
6293,82.9649
6294,89.4608
6295,92.4126
6296,97.8630
6297,105.7501
6298,93.8164
6299,94.9664
6300,92.9962
6301,96.6267
6302,97.7996
6303,107.0025
6304,114.2229
6305,128.7448
6306,130.4321
6307,130.4365
6308,126.5189
6309,112.0878
6310,104.6196
6311,91.9805
6312,76.2101
6313,77.6358
6314,80.6834
6315,85.7552
6316,79.5010
6317,88.8488
6318,87.7124
6319,91.8436
6320,103.7804
6321,101.1007
6322,100.7381
6323,99.7156
6324,90.1370
6325,94.2239
6326,96.0255
6327,102.4457
6328,118.0246
6329,131.9146
6330,126.6406
6331,131.3491
6332,123.7614
6333,123.6395
6334,104.0932
6335,93.1781
6336,74.7517
6337,73.3286
6338,75.9201
6339,72.4468
6340,72.9522
6341,76.0900
6342,77.2286
6343,87.0318
6344,82.5003
6345,92.3462
6346,90.5819
6347,82.3271
6348,82.3716
6349,87.4455
6350,84.7324
6351,94.2639
6352,98.6198
6353,116.2884
6354,119.9189
6355,117.7422
6356,116.8650
6357,108.7130
6358,95.0046
6359,88.0194
6360,72.5811
6361,70.6545
6362,70.4621
6363,73.3677
6364,72.9586
6365,78.3626
6366,79.1034
6367,89.7450
6368,82.7833
6369,91.8864
6370,92.6329
6371,89.2911
6372,83.2348
6373,83.3397
6374,86.8909
6375,97.6765
6376,102.6731
6377,105.2889
6378,113.7593
6379,113.8018
6380,111.8928
6381,100.9473
6382,88.3251
6383,81.7155
6384,77.3597
6385,73.6574
6386,79.0613
6387,79.7942
6388,83.4611
6389,83.5465
6390,88.7799
6391,97.2917
6392,99.8787
6393,100.4039
6394,97.2028
6395,93.4066
6396,95.3537
6397,94.8271
6398,98.4027
6399,105.1846
6400,116.4917
6401,123.3211
6402,125.9139
6403,138.7701
6404,121.4045
6405,108.0971
6406,107.3075
6407,92.9708
6408,78.6914
6409,73.1969
6410,84.5204
6411,81.9741
6412,84.6933
6413,81.7368
6414,88.0357
6415,97.5499
6416,97.5593
6417,101.8931
6418,99.1353
6419,92.3638
6420,96.9885
6421,92.4468
6422,94.5299
6423,101.6109
6424,119.5249
6425,121.9853
6426,122.1326
6427,126.2136
6428,117.4347
6429,107.8029
6430,100.8764
6431,94.7504
6432,77.8720
6433,80.8863
6434,77.8273
6435,80.4784
6436,78.7183
6437,88.5615
6438,90.9995
6439,93.5613
6440,98.8313
6441,97.7314
6442,94.8340
6443,94.3743
6444,91.6958
6445,92.9784
6446,96.4157
6447,109.8013
6448,113.4438
6449,129.1842
6450,131.6363
6451,124.4979
6452,121.9627
6453,117.6099
6454,103.4385
6455,95.0907
6456,75.2988
6457,78.3454
6458,82.5349
6459,81.4083
6460,79.4268
6461,88.9051
6462,84.3337
6463,93.4568
6464,100.1200
6465,99.9778
6466,102.5709
6467,95.8031
6468,89.6568
6469,92.5297
6470,100.1022
6471,98.4921
6472,115.4876
6473,121.3835
6474,127.7212
6475,131.8298
6476,116.8571
6477,109.9410
6478,107.4945
6479,92.7304
6480,82.2972
6481,74.3442
6482,77.9346
6483,79.9152
6484,82.0474
6485,85.2655
6486,90.3761
6487,93.8100
6488,97.7040
6489,100.3219
6490,98.7886
6491,92.5561
6492,91.2513
6493,90.4603
6494,97.4918
6495,97.5182
6496,113.9416
6497,122.6765
6498,124.9404
6499,126.3836
6500,121.6709
6501,115.8773
6502,105.4787
6503,92.5563
6504,70.1334
6505,70.4828
6506,73.5971
6507,74.6366
6508,74.2963
6509,77.6009
6510,77.5800
6511,85.9419
6512,84.0604
6513,86.0206
6514,87.3410
6515,82.4143
6516,85.2842
6517,81.4672
6518,90.9402
6519,91.4872
6520,102.0536
6521,103.8435
6522,113.8125
6523,112.8641
6524,106.1554
6525,99.7466
6526,94.6348
6527,82.7584
6528,68.3441
6529,69.7161
6530,70.7778
6531,70.4334
6532,71.5644
6533,76.2807
6534,79.6169
6535,79.5045
6536,89.1239
6537,88.3612
6538,92.0706
6539,83.3102
6540,83.4467
6541,86.6298
6542,88.0416
6543,92.6212
6544,99.5425
6545,107.5573
6546,109.4870
6547,116.2675
6548,108.6427
6549,104.0688
6550,94.3110
6551,86.0646
6552,73.9447
6553,78.5809
6554,80.3236
6555,76.0432
6556,77.5635
6557,81.8033
6558,87.7379
6559,89.8451
6560,93.5885
6561,100.5776
6562,96.9342
6563,92.7264
6564,88.9949
6565,95.1935
6566,98.8449
6567,97.6583
6568,110.0699
6569,118.8463
6570,134.1118
6571,127.7098
6572,118.5317
6573,105.7526
6574,99.5391
6575,91.8203
6576,75.6401
6577,77.5022
6578,76.1401
6579,79.2924
6580,81.9177
6581,85.6598
6582,87.1141
6583,96.8071
6584,97.6660
6585,93.7257
6586,95.7956
6587,94.8491
6588,92.9604
6589,93.8283
6590,91.6237
6591,102.0196
6592,110.5038
6593,122.7363
6594,126.7757
6595,116.7596
6596,120.9392
6597,105.7208
6598,98.2189
6599,87.8042
6600,77.9180
6601,75.4187
6602,81.8523
6603,76.1114
6604,81.2542
6605,83.4658
6606,86.1819
6607,93.6278
6608,95.9255
6609,96.0536
6610,96.2774
6611,90.0208
6612,90.7035
6613,94.1768
6614,91.4787
6615,100.9899
6616,112.4868
6617,116.1416
6618,132.5449
6619,126.7964
6620,117.7139
6621,110.4160
6622,98.1457
6623,91.7406
6624,77.1842
6625,72.9190
6626,85.2101
6627,79.9287
6628,81.6912
6629,82.3587
6630,89.7340
6631,88.0036
6632,96.9680
6633,93.7819
6634,101.9940
6635,88.9987
6636,84.7122
6637,90.5563
6638,93.1854
6639,99.9010
6640,114.2923
6641,116.4247
6642,127.4450
6643,123.9741
6644,110.8260
6645,102.7450
6646,101.5592
6647,88.5600
6648,78.5456
6649,76.7905
6650,78.3948
6651,77.8610
6652,81.3144
6653,81.2067
6654,86.6255
6655,88.1180
6656,91.9434
6657,96.4519
6658,92.1842
6659,93.8488
6660,93.5646
6661,91.8473
6662,92.8988
6663,100.0261
6664,114.4320
6665,118.6144
6666,121.5640
6667,119.9007
6668,117.7539
6669,112.0588
6670,101.0538
6671,91.7728
6672,69.0754
6673,69.0580
6674,65.6040
6675,65.9514
6676,70.4752
6677,72.4481
6678,75.6405
6679,83.5162
6680,86.5850
6681,88.7851
6682,88.1784
6683,85.3401
6684,84.3622
6685,78.9453
6686,83.8446
6687,90.9430
6688,100.1396
6689,102.9589
6690,109.4840
6691,108.5355
6692,109.9943
6693,101.8963
6694,88.4389
6695,81.9887
6696,66.6736
6697,71.7177
6698,69.4788
6699,69.4872
6700,72.1572
6701,72.2439
6702,79.7253
6703,75.9165
6704,84.9543
6705,82.5590
6706,88.0382
6707,87.7790
6708,79.1366
6709,77.5593
6710,86.7978
6711,93.7220
6712,98.9306
6713,102.5232
6714,109.8382
6715,115.0598
6716,99.6624
6717,95.5531
6718,90.9881
6719,80.6869
6720,70.6010
6721,77.4697
6722,76.5608
6723,77.1426
6724,79.9079
6725,81.0623
6726,87.3283
6727,87.7957
6728,93.3701
6729,99.8043
6730,95.0832
6731,92.6935
6732,85.6808
6733,89.2365
6734,90.1465
6735,102.8945
6736,106.8526
6737,117.9139
6738,120.7526
6739,121.8547
6740,118.2980
6741,108.1389
6742,94.6081
6743,94.7234
6744,74.7866
6745,77.1622
6746,72.9347
6747,78.8456
6748,77.8898
6749,81.7033
6750,86.5963
6751,91.1413
6752,95.8151
6753,93.5324
6754,97.7255
6755,94.5280
6756,87.3270
6757,97.2884
6758,89.4501
6759,98.8229
6760,108.7503
6761,120.4257
6762,121.0359
6763,120.8659
6764,116.2070
6765,111.9390
6766,97.6089
6767,92.2424
6768,73.5603
6769,78.4558
6770,73.5197
6771,72.9429
6772,79.8591
6773,82.0567
6774,85.8392
6775,83.8965
6776,94.7725
6777,101.4767
6778,98.2517
6779,92.6482
6780,85.5057
6781,89.2501
6782,92.3042
6783,98.4899
6784,106.6389
6785,110.3418
6786,119.1216
6787,123.9776
6788,115.3530
6789,106.8874
6790,98.4928
6791,94.6406
6792,76.0493
6793,76.1203
6794,78.8367
6795,74.4436
6796,79.6332
6797,84.7110
6798,87.6886
6799,87.3440
6800,95.8055
6801,102.2942
6802,96.6791
6803,90.9927
6804,88.5446
6805,87.7069
6806,90.6150
6807,104.6557
6808,104.1649
6809,120.0129
6810,116.5432
6811,114.6852
6812,112.8707
6813,110.7125
6814,101.5667
6815,87.1308
6816,71.6829
6817,76.4635
6818,78.0715
6819,75.8595
6820,76.5949
6821,78.2560
6822,81.2847
6823,86.1101
6824,91.1619
6825,93.5618
6826,91.4171
6827,93.5252
6828,86.7407
6829,89.6438
6830,96.2274
6831,97.3113
6832,117.4590
6833,114.3051
6834,113.3521
6835,123.1852
6836,114.1300
6837,113.0354
6838,96.8205
6839,92.8967
6840,68.4880
6841,67.5538
6842,69.8930
6843,64.6621
6844,71.5193
6845,70.0912
6846,77.3956
6847,81.7535
6848,82.0514
6849,81.6175
6850,81.9637
6851,82.3350
6852,82.4669
6853,81.0009
6854,81.1097
6855,94.0459
6856,97.9957
6857,99.5492
6858,112.8565
6859,107.7601
6860,100.8896
6861,93.9083
6862,94.1461
6863,85.0929
6864,67.6705
6865,67.5975
6866,67.9187
6867,67.6609
6868,68.9303
6869,72.4187
6870,75.8501
6871,78.9980
6872,86.1704
6873,82.1179
6874,81.2273
6875,78.9287
6876,73.8563
6877,80.4498
6878,86.9360
6879,83.3195
6880,96.3128
6881,102.6701
6882,103.5764
6883,104.6177
6884,99.8664
6885,97.6301
6886,88.6838
6887,83.6999
6888,73.1659
6889,75.9298
6890,78.2651
6891,76.0121
6892,72.9544
6893,82.3740
6894,81.1239
6895,92.0107
6896,96.2716
6897,96.0327
6898,91.2141
6899,86.2905
6900,87.7708
6901,85.4603
6902,88.7601
6903,104.9296
6904,106.1740
6905,115.0651
6906,120.5309
6907,125.2026
6908,116.6613
6909,99.0878
6910,99.5040
6911,88.2205
6912,72.9484
6913,71.2495
6914,74.8190
6915,70.8330
6916,75.0674
6917,80.6563
6918,83.8543
6919,84.2692
6920,92.7559
6921,94.5476
6922,95.6928
6923,90.7213
6924,91.5398
6925,90.3708
6926,90.3379
6927,97.6408
6928,111.8558
6929,115.3025
6930,113.6349
6931,120.0865
6932,114.6493
6933,99.5931
6934,94.2565
6935,87.7188
6936,74.5392
6937,70.4984
6938,75.0844
6939,76.6576
6940,75.9240
6941,76.7395
6942,87.3543
6943,90.2893
6944,96.2575
6945,91.1960
6946,95.3098
6947,88.8950
6948,84.1574
6949,89.7100
6950,90.6017
6951,99.2633
6952,108.1567
6953,112.7526
6954,121.7192
6955,118.8586
6956,116.4230
6957,103.4148
6958,102.2729
6959,83.7254
6960,73.1800
6961,69.2386
6962,77.3355
6963,75.5267
6964,76.6490
6965,76.9100
6966,80.6814
6967,89.3435
6968,87.6470
6969,91.8133
6970,96.6096
6971,88.9342
6972,91.6139
6973,86.1269
6974,90.6659
6975,95.0297
6976,106.5952
6977,113.8685
6978,119.4821
6979,116.6680
6980,111.6715
6981,100.1167
6982,91.4747
6983,88.9350
6984,70.6716
6985,75.1933
6986,71.2285
6987,71.8684
6988,75.6180
6989,81.4357
6990,78.6395
6991,88.9988
6992,91.1921
6993,91.4908
6994,92.0047
6995,88.8450
6996,82.0088
6997,89.5503
6998,89.1527
6999,95.2051
7000,104.0153
7001,116.5472
7002,118.1434
7003,114.4629
7004,109.7194
7005,100.4175
7006,95.2657
7007,91.4335
7008,69.9735
7009,63.7759
7010,65.4621
7011,65.9020
7012,72.9688
7013,69.8073
7014,74.5799
7015,77.8718
7016,79.3336
7017,81.3338
7018,81.9740
7019,79.8405
7020,76.3981
7021,81.2417
7022,80.1986
7023,89.7213
7024,92.9325
7025,102.0978
7026,105.6741
7027,104.9440
7028,101.6105
7029,93.1072
7030,86.4294
7031,79.0412
7032,68.2112
7033,62.4941
7034,62.9161
7035,65.3265
7036,67.1715
7037,75.0025
7038,70.8810
7039,78.8366
7040,82.9382
7041,82.7018
7042,83.0425
7043,80.2295
7044,79.3363
7045,77.2261
7046,85.8046
7047,88.1461
7048,87.7704
7049,104.0900
7050,104.9357
7051,106.2001
7052,97.3247
7053,91.9495
7054,88.9164
7055,81.8259
7056,72.4514
7057,71.6184
7058,74.3827
7059,73.8371
7060,73.6415
7061,76.4437
7062,80.9411
7063,90.2349
7064,85.8225
7065,93.3464
7066,90.3042
7067,88.2551
7068,81.7955
7069,83.2525
7070,92.7620
7071,96.7695
7072,101.5748
7073,111.6360
7074,118.2252
7075,114.1669
7076,109.5908
7077,101.5219
7078,97.7682
7079,88.5141
7080,70.0616
7081,72.7666
7082,70.7010
7083,76.5215
7084,74.0891
7085,70.2123
7086,80.7105
7087,83.5034
7088,90.0407
7089,88.8875
7090,88.1448
7091,92.5808
7092,87.2411
7093,87.6103
7094,86.7116
7095,96.3899
7096,104.9327
7097,119.8647
7098,107.7162
7099,111.9910
7100,108.3389
7101,103.1852
7102,95.5577
7103,83.9990
7104,70.9554
7105,72.3368
7106,72.8800
7107,75.9389
7108,74.9343
7109,76.3509
7110,77.0603
7111,84.2971
7112,87.9793
7113,88.9673
7114,91.9414
7115,87.9317
7116,85.7879
7117,87.2484
7118,91.4420
7119,95.1368
7120,101.6149
7121,115.0382
7122,111.5939
7123,116.5879
7124,113.0064
7125,101.3206
7126,95.8731
7127,87.7742
7128,74.3685
7129,77.2757
7130,70.8876
7131,73.1131
7132,74.0801
7133,81.2729
7134,81.4715
7135,89.5001
7136,90.6737
7137,92.4618
7138,88.4355
7139,84.9716
7140,87.4427
7141,84.5748
7142,84.8861
7143,94.3193
7144,95.2420
7145,112.6683
7146,118.7258
7147,122.1695
7148,112.2777
7149,96.6639
7150,88.4595
7151,79.4164
7152,70.5642
7153,71.3722
7154,71.1463
7155,75.2867
7156,68.9056
7157,74.1866
7158,81.3095
7159,88.0964
7160,85.4774
7161,88.3551
7162,91.7913
7163,86.7834
7164,86.4810
7165,81.7327
7166,89.3080
7167,90.0625
7168,105.8235
7169,116.1690
7170,117.9184
7171,107.7922
7172,108.5436
7173,100.6168
7174,94.7986
7175,89.0501
7176,64.1457
7177,63.0179
7178,64.9720
7179,65.2896
7180,66.8151
7181,67.5683
7182,72.1379
7183,77.1559
7184,81.8724
7185,77.6574
7186,77.8160
7187,78.5955
7188,77.4025
7189,74.2577
7190,74.7505
7191,85.8770
7192,94.8729
7193,99.6279
7194,103.6128
7195,96.5899
7196,105.0710
7197,95.7979
7198,83.0631
7199,75.9657
7200,63.0853
7201,64.4915
7202,60.3932
7203,60.4654
7204,63.2277
7205,69.9517
7206,71.7627
7207,75.4993
7208,77.7098
7209,81.2733
7210,81.9765
7211,79.8105
7212,78.7098
7213,77.4573
7214,77.2028
7215,79.8824
7216,96.2569
7217,97.3638
7218,107.3186
7219,100.0444
7220,97.9235
7221,92.7846
7222,82.8586
7223,80.0772
7224,70.8242
7225,74.1293
7226,69.1031
7227,67.9063
7228,73.0021
7229,75.2810
7230,75.9284
7231,85.6240
7232,87.4090
7233,86.0926
7234,89.2740
7235,83.9176
7236,79.4929
7237,84.3195
7238,82.8292
7239,93.5236
7240,106.0241
7241,111.0250
7242,115.1170
7243,112.8123
7244,109.7582
7245,97.0718
7246,92.2562
7247,82.2411
7248,70.3792
7249,74.0013
7250,71.2639
7251,67.2167
7252,72.7482
7253,74.0728
7254,81.1959
7255,82.4132
7256,89.6729
7257,90.3956
7258,87.8162
7259,84.4210
7260,86.5738
7261,84.8410
7262,87.7367
7263,95.9730
7264,94.9482
7265,108.3987
7266,109.2787
7267,112.7747
7268,104.5753
7269,101.6522
7270,91.4402
7271,87.8228
7272,71.7663
7273,66.8308
7274,71.4978
7275,68.4796
7276,70.6976
7277,76.4347
7278,74.8921
7279,83.0414
7280,85.1286
7281,91.5350
7282,85.4742
7283,86.1383
7284,85.9252
7285,83.2880
7286,87.0103
7287,91.9932
7288,106.7261
7289,110.8671
7290,106.9433
7291,115.4484
7292,104.6622
7293,97.2354
7294,93.2316
7295,83.5280
7296,68.8354
7297,75.2616
7298,67.9078
7299,67.8775
7300,74.2781
7301,74.0251
7302,78.1067
7303,88.8144
7304,89.3178
7305,84.7182
7306,85.5249
7307,84.5225
7308,81.1052
7309,86.7830
7310,83.6396
7311,91.9363
7312,100.4272
7313,104.5668
7314,110.1426
7315,115.6880
7316,106.6786
7317,107.5953
7318,93.8329
7319,86.8974
7320,67.5022
7321,68.6797
7322,69.5022
7323,69.9517
7324,70.3743
7325,74.1960
7326,75.6127
7327,82.8508
7328,90.0834
7329,87.2795
7330,90.3740
7331,85.1164
7332,80.8138
7333,86.4612
7334,85.9236
7335,97.4340
7336,98.8162
7337,107.1867
7338,112.7886
7339,113.8601
7340,107.6792
7341,102.6406
7342,95.4584
7343,82.3823
7344,63.0179
7345,63.2065
7346,61.9503
7347,59.8098
7348,65.0576
7349,65.5234
7350,71.2607
7351,78.1500
7352,78.1156
7353,81.8094
7354,79.5919
7355,72.6989
7356,70.5723
7357,73.9807
7358,78.5445
7359,86.0038
7360,95.9751
7361,101.1289
7362,99.8777
7363,95.4892
7364,99.4109
7365,87.5711
7366,80.1400
7367,69.2595
7368,60.1748
7369,62.4964
7370,60.7200
7371,64.7990
7372,64.2509
7373,66.0758
7374,68.0596
7375,72.2211
7376,76.0173
7377,80.4056
7378,76.5982
7379,76.4588
7380,74.1570
7381,72.6006
7382,77.8112
7383,85.8112
7384,98.4878
7385,96.2413
7386,98.1136
7387,98.4973
7388,96.4600
7389,92.0992
7390,80.0045
7391,77.0229
7392,68.2794
7393,68.3408
7394,70.7904
7395,67.8813
7396,68.4864
7397,74.4238
7398,81.2445
7399,82.3702
7400,84.1687
7401,86.7855
7402,86.2735
7403,83.8865
7404,80.1309
7405,86.4346
7406,82.9911
7407,92.5227
7408,97.5392
7409,102.1706
7410,111.9263
7411,111.9598
7412,108.7044
7413,94.4907
7414,94.1367
7415,86.4189
7416,69.6706
7417,70.1322
7418,72.2467
7419,67.8443
7420,69.8452
7421,71.0344
7422,74.5765
7423,82.3714
7424,88.8816
7425,86.1502
7426,87.5099
7427,80.2960
7428,80.1823
7429,83.1097
7430,84.9811
7431,94.6737
7432,98.2302
7433,102.3080
7434,110.6329
7435,108.7852
7436,104.7617
7437,104.3425
7438,89.2449
7439,85.6760
7440,68.8532
7441,67.4918
7442,71.4449
7443,68.7308
7444,70.5958
7445,76.0414
7446,75.9158
7447,80.5890
7448,87.4277
7449,88.2263
7450,86.9624
7451,86.1467
7452,77.6317
7453,83.1776
7454,84.0763
7455,89.7160
7456,99.1260
7457,105.1224
7458,111.3441
7459,109.3588
7460,104.9224
7461,95.9503
7462,85.6969
7463,82.7906
7464,73.4593
7465,64.2242
7466,70.1810
7467,66.0736
7468,69.9310
7469,74.4437
7470,76.2317
7471,84.0736
7472,85.2768
7473,89.3303
7474,83.2560
7475,83.0424
7476,79.6056
7477,79.1105
7478,88.5822
7479,89.3294
7480,98.9979
7481,103.9763
7482,110.6560
7483,112.7671
7484,102.9167
7485,100.1082
7486,89.4015
7487,75.6721
7488,70.5055
7489,70.9077
7490,71.6249
7491,69.6631
7492,71.4359
7493,75.4507
7494,75.4247
7495,82.1832
7496,85.2852
7497,87.4889
7498,86.8626
7499,85.2450
7500,83.4091
7501,77.6167
7502,86.8805
7503,92.9986
7504,95.4620
7505,100.9050
7506,112.2412
7507,109.1920
7508,103.3926
7509,94.1846
7510,83.7605
7511,81.0446
7512,60.5428
7513,62.5890
7514,61.1866
7515,63.3758
7516,63.4817
7517,69.1550
7518,70.9235
7519,72.8107
7520,74.6488
7521,76.7339
7522,74.1364
7523,70.2263
7524,74.7001
7525,72.3623
7526,76.2220
7527,83.3098
7528,88.5839
7529,94.2597
7530,99.4910
7531,90.7447
7532,92.3559
7533,86.8242
7534,81.6834
7535,70.3566
7536,58.5047
7537,59.9750
7538,60.9259
7539,64.2611
7540,60.2620
7541,65.0095
7542,68.2292
7543,72.7965
7544,75.0100
7545,81.3405
7546,75.8729
7547,73.8007
7548,71.4159
7549,77.1247
7550,75.6376
7551,81.3102
7552,86.1313
7553,96.2548
7554,92.3336
7555,98.0001
7556,95.1508
7557,85.1563
7558,81.6341
7559,75.3379
7560,69.7106
7561,67.6533
7562,67.9592
7563,66.0126
7564,69.2368
7565,73.1519
7566,77.4863
7567,78.6900
7568,84.4334
7569,83.6620
7570,84.5460
7571,80.5919
7572,78.0589
7573,78.6137
7574,82.0584
7575,88.1712
7576,99.6757
7577,101.6446
7578,105.4104
7579,110.9772
7580,108.4289
7581,96.0100
7582,84.7463
7583,81.7970
7584,67.3565
7585,70.0763
7586,69.8498
7587,67.3682
7588,70.3585
7589,72.3302
7590,76.2486
7591,86.5107
7592,77.9514
7593,82.3962
7594,84.6385
7595,86.3954
7596,83.3472
7597,78.3849
7598,83.1523
7599,91.6517
7600,92.6814
7601,106.4123
7602,106.3314
7603,110.9882
7604,104.0332
7605,98.6985
7606,83.6406
7607,74.2811
7608,69.0498
7609,68.0583
7610,66.3663
7611,63.4053
7612,70.5727
7613,72.3483
7614,75.5517
7615,82.4552
7616,82.7615
7617,77.6013
7618,82.2436
7619,78.7273
7620,77.6480
7621,76.1696
7622,82.6002
7623,90.1404
7624,102.3097
7625,102.0837
7626,107.4703
7627,113.8303
7628,100.3982
7629,97.1494
7630,89.0335
7631,77.5832
7632,63.6079
7633,67.5836
7634,66.1643
7635,70.4853
7636,68.8084
7637,70.1271
7638,77.6969
7639,81.4110
7640,82.1194
7641,79.5560
7642,87.9276
7643,84.4323
7644,78.6615
7645,78.3978
7646,82.3965
7647,89.7151
7648,97.0102
7649,103.9139
7650,109.8768
7651,110.8973
7652,98.5534
7653,95.6344
7654,85.6381
7655,81.1765
7656,66.4655
7657,66.7000
7658,67.1954
7659,67.7059
7660,70.4501
7661,67.7380
7662,78.3586
7663,78.5534
7664,80.8149
7665,84.5152
7666,85.2565
7667,79.5674
7668,76.0662
7669,80.0371
7670,81.2975
7671,84.8613
7672,98.4581
7673,104.6665
7674,104.1878
7675,107.5708
7676,97.6218
7677,100.7490
7678,83.2892
7679,79.4323
7680,60.2093
7681,60.0859
7682,61.9335
7683,60.0380
7684,65.6583
7685,62.6533
7686,66.7018
7687,68.4487
7688,72.1978
7689,73.9358
7690,74.4537
7691,74.4427
7692,70.2004
7693,68.2201
7694,67.4947
7695,77.9311
7696,81.9216
7697,90.0259
7698,96.1783
7699,91.7970
7700,89.3199
7701,88.8072
7702,79.4984
7703,71.4905
7704,61.8702
7705,58.6248
7706,60.0549
7707,59.1387
7708,61.8379
7709,64.9115
7710,65.7444
7711,69.1273
7712,74.6872
7713,71.8594
7714,73.6433
7715,68.3304
7716,66.4651
7717,68.3035
7718,74.9690
7719,80.9366
7720,87.5734
7721,86.6463
7722,95.3113
7723,93.6073
7724,93.1581
7725,88.9817
7726,75.6443
7727,70.7947
7728,68.3114
7729,66.1719
7730,65.0557
7731,66.3698
7732,67.3456
7733,67.5398
7734,72.8737
7735,76.8866
7736,84.1964
7737,81.5738
7738,78.5860
7739,80.9658
7740,76.8968
7741,77.4159
7742,82.0856
7743,89.2262
7744,94.0406
7745,101.1981
7746,107.9132
7747,101.0977
7748,104.7350
7749,91.5143
7750,84.7184
7751,83.1842
7752,65.4365
7753,63.6814
7754,65.1492
7755,65.9296
7756,71.2582
7757,64.5804
7758,75.3326
7759,80.5206
7760,85.4903
7761,82.6272
7762,82.2701
7763,77.3113
7764,73.1630
7765,79.0778
7766,80.5780
7767,86.4680
7768,91.9432
7769,100.4509
7770,103.7133
7771,100.1690
7772,104.7226
7773,95.5524
7774,87.4836
7775,78.3685
7776,68.8602
7777,68.7095
7778,70.8441
7779,68.7048
7780,64.6231
7781,72.3224
7782,74.5427
7783,75.7979
7784,83.5871
7785,82.1377
7786,81.4620
7787,83.2959
7788,80.1237
7789,78.0512
7790,83.8751
7791,83.3696
7792,97.1523
7793,104.4292
7794,111.2212
7795,104.4076
7796,101.6305
7797,93.2839
7798,88.4102
7799,78.0769
7800,62.4621
7801,61.7282
7802,63.9627
7803,67.9918
7804,68.7563
7805,73.5021
7806,73.6020
7807,78.9511
7808,82.1552
7809,84.7042
7810,86.4973
7811,81.7356
7812,78.3073
7813,73.7953
7814,74.2583
7815,87.0141
7816,91.4740
7817,102.9558
7818,106.6992
7819,102.3681
7820,99.5409
7821,93.4067
7822,81.6760
7823,76.1090
7824,62.6028
7825,65.7888
7826,65.7429
7827,62.7324
7828,64.4448
7829,68.1834
7830,74.9729
7831,78.0274
7832,76.9374
7833,79.0563
7834,79.9461
7835,73.8626
7836,74.7009
7837,80.3487
7838,81.2599
7839,83.1135
7840,93.3934
7841,101.8118
7842,108.5730
7843,104.5810
7844,98.3151
7845,90.9968
7846,89.1325
7847,78.0017
7848,58.6677
7849,59.1838
7850,60.1276
7851,61.1718
7852,60.1069
7853,61.2933
7854,64.2413
7855,69.1764
7856,68.4287
7857,74.2005
7858,71.5250
7859,68.9047
7860,63.4568
7861,70.5030
7862,73.3650
7863,77.8882
7864,82.9981
7865,91.9137
7866,95.2061
7867,94.3610
7868,86.1002
7869,84.5837
7870,72.4878
7871,66.3330
7872,56.6777
7873,57.3489
7874,57.3698
7875,56.4061
7876,59.3794
7877,64.2611
7878,65.9940
7879,70.7964
7880,71.1141
7881,71.1985
7882,71.4364
7883,69.8355
7884,68.5210
7885,68.8544
7886,72.8523
7887,74.1034
7888,84.8442
7889,93.2049
7890,92.0703
7891,90.3368
7892,85.8308
7893,84.0087
7894,75.4922
7895,70.2531
7896,64.9479
7897,64.2443
7898,66.6685
7899,67.8954
7900,65.3418
7901,69.8794
7902,74.0427
7903,77.1254
7904,76.3917
7905,78.8749
7906,84.5023
7907,77.9054
7908,74.9719
7909,74.4318
7910,77.7311
7911,85.4682
7912,90.5928
7913,91.1031
7914,101.6466
7915,107.7300
7916,95.3307
7917,89.9596
7918,83.1136
7919,79.5502
7920,63.1136
7921,62.4027
7922,63.3344
7923,63.6008
7924,65.4935
7925,64.9248
7926,72.3390
7927,77.6943
7928,78.4810
7929,81.8827
7930,76.1459
7931,78.6249
7932,72.6104
7933,75.7838
7934,77.9266
7935,82.1327
7936,90.2896
7937,96.2331
7938,103.4598
7939,98.4669
7940,94.9689
7941,92.5308
7942,87.0568
7943,77.9986
7944,63.7511
7945,66.4547
7946,63.3087
7947,67.8393
7948,68.3793
7949,67.0835
7950,74.1865
7951,76.6738
7952,80.9920
7953,84.6328
7954,76.5479
7955,79.2424
7956,76.9087
7957,79.3321
7958,82.6573
7959,81.7814
7960,91.2605
7961,98.6561
7962,107.1766
7963,98.6738
7964,103.5686
7965,89.4939
7966,81.4776
7967,72.6931
7968,62.2983
7969,63.1698
7970,63.6260
7971,63.0861
7972,66.0315
7973,65.8113
7974,70.7828
7975,77.2131
7976,79.1398
7977,79.6010
7978,78.6079
7979,76.4130
7980,72.9699
7981,72.1959
7982,78.0928
7983,87.9279
7984,89.5766
7985,100.1751
7986,102.4839
7987,101.2266
7988,96.6853
7989,92.0326
7990,82.9172
7991,77.7423
7992,63.4322
7993,60.9466
7994,63.7938
7995,68.5546
7996,62.6728
7997,67.2870
7998,71.8104
7999,74.7949
8000,79.6135
8001,84.2237
8002,83.3660
8003,78.1818
8004,74.6479
8005,78.1952
8006,77.4548
8007,82.1146
8008,92.7742
8009,102.4574
8010,101.8569
8011,104.1756
8012,99.0616
8013,93.0344
8014,82.7385
8015,72.2831
8016,56.6459
8017,57.3133
8018,58.6689
8019,58.0068
8020,60.3463
8021,57.2632
8022,64.8827
8023,65.8535
8024,71.6415
8025,68.1976
8026,70.8149
8027,71.7050
8028,70.5753
8029,65.5812
8030,73.6272
8031,78.7522
8032,78.0263
8033,85.9433
8034,91.7956
8035,91.9786
8036,86.2991
8037,82.1222
8038,73.1041
8039,67.6475
8040,56.4142
8041,58.2231
8042,54.6690
8043,55.2330
8044,60.1189
8045,59.4672
8046,64.0321
8047,65.4097
8048,68.4463
8049,70.6268
8050,72.7144
8051,67.7904
8052,63.8465
8053,65.3191
8054,72.0789
8055,75.4445
8056,79.6235
8057,92.1843
8058,90.8439
8059,91.9236
8060,87.8612
8061,79.0255
8062,73.1947
8063,69.1088
8064,59.9095
8065,61.4300
8066,63.9463
8067,62.4881
8068,65.8803
8069,66.4458
8070,72.2602
8071,73.7996
8072,77.2014
8073,77.7643
8074,80.8422
8075,72.3704
8076,74.4051
8077,72.8655
8078,78.1552
8079,83.4028
8080,86.0698
8081,94.3235
8082,102.2927
8083,101.4853
8084,97.5972
8085,87.3672
8086,83.5037
8087,76.3061
8088,62.4619
8089,62.7637
8090,63.6812
8091,65.9997
8092,61.7285
8093,65.5786
8094,68.7633
8095,74.6440
8096,78.7111
8097,82.7892
8098,83.3514
8099,74.4905
8100,71.4040
8101,74.6359
8102,77.7591
8103,83.1290
8104,90.2030
8105,95.8155
8106,101.4113
8107,101.8857
8108,96.2808
8109,90.5233
8110,82.1468
8111,73.6513
8112,65.9334
8113,63.6925
8114,61.8620
8115,62.9102
8116,64.0980
8117,67.6683
8118,69.7316
8119,73.9086
8120,79.2017
8121,79.3386
8122,78.6074
8123,78.9116
8124,77.9184
8125,74.0034
8126,80.3177
8127,82.2723
8128,88.8860
8129,104.0560
8130,99.2840
8131,100.0247
8132,92.0712
8133,90.4653
8134,81.2151
8135,75.1044
8136,64.0007
8137,62.2450
8138,64.0752
8139,63.8016
8140,64.1073
8141,66.1880
8142,72.2305
8143,73.7363
8144,75.5120
8145,73.5699
8146,76.9210
8147,75.2827
8148,73.7714
8149,75.6194
8150,79.5008
8151,82.1418
8152,91.3975
8153,91.2794
8154,102.6246
8155,102.3081
8156,97.9466
8157,88.5819
8158,84.5049
8159,71.8736
8160,62.3699
8161,59.4566
8162,63.4960
8163,62.0534
8164,63.4236
8165,68.3299
8166,71.2910
8167,71.7772
8168,79.0665
8169,77.6366
8170,77.0209
8171,75.0404
8172,72.7842
8173,75.0970
8174,77.8788
8175,80.9615
8176,94.1236
8177,94.7160
8178,104.5500
8179,97.3785
8180,97.8614
8181,87.9915
8182,79.9843
8183,77.2398
8184,55.4280
8185,57.4634
8186,58.5001
8187,55.9380
8188,59.9199
8189,61.2431
8190,61.9736
8191,66.3231
8192,67.4613
8193,73.4842
8194,72.1691
8195,62.9722
8196,65.6829
8197,63.1468
8198,72.8610
8199,73.1273
8200,80.8798
8201,81.8274
8202,88.5241
8203,90.7694
8204,88.9071
8205,81.8570
8206,70.4765
8207,63.0759
8208,54.5083
8209,57.9217
8210,56.9265
8211,58.1588
8212,58.3775
8213,58.7548
8214,64.2367
8215,67.9948
8216,70.8849
8217,67.4847
8218,69.3831
8219,67.0430
8220,67.4645
8221,65.1589
8222,70.0413
8223,74.1656
8224,81.6668
8225,86.2989
8226,91.8304
8227,87.4128
8228,88.7831
8229,82.4680
8230,70.2531
8231,64.2248
8232,60.8835
8233,62.6581
8234,60.5912
8235,63.0941
8236,63.2959
8237,66.5035
8238,71.2090
8239,74.4618
8240,76.0945
8241,76.6337
8242,82.6251
8243,78.4850
8244,73.9238
8245,72.9523
8246,77.8407
8247,81.3899
8248,87.7626
8249,99.5986
8250,97.1175
8251,97.6133
8252,94.6445
8253,88.6182
8254,75.1401
8255,74.1619
8256,61.5582
8257,65.2333
8258,59.6208
8259,61.1558
8260,62.3626
8261,63.1993
8262,71.0684
8263,74.1647
8264,76.1358
8265,78.5991
8266,77.8100
8267,73.3382
8268,74.4394
8269,73.9900
8270,77.5961
8271,79.4791
8272,85.4543
8273,94.7031
8274,98.7380
8275,98.8309
8276,97.0514
8277,85.5360
8278,83.1984
8279,74.2273
8280,60.5759
8281,62.1233
8282,61.7210
8283,62.7804
8284,67.5290
8285,63.4114
8286,69.9864
8287,70.9379
8288,74.5080
8289,77.3695
8290,76.5071
8291,73.8586
8292,72.5397
8293,69.5860
8294,73.5650
8295,81.1792
8296,93.6134
8297,99.8571
8298,97.3907
8299,97.4912
8300,93.2693
8301,87.0128
8302,82.4272
8303,73.6294
8304,60.7240
8305,56.6281
8306,63.9505
8307,60.4548
8308,59.8945
8309,67.7549
8310,66.7605
8311,73.0107
8312,76.4184
8313,73.9577
8314,76.9843
8315,80.3260
8316,69.5500
8317,73.6722
8318,74.6043
8319,76.8152
8320,86.8488
8321,96.0547
8322,100.2222
8323,100.8507
8324,95.6966
8325,90.1415
8326,79.9541
8327,71.9922
8328,59.0743
8329,58.6791
8330,58.6228
8331,60.6623
8332,64.1596
8333,68.6177
8334,68.4815
8335,72.8132
8336,81.0423
8337,80.9812
8338,75.8568
8339,71.1779
8340,69.5045
8341,73.2333
8342,75.6065
8343,83.7791
8344,90.1311
8345,95.6759
8346,95.1263
8347,99.7179
8348,96.5037
8349,86.5287
8350,82.0797
8351,68.3051
8352,55.0387
8353,56.3470
8354,52.1113
8355,53.8453
8356,59.1876
8357,60.0767
8358,59.5451
8359,66.4062
8360,70.8055
8361,71.8787
8362,68.6375
8363,65.5764
8364,68.3620
8365,64.5314
8366,69.4549
8367,73.8394
8368,83.9164
8369,85.8270
8370,88.9806
8371,92.3025
8372,89.3445
8373,83.5046
8374,71.9996
8375,69.5287
8376,55.0602
8377,58.2066
8378,54.2535
8379,54.5880
8380,57.2126
8381,61.9092
8382,65.1311
8383,64.9328
8384,69.5171
8385,69.1910
8386,70.6740
8387,70.6104
8388,66.8432
8389,67.6074
8390,63.5424
8391,76.0819
8392,77.8967
8393,87.9663
8394,89.9665
8395,84.0351
8396,86.3317
8397,77.3376
8398,75.9793
8399,66.7424
8400,57.3205
8401,62.8869
8402,61.4735
8403,62.4218
8404,62.4655
8405,61.0643
8406,68.0221
8407,72.2237
8408,72.4374
8409,80.2157
8410,74.2138
8411,71.1191
8412,72.7580
8413,72.6531
8414,74.3492
8415,79.4937
8416,83.9633
8417,96.2150
8418,102.3336
8419,102.5851
8420,94.6982
8421,84.1199
8422,77.5375
8423,70.5367
8424,57.2462
8425,60.3207
8426,59.2485
8427,62.5596
8428,58.9603
8429,64.2437
8430,67.1358
8431,73.5595
8432,75.3073
8433,79.9221
8434,78.2666
8435,74.6173
8436,73.2150
8437,74.5539
8438,72.3693
8439,80.0720
8440,84.1733
8441,91.1735
8442,99.0159
8443,98.9368
8444,98.2599
8445,89.9467
8446,76.6211
8447,75.7388
8448,62.2451
8449,61.5189
8450,59.9032
8451,64.5482
8452,66.4899
8453,62.7368
8454,67.2434
8455,71.8946
8456,76.8466
8457,77.5446
8458,76.3774
8459,75.4944
8460,67.0509
8461,73.0126
8462,77.5567
8463,78.7123
8464,90.0640
8465,93.8892
8466,95.3693
8467,91.8729
8468,92.0251
8469,86.0439
8470,79.4749
8471,73.2193
8472,61.8880
8473,58.2609
8474,61.2224
8475,60.5262
8476,63.8501
8477,65.3736
8478,63.5520
8479,74.4130
8480,75.1165
8481,74.0984
8482,80.8853
8483,71.6086
8484,70.1883
8485,66.8508
8486,72.0573
8487,79.2447
8488,85.8982
8489,87.5262
8490,99.5709
8491,97.8639
8492,94.2068
8493,87.0895
8494,80.5850
8495,74.5264
8496,63.6159
8497,61.2143
8498,57.4557
8499,60.4959
8500,63.0880
8501,61.8655
8502,73.0578
8503,74.3440
8504,73.5533
8505,74.9370
8506,76.7508
8507,75.2766
8508,67.5864
8509,71.9599
8510,75.2012
8511,77.8436
8512,87.3253
8513,93.1858
8514,97.4746
8515,97.3095
8516,90.8039
8517,84.8789
8518,81.0987
8519,71.6123
8520,54.9458
8521,57.6080
8522,52.8575
8523,57.9116
8524,54.1160
8525,56.0001
8526,60.4531
8527,63.0861
8528,67.1198
8529,68.9639
8530,66.3077
8531,65.2213
8532,65.4947
8533,66.9084
8534,68.9482
8535,68.4998
8536,78.6863
8537,81.2324
8538,87.5309
8539,85.1960
8540,82.2086
8541,80.6990
8542,69.8004
8543,60.6370
8544,54.9793
8545,51.8885
8546,55.1091
8547,53.8125
8548,57.5147
8549,58.2377
8550,61.3847
8551,65.1597
8552,67.5174
8553,72.0189
8554,69.7174
8555,65.3248
8556,58.3935
8557,65.9706
8558,66.6907
8559,72.2772
8560,73.1976
8561,77.8972
8562,85.8910
8563,90.0564
8564,87.5602
8565,79.0398
8566,69.0829
8567,62.9610
8568,61.9589
8569,59.5522
8570,59.3420
8571,60.2202
8572,62.1019
8573,65.3342
8574,61.0303
8575,70.0799
8576,75.3077
8577,77.2460
8578,78.4228
8579,68.9350
8580,69.0493
8581,74.1855
8582,75.4730
8583,78.8230
8584,86.3163
8585,95.1598
8586,97.3590
8587,97.6375
8588,88.3365
8589,80.8775
8590,81.7550
8591,72.3716
8592,60.3921
8593,62.0710
8594,58.3239
8595,60.5328
8596,62.9897
8597,64.7014
8598,65.1438
8599,68.3951
8600,74.4533
8601,72.7317
8602,80.9282
8603,73.7918
8604,73.6722
8605,69.6545
8606,76.4923
8607,82.1059
8608,85.8302
8609,93.6656
8610,96.9519
8611,97.4409
8612,88.5845
8613,86.7272
8614,76.4420
8615,71.8699
8616,62.6962
8617,60.7239
8618,57.8397
8619,61.6270
8620,63.2381
8621,65.7728
8622,67.1121
8623,67.5649
8624,76.5870
8625,76.4422
8626,74.4085
8627,69.2488
8628,69.7907
8629,73.9883
8630,74.0598
8631,77.5423
8632,86.1395
8633,89.3820
8634,95.8345
8635,98.1719
8636,91.6388
8637,85.9438
8638,74.4456
8639,70.4069
8640,57.5683
8641,56.2830
8642,61.2870
8643,60.0927
8644,64.4117
8645,64.6574
8646,68.3402
8647,67.9185
8648,74.3219
8649,73.5449
8650,73.4728
8651,75.2303
8652,71.8180
8653,71.5466
8654,75.6080
8655,82.7798
8656,88.1525
8657,91.2271
8658,100.2761
8659,98.6498
8660,96.0798
8661,86.6487
8662,75.5555
8663,69.7003
8664,58.3250
8665,60.7434
8666,62.0825
8667,57.2388
8668,61.7893
8669,64.7406
8670,66.3453
8671,67.0087
8672,74.7673
8673,75.6772
8674,71.7617
8675,74.1296
8676,67.5966
8677,71.5576
8678,70.7429
8679,80.4944
8680,90.0075
8681,92.0170
8682,94.2571
8683,93.6072
8684,92.4497
8685,83.4927
8686,78.7823
8687,73.9325
8688,52.6525
8689,52.0781
8690,54.8247
8691,53.3616
8692,53.5443
8693,57.0761
8694,58.1358
8695,62.7092
8696,64.9871
8697,67.7407
8698,66.1794
8699,66.0924
8700,66.9620
8701,64.8507
8702,68.4800
8703,67.1530
8704,75.9643
8705,80.5725
8706,82.7989
8707,87.1482
8708,77.9655
8709,72.9189
8710,68.3248
8711,64.5843
8712,53.6827
8713,54.2258
8714,53.7675
8715,54.0309
8716,56.0733
8717,56.9191
8718,63.2344
8719,61.7647
8720,63.9545
8721,66.2260
8722,68.9101
8723,64.0688
8724,59.8272
8725,68.3105
8726,63.6492
8727,67.1855
8728,76.6534
8729,86.1322
8730,88.1765
8731,89.5370
8732,81.4378
8733,82.8038
8734,70.9357
8735,63.8591
8736,61.9890
8737,64.4279
8738,58.7995
8739,59.7404
8740,60.5341
8741,65.1824
8742,65.9543
8743,72.6102
8744,72.9345
8745,73.1661
8746,72.4277
8747,70.1698
8748,72.7937
8749,71.2586
8750,76.0220
8751,73.7484
8752,88.2068
8753,92.2988
8754,96.8856
8755,98.6424
8756,92.5735
8757,85.8450
8758,81.1564
8759,71.2346
