# Synthetic hourly PV capacity factor, one year, dimensionless 0 to 1.
# Generated by make_profiles.py with seed 20260815. Not measured data.
# Shape: clear sky solar elevation for latitude 40 N with autocorrelated
# daily cloud attenuation and hourly flicker.
hour,cf
0,0.0000
1,0.0000
2,0.0000
3,0.0000
4,0.0000
5,0.0000
6,0.0000
7,0.0069
8,0.1030
9,0.1894
10,0.2616
11,0.2784
12,0.2619
13,0.2295
14,0.1937
15,0.1030
16,0.0074
17,0.0000
18,0.0000
19,0.0000
20,0.0000
21,0.0000
22,0.0000
23,0.0000
24,0.0000
25,0.0000
26,0.0000
27,0.0000
28,0.0000
29,0.0000
30,0.0000
31,0.0084
32,0.1060
33,0.1990
34,0.2705
35,0.3078
36,0.2750
37,0.2705
38,0.2005
39,0.1063
40,0.0084
41,0.0000
42,0.0000
43,0.0000
44,0.0000
45,0.0000
46,0.0000
47,0.0000
48,0.0000
49,0.0000
50,0.0000
51,0.0000
52,0.0000
53,0.0000
54,0.0000
55,0.0099
56,0.1153
57,0.1931
58,0.2831
59,0.3309
60,0.3125
61,0.3003
62,0.1698
63,0.1191
64,0.0092
65,0.0000
66,0.0000
67,0.0000
68,0.0000
69,0.0000
70,0.0000
71,0.0000
72,0.0000
73,0.0000
74,0.0000
75,0.0000
76,0.0000
77,0.0000
78,0.0000
79,0.0085
80,0.0969
81,0.1806
82,0.2296
83,0.2628
84,0.2665
85,0.2386
86,0.1806
87,0.0801
88,0.0085
89,0.0000
90,0.0000
91,0.0000
92,0.0000
93,0.0000
94,0.0000
95,0.0000
96,0.0000
97,0.0000
98,0.0000
99,0.0000
100,0.0000
101,0.0000
102,0.0000
103,0.0084
104,0.1003
105,0.1928
106,0.2345
107,0.2842
108,0.2948
109,0.2594
110,0.1928
111,0.1038
112,0.0074
113,0.0000
114,0.0000
115,0.0000
116,0.0000
117,0.0000
118,0.0000
119,0.0000
120,0.0000
121,0.0000
122,0.0000
123,0.0000
124,0.0000
125,0.0000
126,0.0000
127,0.0115
128,0.1189
129,0.2233
130,0.2720
131,0.3463
132,0.3677
133,0.3199
134,0.2389
135,0.1300
136,0.0125
137,0.0000
138,0.0000
139,0.0000
140,0.0000
141,0.0000
142,0.0000
143,0.0000
144,0.0000
145,0.0000
146,0.0000
147,0.0000
148,0.0000
149,0.0000
150,0.0000
151,0.0121
152,0.1170
153,0.2158
154,0.2898
155,0.3291
156,0.3074
157,0.2874
158,0.2057
159,0.1170
160,0.0121
161,0.0000
162,0.0000
163,0.0000
164,0.0000
165,0.0000
166,0.0000
167,0.0000
168,0.0000
169,0.0000
170,0.0000
171,0.0000
172,0.0000
173,0.0000
174,0.0000
175,0.0140
176,0.1258
177,0.2361
178,0.3166
179,0.3594
180,0.3594
181,0.2949
182,0.1896
183,0.1192
184,0.0140
185,0.0000
186,0.0000
187,0.0000
188,0.0000
189,0.0000
190,0.0000
191,0.0000
192,0.0000
193,0.0000
194,0.0000
195,0.0000
196,0.0000
197,0.0000
198,0.0000
199,0.0115
200,0.1002
201,0.1834
202,0.2457
203,0.2635
204,0.2430
205,0.2426
206,0.1834
207,0.1002
208,0.0115
209,0.0000
210,0.0000
211,0.0000
212,0.0000
213,0.0000
214,0.0000
215,0.0000
216,0.0000
217,0.0000
218,0.0000
219,0.0000
220,0.0000
221,0.0000
222,0.0000
223,0.0138
224,0.1136
225,0.2052
226,0.2414
227,0.3142
228,0.2732
229,0.2770
230,0.2071
231,0.1104
232,0.0138
233,0.0000
234,0.0000
235,0.0000
236,0.0000
237,0.0000
238,0.0000
239,0.0000
240,0.0000
241,0.0000
242,0.0000
243,0.0000
244,0.0000
245,0.0000
246,0.0000
247,0.0147
248,0.1152
249,0.1966
250,0.2714
251,0.3168
252,0.2915
253,0.2754
254,0.2092
255,0.1052
256,0.0140
257,0.0000
258,0.0000
259,0.0000
260,0.0000
261,0.0000
262,0.0000
263,0.0000
264,0.0000
265,0.0000
266,0.0000
267,0.0000
268,0.0000
269,0.0000
270,0.0000
271,0.0168
272,0.1396
273,0.2253
274,0.3367
275,0.3815
276,0.3815
277,0.3098
278,0.2525
279,0.1186
280,0.0188
281,0.0000
282,0.0000
283,0.0000
284,0.0000
285,0.0000
286,0.0000
287,0.0000
288,0.0000
289,0.0000
290,0.0000
291,0.0000
292,0.0000
293,0.0000
294,0.0000
295,0.0165
296,0.1318
297,0.2374
298,0.2874
299,0.3580
300,0.3580
301,0.2849
302,0.1990
303,0.1318
304,0.0187
305,0.0000
306,0.0000
307,0.0000
308,0.0000
309,0.0000
310,0.0000
311,0.0000
312,0.0000
313,0.0000
314,0.0000
315,0.0000
316,0.0000
317,0.0000
318,0.0000
319,0.0232
320,0.1090
321,0.2644
322,0.3727
323,0.3796
324,0.4218
325,0.3434
326,0.2568
327,0.1563
328,0.0220
329,0.0000
330,0.0000
331,0.0000
332,0.0000
333,0.0000
334,0.0000
335,0.0000
336,0.0000
337,0.0000
338,0.0000
339,0.0000
340,0.0000
341,0.0000
342,0.0000
343,0.0243
344,0.1520
345,0.2763
346,0.3687
347,0.4170
348,0.3963
349,0.3346
350,0.2776
351,0.1201
352,0.0225
353,0.0000
354,0.0000
355,0.0000
356,0.0000
357,0.0000
358,0.0000
359,0.0000
360,0.0000
361,0.0000
362,0.0000
363,0.0000
364,0.0000
365,0.0000
366,0.0000
367,0.0239
368,0.1465
369,0.2602
370,0.3449
371,0.3900
372,0.3900
373,0.3045
374,0.2351
375,0.1465
376,0.0225
377,0.0000
378,0.0000
379,0.0000
380,0.0000
381,0.0000
382,0.0000
383,0.0000
384,0.0000
385,0.0000
386,0.0000
387,0.0000
388,0.0000
389,0.0000
390,0.0000
391,0.0277
392,0.1619
393,0.2862
394,0.3776
395,0.4227
396,0.4280
397,0.3627
398,0.2665
399,0.1619
400,0.0228
401,0.0000
402,0.0000
403,0.0000
404,0.0000
405,0.0000
406,0.0000
407,0.0000
408,0.0000
409,0.0000
410,0.0000
411,0.0000
412,0.0000
413,0.0000
414,0.0000
415,0.0294
416,0.1649
417,0.2900
418,0.3815
419,0.4328
420,0.3302
421,0.3417
422,0.2242
423,0.1536
424,0.0294
425,0.0000
426,0.0000
427,0.0000
428,0.0000
429,0.0000
430,0.0000
431,0.0000
432,0.0000
433,0.0000
434,0.0000
435,0.0000
436,0.0000
437,0.0000
438,0.0000
439,0.0228
440,0.1224
441,0.2140
442,0.2826
443,0.3155
444,0.3189
445,0.2536
446,0.1417
447,0.1224
448,0.0226
449,0.0000
450,0.0000
451,0.0000
452,0.0000
453,0.0000
454,0.0000
455,0.0000
456,0.0000
457,0.0000
458,0.0000
459,0.0000
460,0.0000
461,0.0000
462,0.0000
463,0.0286
464,0.1534
465,0.2672
466,0.3118
467,0.3566
468,0.3522
469,0.3079
470,0.2672
471,0.1534
472,0.0240
473,0.0000
474,0.0000
475,0.0000
476,0.0000
477,0.0000
478,0.0000
479,0.0000
480,0.0000
481,0.0000
482,0.0000
483,0.0000
484,0.0000
485,0.0000
486,0.0000
487,0.0238
488,0.1209
489,0.2089
490,0.2902
491,0.2851
492,0.3123
493,0.2902
494,0.2099
495,0.1123
496,0.0235
497,0.0000
498,0.0000
499,0.0000
500,0.0000
501,0.0000
502,0.0000
503,0.0000
504,0.0000
505,0.0000
506,0.0000
507,0.0000
508,0.0000
509,0.0000
510,0.0000
511,0.0320
512,0.1581
513,0.2304
514,0.3578
515,0.3750
516,0.4030
517,0.3578
518,0.2726
519,0.1581
520,0.0332
521,0.0000
522,0.0000
523,0.0000
524,0.0000
525,0.0000
526,0.0000
527,0.0000
528,0.0000
529,0.0000
530,0.0000
531,0.0000
532,0.0000
533,0.0000
534,0.0000
535,0.0387
536,0.1773
537,0.3042
538,0.3862
539,0.3765
540,0.4487
541,0.3414
542,0.2905
543,0.1773
544,0.0387
545,0.0000
546,0.0000
547,0.0000
548,0.0000
549,0.0000
550,0.0000
551,0.0000
552,0.0000
553,0.0000
554,0.0000
555,0.0000
556,0.0000
557,0.0000
558,0.0000
559,0.0376
560,0.1580
561,0.2836
562,0.3709
563,0.3964
564,0.4172
565,0.2877
566,0.2655
567,0.1661
568,0.0331
569,0.0000
570,0.0000
571,0.0000
572,0.0000
573,0.0000
574,0.0000
575,0.0000
576,0.0000
577,0.0000
578,0.0000
579,0.0000
580,0.0000
581,0.0000
582,0.0000
583,0.0312
584,0.1351
585,0.2217
586,0.2972
587,0.3411
588,0.3412
589,0.2681
590,0.2324
591,0.1217
592,0.0321
593,0.0000
594,0.0000
595,0.0000
596,0.0000
597,0.0000
598,0.0000
599,0.0000
600,0.0000
601,0.0000
602,0.0000
603,0.0000
604,0.0000
605,0.0000
606,0.0000
607,0.0330
608,0.1660
609,0.2804
610,0.3655
611,0.4106
612,0.4008
613,0.3340
614,0.2804
615,0.1660
616,0.0393
617,0.0000
618,0.0000
619,0.0000
620,0.0000
621,0.0000
622,0.0000
623,0.0000
624,0.0000
625,0.0000
626,0.0000
627,0.0000
628,0.0000
629,0.0000
630,0.0000
631,0.0379
632,0.1514
633,0.2085
634,0.3081
635,0.3776
636,0.3776
637,0.3264
638,0.1939
639,0.1538
640,0.0328
641,0.0000
642,0.0000
643,0.0000
644,0.0000
645,0.0000
646,0.0000
647,0.0000
648,0.0000
649,0.0000
650,0.0000
651,0.0000
652,0.0000
653,0.0000
654,0.0000
655,0.0376
656,0.1257
657,0.2595
658,0.3109
659,0.3571
660,0.3781
661,0.2918
662,0.2486
663,0.1552
664,0.0379
665,0.0000
666,0.0000
667,0.0000
668,0.0000
669,0.0000
670,0.0000
671,0.0000
672,0.0000
673,0.0000
674,0.0000
675,0.0000
676,0.0000
677,0.0000
678,0.0000
679,0.0365
680,0.1352
681,0.2269
682,0.2541
683,0.2898
684,0.3025
685,0.2918
686,0.2269
687,0.1363
688,0.0365
689,0.0000
690,0.0000
691,0.0000
692,0.0000
693,0.0000
694,0.0000
695,0.0000
696,0.0000
697,0.0000
698,0.0000
699,0.0000
700,0.0000
701,0.0000
702,0.0000
703,0.0283
704,0.1028
705,0.1702
706,0.2183
707,0.2287
708,0.2467
709,0.2202
710,0.1624
711,0.0975
712,0.0283
713,0.0000
714,0.0000
715,0.0000
716,0.0000
717,0.0000
718,0.0000
719,0.0000
720,0.0000
721,0.0000
722,0.0000
723,0.0000
724,0.0000
725,0.0000
726,0.0000
727,0.0363
728,0.1270
729,0.2108
730,0.2114
731,0.2339
732,0.2989
733,0.2676
734,0.2108
735,0.1018
736,0.0356
737,0.0000
738,0.0000
739,0.0000
740,0.0000
741,0.0000
742,0.0000
743,0.0000
744,0.0000
745,0.0000
746,0.0000
747,0.0000
748,0.0000
749,0.0000
750,0.0000
751,0.0405
752,0.1287
753,0.2355
754,0.3120
755,0.3347
756,0.3491
757,0.2896
758,0.2421
759,0.1477
760,0.0431
761,0.0000
762,0.0000
763,0.0000
764,0.0000
765,0.0000
766,0.0000
767,0.0000
768,0.0000
769,0.0000
770,0.0000
771,0.0000
772,0.0000
773,0.0000
774,0.0000
775,0.0411
776,0.1372
777,0.1831
778,0.2703
779,0.3218
780,0.3218
781,0.2525
782,0.1887
783,0.1372
784,0.0396
785,0.0000
786,0.0000
787,0.0000
788,0.0000
789,0.0000
790,0.0000
791,0.0000
792,0.0000
793,0.0000
794,0.0000
795,0.0000
796,0.0000
797,0.0000
798,0.0000
799,0.0323
800,0.1048
801,0.1725
802,0.2159
803,0.2475
804,0.2475
805,0.2054
806,0.1725
807,0.1023
808,0.0327
809,0.0000
810,0.0000
811,0.0000
812,0.0000
813,0.0000
814,0.0000
815,0.0000
816,0.0000
817,0.0000
818,0.0000
819,0.0000
820,0.0000
821,0.0000
822,0.0000
823,0.0453
824,0.1401
825,0.2211
826,0.2971
827,0.3317
828,0.3317
829,0.2971
830,0.2318
831,0.1436
832,0.0444
833,0.0000
834,0.0000
835,0.0000
836,0.0000
837,0.0000
838,0.0000
839,0.0000
840,0.0000
841,0.0000
842,0.0000
843,0.0000
844,0.0000
845,0.0000
846,0.0000
847,0.0372
848,0.1337
849,0.2148
850,0.2627
851,0.3066
852,0.3066
853,0.2416
854,0.2148
855,0.1337
856,0.0433
857,0.0000
858,0.0000
859,0.0000
860,0.0000
861,0.0000
862,0.0000
863,0.0000
864,0.0000
865,0.0000
866,0.0000
867,0.0000
868,0.0000
869,0.0000
870,0.0000
871,0.0294
872,0.0944
873,0.1561
874,0.1824
875,0.2223
876,0.2223
877,0.1994
878,0.1561
879,0.0977
880,0.0310
881,0.0000
882,0.0000
883,0.0000
884,0.0000
885,0.0000
886,0.0000
887,0.0000
888,0.0000
889,0.0000
890,0.0000
891,0.0000
892,0.0000
893,0.0000
894,0.0000
895,0.0296
896,0.0969
897,0.1542
898,0.1965
899,0.2189
900,0.2189
901,0.1965
902,0.1406
903,0.0923
904,0.0326
905,0.0000
906,0.0000
907,0.0000
908,0.0000
909,0.0000
910,0.0000
911,0.0000
912,0.0000
913,0.0000
914,0.0000
915,0.0000
916,0.0000
917,0.0000
918,0.0000
919,0.0408
920,0.1174
921,0.1777
922,0.2366
923,0.2634
924,0.1901
925,0.2269
926,0.1859
927,0.1143
928,0.0319
929,0.0000
930,0.0000
931,0.0000
932,0.0000
933,0.0000
934,0.0000
935,0.0000
936,0.0000
937,0.0000
938,0.0000
939,0.0000
940,0.0000
941,0.0000
942,0.0000
943,0.0432
944,0.1340
945,0.2111
946,0.2594
947,0.2569
948,0.2562
949,0.2681
950,0.2111
951,0.1280
952,0.0472
953,0.0000
954,0.0000
955,0.0000
956,0.0000
957,0.0000
958,0.0000
959,0.0000
960,0.0000
961,0.0000
962,0.0000
963,0.0000
964,0.0000
965,0.0000
966,0.0000
967,0.0422
968,0.1421
969,0.2247
970,0.2576
971,0.3167
972,0.2806
973,0.2364
974,0.2164
975,0.1364
976,0.0493
977,0.0000
978,0.0000
979,0.0000
980,0.0000
981,0.0000
982,0.0000
983,0.0000
984,0.0000
985,0.0000
986,0.0000
987,0.0000
988,0.0000
989,0.0000
990,0.0000
991,0.0465
992,0.1423
993,0.2066
994,0.2809
995,0.3121
996,0.2764
997,0.2660
998,0.2220
999,0.1423
1000,0.0473
1001,0.0000
1002,0.0000
1003,0.0000
1004,0.0000
1005,0.0000
1006,0.0000
1007,0.0000
1008,0.0000
1009,0.0000
1010,0.0000
1011,0.0000
1012,0.0000
1013,0.0000
1014,0.0000
1015,0.0673
1016,0.1335
1017,0.2772
1018,0.3501
1019,0.3332
1020,0.3887
1021,0.2952
1022,0.2772
1023,0.1709
1024,0.0669
1025,0.0000
1026,0.0000
1027,0.0000
1028,0.0000
1029,0.0000
1030,0.0000
1031,0.0000
1032,0.0000
1033,0.0000
1034,0.0000
1035,0.0000
1036,0.0000
1037,0.0000
1038,0.0000
1039,0.0769
1040,0.2091
1041,0.3752
1042,0.4514
1043,0.4884
1044,0.5368
1045,0.4476
1046,0.3493
1047,0.2216
1048,0.0954
1049,0.0000
1050,0.0000
1051,0.0000
1052,0.0000
1053,0.0000
1054,0.0000
1055,0.0000
1056,0.0000
1057,0.0000
1058,0.0000
1059,0.0000
1060,0.0000
1061,0.0000
1062,0.0000
1063,0.0679
1064,0.1734
1065,0.2570
1066,0.3078
1067,0.3294
1068,0.3725
1069,0.2796
1070,0.2670
1071,0.1694
1072,0.0659
1073,0.0000
1074,0.0000
1075,0.0000
1076,0.0000
1077,0.0000
1078,0.0000
1079,0.0000
1080,0.0000
1081,0.0000
1082,0.0000
1083,0.0000
1084,0.0000
1085,0.0000
1086,0.0000
1087,0.0942
1088,0.2363
1089,0.3007
1090,0.4549
1091,0.5039
1092,0.5039
1093,0.4540
1094,0.3440
1095,0.2363
1096,0.0930
1097,0.0000
1098,0.0000
1099,0.0000
1100,0.0000
1101,0.0000
1102,0.0000
1103,0.0000
1104,0.0000
1105,0.0000
1106,0.0000
1107,0.0000
1108,0.0000
1109,0.0000
1110,0.0000
1111,0.0773
1112,0.2148
1113,0.3326
1114,0.4171
1115,0.4056
1116,0.4617
1117,0.4171
1118,0.3326
1119,0.2016
1120,0.0809
1121,0.0000
1122,0.0000
1123,0.0000
1124,0.0000
1125,0.0000
1126,0.0000
1127,0.0000
1128,0.0000
1129,0.0000
1130,0.0000
1131,0.0000
1132,0.0000
1133,0.0000
1134,0.0000
1135,0.0728
1136,0.1821
1137,0.3070
1138,0.3772
1139,0.3975
1140,0.4138
1141,0.3843
1142,0.2868
1143,0.2021
1144,0.0833
1145,0.0000
1146,0.0000
1147,0.0000
1148,0.0000
1149,0.0000
1150,0.0000
1151,0.0000
1152,0.0000
1153,0.0000
1154,0.0000
1155,0.0000
1156,0.0000
1157,0.0000
1158,0.0000
1159,0.1059
1160,0.2071
1161,0.3697
1162,0.4774
1163,0.4904
1164,0.5278
1165,0.4774
1166,0.3713
1167,0.2526
1168,0.0996
1169,0.0000
1170,0.0000
1171,0.0000
1172,0.0000
1173,0.0000
1174,0.0000
1175,0.0000
1176,0.0000
1177,0.0000
1178,0.0000
1179,0.0000
1180,0.0000
1181,0.0000
1182,0.0000
1183,0.0990
1184,0.2324
1185,0.3133
1186,0.4367
1187,0.4824
1188,0.4824
1189,0.4367
1190,0.2900
1191,0.2262
1192,0.0990
1193,0.0000
1194,0.0000
1195,0.0000
1196,0.0000
1197,0.0000
1198,0.0000
1199,0.0000
1200,0.0000
1201,0.0000
1202,0.0000
1203,0.0000
1204,0.0000
1205,0.0000
1206,0.0000
1207,0.0908
1208,0.2021
1209,0.2799
1210,0.3383
1211,0.4352
1212,0.3328
1213,0.3134
1214,0.2786
1215,0.1953
1216,0.0913
1217,0.0000
1218,0.0000
1219,0.0000
1220,0.0000
1221,0.0000
1222,0.0000
1223,0.0000
1224,0.0000
1225,0.0000
1226,0.0000
1227,0.0000
1228,0.0000
1229,0.0000
1230,0.0000
1231,0.0781
1232,0.1584
1233,0.2821
1234,0.2954
1235,0.3869
1236,0.3869
1237,0.3506
1238,0.2659
1239,0.1884
1240,0.0829
1241,0.0000
1242,0.0000
1243,0.0000
1244,0.0000
1245,0.0000
1246,0.0000
1247,0.0000
1248,0.0000
1249,0.0000
1250,0.0000
1251,0.0000
1252,0.0000
1253,0.0000
1254,0.0000
1255,0.0780
1256,0.1859
1257,0.2294
1258,0.3159
1259,0.3483
1260,0.3784
1261,0.3432
1262,0.2766
1263,0.1859
1264,0.0819
1265,0.0000
1266,0.0000
1267,0.0000
1268,0.0000
1269,0.0000
1270,0.0000
1271,0.0000
1272,0.0000
1273,0.0000
1274,0.0000
1275,0.0000
1276,0.0000
1277,0.0000
1278,0.0000
1279,0.0669
1280,0.1481
1281,0.2194
1282,0.2718
1283,0.2925
1284,0.2992
1285,0.2524
1286,0.2194
1287,0.1398
1288,0.0649
1289,0.0000
1290,0.0000
1291,0.0000
1292,0.0000
1293,0.0000
1294,0.0000
1295,0.0000
1296,0.0000
1297,0.0000
1298,0.0000
1299,0.0000
1300,0.0000
1301,0.0000
1302,0.0000
1303,0.0764
1304,0.1511
1305,0.2177
1306,0.3023
1307,0.3188
1308,0.3354
1309,0.2820
1310,0.2201
1311,0.1669
1312,0.0764
1313,0.0000
1314,0.0000
1315,0.0000
1316,0.0000
1317,0.0000
1318,0.0000
1319,0.0000
1320,0.0000
1321,0.0000
1322,0.0000
1323,0.0000
1324,0.0000
1325,0.0000
1326,0.0000
1327,0.0912
1328,0.1686
1329,0.2890
1330,0.3381
1331,0.3927
1332,0.3927
1333,0.3466
1334,0.2890
1335,0.1967
1336,0.0912
1337,0.0000
1338,0.0000
1339,0.0000
1340,0.0000
1341,0.0000
1342,0.0000
1343,0.0000
1344,0.0000
1345,0.0000
1346,0.0000
1347,0.0000
1348,0.0000
1349,0.0000
1350,0.0000
1351,0.1258
1352,0.2678
1353,0.3849
1354,0.4735
1355,0.5314
1356,0.4607
1357,0.4457
1358,0.3920
1359,0.2678
1360,0.1258
1361,0.0000
1362,0.0000
1363,0.0000
1364,0.0000
1365,0.0000
1366,0.0000
1367,0.0000
1368,0.0000
1369,0.0000
1370,0.0000
1371,0.0000
1372,0.0000
1373,0.0000
1374,0.0000
1375,0.1020
1376,0.2536
1377,0.2972
1378,0.4349
1379,0.5002
1380,0.4555
1381,0.4230
1382,0.3547
1383,0.2536
1384,0.1207
1385,0.0000
1386,0.0000
1387,0.0000
1388,0.0000
1389,0.0000
1390,0.0000
1391,0.0000
1392,0.0000
1393,0.0000
1394,0.0000
1395,0.0000
1396,0.0000
1397,0.0000
1398,0.0004
1399,0.1125
1400,0.2335
1401,0.3281
1402,0.4169
1403,0.4578
1404,0.4578
1405,0.4169
1406,0.3373
1407,0.2335
1408,0.1111
1409,0.0006
1410,0.0000
1411,0.0000
1412,0.0000
1413,0.0000
1414,0.0000
1415,0.0000
1416,0.0000
1417,0.0000
1418,0.0000
1419,0.0000
1420,0.0000
1421,0.0000
1422,0.0019
1423,0.0878
1424,0.2018
1425,0.2884
1426,0.3293
1427,0.3907
1428,0.3417
1429,0.3634
1430,0.2409
1431,0.2046
1432,0.0989
1433,0.0017
1434,0.0000
1435,0.0000
1436,0.0000
1437,0.0000
1438,0.0000
1439,0.0000
1440,0.0000
1441,0.0000
1442,0.0000
1443,0.0000
1444,0.0000
1445,0.0000
1446,0.0030
1447,0.0877
1448,0.1795
1449,0.2518
1450,0.3171
1451,0.3399
1452,0.3320
1453,0.3091
1454,0.2353
1455,0.1546
1456,0.0885
1457,0.0030
1458,0.0000
1459,0.0000
1460,0.0000
1461,0.0000
1462,0.0000
1463,0.0000
1464,0.0000
1465,0.0000
1466,0.0000
1467,0.0000
1468,0.0000
1469,0.0000
1470,0.0045
1471,0.0943
1472,0.2066
1473,0.2740
1474,0.3643
1475,0.3993
1476,0.3126
1477,0.3643
1478,0.2948
1479,0.2043
1480,0.1033
1481,0.0050
1482,0.0000
1483,0.0000
1484,0.0000
1485,0.0000
1486,0.0000
1487,0.0000
1488,0.0000
1489,0.0000
1490,0.0000
1491,0.0000
1492,0.0000
1493,0.0000
1494,0.0064
1495,0.0954
1496,0.1932
1497,0.2586
1498,0.3246
1499,0.3275
1500,0.3453
1501,0.3489
1502,0.2857
1503,0.1995
1504,0.1005
1505,0.0057
1506,0.0000
1507,0.0000
1508,0.0000
1509,0.0000
1510,0.0000
1511,0.0000
1512,0.0000
1513,0.0000
1514,0.0000
1515,0.0000
1516,0.0000
1517,0.0000
1518,0.0086
1519,0.1093
1520,0.1991
1521,0.2999
1522,0.2986
1523,0.4089
1524,0.4089
1525,0.3530
1526,0.3063
1527,0.2146
1528,0.1093
1529,0.0070
1530,0.0000
1531,0.0000
1532,0.0000
1533,0.0000
1534,0.0000
1535,0.0000
1536,0.0000
1537,0.0000
1538,0.0000
1539,0.0000
1540,0.0000
1541,0.0000
1542,0.0076
1543,0.0680
1544,0.1640
1545,0.2167
1546,0.2972
1547,0.3252
1548,0.2974
1549,0.2972
1550,0.2441
1551,0.1351
1552,0.0816
1553,0.0082
1554,0.0000
1555,0.0000
1556,0.0000
1557,0.0000
1558,0.0000
1559,0.0000
1560,0.0000
1561,0.0000
1562,0.0000
1563,0.0000
1564,0.0000
1565,0.0000
1566,0.0119
1567,0.1103
1568,0.2131
1569,0.3021
1570,0.3672
1571,0.3911
1572,0.4016
1573,0.3302
1574,0.2974
1575,0.2131
1576,0.0970
1577,0.0105
1578,0.0000
1579,0.0000
1580,0.0000
1581,0.0000
1582,0.0000
1583,0.0000
1584,0.0000
1585,0.0000
1586,0.0000
1587,0.0000
1588,0.0000
1589,0.0000
1590,0.0158
1591,0.1347
1592,0.2567
1593,0.3627
1594,0.3824
1595,0.4580
1596,0.4060
1597,0.3915
1598,0.3627
1599,0.2364
1600,0.1245
1601,0.0165
1602,0.0000
1603,0.0000
1604,0.0000
1605,0.0000
1606,0.0000
1607,0.0000
1608,0.0000
1609,0.0000
1610,0.0000
1611,0.0000
1612,0.0000
1613,0.0000
1614,0.0134
1615,0.1197
1616,0.2260
1617,0.3182
1618,0.3857
1619,0.4187
1620,0.4017
1621,0.3857
1622,0.3182
1623,0.2123
1624,0.1137
1625,0.0143
1626,0.0000
1627,0.0000
1628,0.0000
1629,0.0000
1630,0.0000
1631,0.0000
1632,0.0000
1633,0.0000
1634,0.0000
1635,0.0000
1636,0.0000
1637,0.0000
1638,0.0200
1639,0.1524
1640,0.2852
1641,0.4003
1642,0.4845
1643,0.5289
1644,0.5289
1645,0.4845
1646,0.3276
1647,0.2852
1648,0.1425
1649,0.0209
1650,0.0000
1651,0.0000
1652,0.0000
1653,0.0000
1654,0.0000
1655,0.0000
1656,0.0000
1657,0.0000
1658,0.0000
1659,0.0000
1660,0.0000
1661,0.0000
1662,0.0200
1663,0.1146
1664,0.2273
1665,0.2423
1666,0.3845
1667,0.3796
1668,0.3763
1669,0.3845
1670,0.3181
1671,0.2155
1672,0.1226
1673,0.0195
1674,0.0000
1675,0.0000
1676,0.0000
1677,0.0000
1678,0.0000
1679,0.0000
1680,0.0000
1681,0.0000
1682,0.0000
1683,0.0000
1684,0.0000
1685,0.0000
1686,0.0245
1687,0.1060
1688,0.2554
1689,0.3511
1690,0.4300
1691,0.4229
1692,0.4689
1693,0.4300
1694,0.3563
1695,0.2554
1696,0.1389
1697,0.0206
1698,0.0000
1699,0.0000
1700,0.0000
1701,0.0000
1702,0.0000
1703,0.0000
1704,0.0000
1705,0.0000
1706,0.0000
1707,0.0000
1708,0.0000
1709,0.0000
1710,0.0324
1711,0.1716
1712,0.3027
1713,0.4233
1714,0.5243
1715,0.5714
1716,0.5714
1717,0.4965
1718,0.4009
1719,0.2854
1720,0.1716
1721,0.0275
1722,0.0000
1723,0.0000
1724,0.0000
1725,0.0000
1726,0.0000
1727,0.0000
1728,0.0000
1729,0.0000
1730,0.0000
1731,0.0000
1732,0.0000
1733,0.0000
1734,0.0374
1735,0.1488
1736,0.2516
1737,0.4650
1738,0.4771
1739,0.5578
1740,0.6095
1741,0.5597
1742,0.4471
1743,0.3353
1744,0.1828
1745,0.0374
1746,0.0000
1747,0.0000
1748,0.0000
1749,0.0000
1750,0.0000
1751,0.0000
1752,0.0000
1753,0.0000
1754,0.0000
1755,0.0000
1756,0.0000
1757,0.0000
1758,0.0412
1759,0.1930
1760,0.3462
1761,0.4786
1762,0.5501
1763,0.6263
1764,0.6263
1765,0.5754
1766,0.4786
1767,0.3142
1768,0.1930
1769,0.0390
1770,0.0000
1771,0.0000
1772,0.0000
1773,0.0000
1774,0.0000
1775,0.0000
1776,0.0000
1777,0.0000
1778,0.0000
1779,0.0000
1780,0.0000
1781,0.0000
1782,0.0315
1783,0.1632
1784,0.2905
1785,0.4004
1786,0.4722
1787,0.5230
1788,0.5230
1789,0.4778
1790,0.3873
1791,0.2905
1792,0.1632
1793,0.0368
1794,0.0000
1795,0.0000
1796,0.0000
1797,0.0000
1798,0.0000
1799,0.0000
1800,0.0000
1801,0.0000
1802,0.0000
1803,0.0000
1804,0.0000
1805,0.0000
1806,0.0415
1807,0.1985
1808,0.3135
1809,0.4820
1810,0.5668
1811,0.5229
1812,0.6259
1813,0.5778
1814,0.3582
1815,0.3351
1816,0.1738
1817,0.0470
1818,0.0000
1819,0.0000
1820,0.0000
1821,0.0000
1822,0.0000
1823,0.0000
1824,0.0000
1825,0.0000
1826,0.0000
1827,0.0000
1828,0.0000
1829,0.0000
1830,0.0539
1831,0.2171
1832,0.3808
1833,0.5075
1834,0.6249
1835,0.6792
1836,0.6525
1837,0.5104
1838,0.5038
1839,0.3516
1840,0.2171
1841,0.0507
1842,0.0000
1843,0.0000
1844,0.0000
1845,0.0000
1846,0.0000
1847,0.0000
1848,0.0000
1849,0.0000
1850,0.0000
1851,0.0000
1852,0.0000
1853,0.0000
1854,0.0569
1855,0.2275
1856,0.3960
1857,0.5413
1858,0.6473
1859,0.7031
1860,0.6896
1861,0.6402
1862,0.5413
1863,0.3890
1864,0.2275
1865,0.0589
1866,0.0000
1867,0.0000
1868,0.0000
1869,0.0000
1870,0.0000
1871,0.0000
1872,0.0000
1873,0.0000
1874,0.0000
1875,0.0000
1876,0.0000
1877,0.0000
1878,0.0520
1879,0.2038
1880,0.3524
1881,0.4804
1882,0.5738
1883,0.5532
1884,0.5959
1885,0.5738
1886,0.4381
1887,0.3388
1888,0.2038
1889,0.0540
1890,0.0000
1891,0.0000
1892,0.0000
1893,0.0000
1894,0.0000
1895,0.0000
1896,0.0000
1897,0.0000
1898,0.0000
1899,0.0000
1900,0.0000
1901,0.0000
1902,0.0604
1903,0.2155
1904,0.3699
1905,0.4322
1906,0.5882
1907,0.6511
1908,0.6511
1909,0.6000
1910,0.4778
1911,0.3699
1912,0.2155
1913,0.0509
1914,0.0000
1915,0.0000
1916,0.0000
1917,0.0000
1918,0.0000
1919,0.0000
1920,0.0000
1921,0.0000
1922,0.0000
1923,0.0000
1924,0.0000
1925,0.0000
1926,0.0637
1927,0.2123
1928,0.3745
1929,0.4303
1930,0.5910
1931,0.6562
1932,0.6243
1933,0.6050
1934,0.4862
1935,0.3745
1936,0.2196
1937,0.0530
1938,0.0000
1939,0.0000
1940,0.0000
1941,0.0000
1942,0.0000
1943,0.0000
1944,0.0000
1945,0.0000
1946,0.0000
1947,0.0000
1948,0.0000
1949,0.0000
1950,0.0691
1951,0.2144
1952,0.3903
1953,0.5279
1954,0.5589
1955,0.6684
1956,0.5805
1957,0.6282
1958,0.4635
1959,0.3609
1960,0.2303
1961,0.0686
1962,0.0000
1963,0.0000
1964,0.0000
1965,0.0000
1966,0.0000
1967,0.0000
1968,0.0000
1969,0.0000
1970,0.0000
1971,0.0000
1972,0.0000
1973,0.0000
1974,0.0515
1975,0.1625
1976,0.2801
1977,0.3779
1978,0.4283
1979,0.4867
1980,0.4486
1981,0.3480
1982,0.3779
1983,0.2535
1984,0.1462
1985,0.0515
1986,0.0000
1987,0.0000
1988,0.0000
1989,0.0000
1990,0.0000
1991,0.0000
1992,0.0000
1993,0.0000
1994,0.0000
1995,0.0000
1996,0.0000
1997,0.0000
1998,0.0700
1999,0.2081
2000,0.3370
2001,0.3937
2002,0.5869
2003,0.6174
2004,0.6356
2005,0.5336
2006,0.4662
2007,0.3673
2008,0.2195
2009,0.0684
2010,0.0000
2011,0.0000
2012,0.0000
2013,0.0000
2014,0.0000
2015,0.0000
2016,0.0000
2017,0.0000
2018,0.0000
2019,0.0000
2020,0.0000
2021,0.0000
2022,0.0838
2023,0.2178
2024,0.4343
2025,0.5831
2026,0.6915
2027,0.6744
2028,0.7485
2029,0.6900
2030,0.4968
2031,0.3508
2032,0.2418
2033,0.0857
2034,0.0000
2035,0.0000
2036,0.0000
2037,0.0000
2038,0.0000
2039,0.0000
2040,0.0000
2041,0.0000
2042,0.0000
2043,0.0000
2044,0.0000
2045,0.0000
2046,0.0894
2047,0.2127
2048,0.4068
2049,0.5660
2050,0.5568
2051,0.7533
2052,0.6201
2053,0.5957
2054,0.5878
2055,0.4389
2056,0.2654
2057,0.0894
2058,0.0000
2059,0.0000
2060,0.0000
2061,0.0000
2062,0.0000
2063,0.0000
2064,0.0000
2065,0.0000
2066,0.0000
2067,0.0000
2068,0.0000
2069,0.0000
2070,0.0838
2071,0.2520
2072,0.4291
2073,0.5226
2074,0.7010
2075,0.7047
2076,0.7083
2077,0.6895
2078,0.5925
2079,0.4232
2080,0.2697
2081,0.0932
2082,0.0000
2083,0.0000
2084,0.0000
2085,0.0000
2086,0.0000
2087,0.0000
2088,0.0000
2089,0.0000
2090,0.0000
2091,0.0000
2092,0.0000
2093,0.0000
2094,0.0779
2095,0.2236
2096,0.3655
2097,0.3550
2098,0.5759
2099,0.6225
2100,0.6127
2101,0.4551
2102,0.4873
2103,0.3519
2104,0.2236
2105,0.0760
2106,0.0000
2107,0.0000
2108,0.0000
2109,0.0000
2110,0.0000
2111,0.0000
2112,0.0000
2113,0.0000
2114,0.0000
2115,0.0000
2116,0.0000
2117,0.0000
2118,0.0777
2119,0.2224
2120,0.3758
2121,0.4999
2122,0.5841
2123,0.6212
2124,0.6376
2125,0.5901
2126,0.4557
2127,0.3054
2128,0.2079
2129,0.0837
2130,0.0000
2131,0.0000
2132,0.0000
2133,0.0000
2134,0.0000
2135,0.0000
2136,0.0000
2137,0.0000
2138,0.0000
2139,0.0000
2140,0.0000
2141,0.0000
2142,0.0789
2143,0.1606
2144,0.3445
2145,0.4572
2146,0.5338
2147,0.5465
2148,0.5823
2149,0.5392
2150,0.4572
2151,0.3445
2152,0.2131
2153,0.0759
2154,0.0000
2155,0.0000
2156,0.0000
2157,0.0000
2158,0.0000
2159,0.0000
2160,0.0000
2161,0.0000
2162,0.0000
2163,0.0000
2164,0.0000
2165,0.0000
2166,0.0653
2167,0.1525
2168,0.2800
2169,0.4216
2170,0.4966
2171,0.5361
2172,0.5361
2173,0.4223
2174,0.3751
2175,0.3184
2176,0.1603
2177,0.0678
2178,0.0000
2179,0.0000
2180,0.0000
2181,0.0000
2182,0.0000
2183,0.0000
2184,0.0000
2185,0.0000
2186,0.0000
2187,0.0000
2188,0.0000
2189,0.0000
2190,0.0800
2191,0.1841
2192,0.3378
2193,0.4463
2194,0.5166
2195,0.5383
2196,0.5667
2197,0.4809
2198,0.3530
2199,0.3324
2200,0.2110
2201,0.0813
2202,0.0000
2203,0.0000
2204,0.0000
2205,0.0000
2206,0.0000
2207,0.0000
2208,0.0000
2209,0.0000
2210,0.0000
2211,0.0000
2212,0.0000
2213,0.0000
2214,0.0622
2215,0.1747
2216,0.2782
2217,0.3483
2218,0.4311
2219,0.4500
2220,0.3988
2221,0.4298
2222,0.3667
2223,0.2558
2224,0.1747
2225,0.0614
2226,0.0000
2227,0.0000
2228,0.0000
2229,0.0000
2230,0.0000
2231,0.0000
2232,0.0000
2233,0.0000
2234,0.0000
2235,0.0000
2236,0.0000
2237,0.0000
2238,0.0848
2239,0.1703
2240,0.3005
2241,0.4164
2242,0.5195
2243,0.5600
2244,0.5600
2245,0.4763
2246,0.3626
2247,0.3362
2248,0.2121
2249,0.0796
2250,0.0000
2251,0.0000
2252,0.0000
2253,0.0000
2254,0.0000
2255,0.0000
2256,0.0000
2257,0.0000
2258,0.0000
2259,0.0000
2260,0.0000
2261,0.0000
2262,0.1082
2263,0.2659
2264,0.4194
2265,0.4917
2266,0.6354
2267,0.5857
2268,0.5453
2269,0.6460
2270,0.5290
2271,0.3476
2272,0.2325
2273,0.1082
2274,0.0000
2275,0.0000
2276,0.0000
2277,0.0000
2278,0.0000
2279,0.0000
2280,0.0000
2281,0.0000
2282,0.0000
2283,0.0000
2284,0.0000
2285,0.0000
2286,0.1205
2287,0.2512
2288,0.4571
2289,0.5990
2290,0.7020
2291,0.7562
2292,0.7562
2293,0.6272
2294,0.5990
2295,0.4491
2296,0.2902
2297,0.1109
2298,0.0000
2299,0.0000
2300,0.0000
2301,0.0000
2302,0.0000
2303,0.0000
2304,0.0000
2305,0.0000
2306,0.0000
2307,0.0000
2308,0.0000
2309,0.0000
2310,0.0811
2311,0.2367
2312,0.3699
2313,0.4586
2314,0.5239
2315,0.6099
2316,0.6099
2317,0.5143
2318,0.4837
2319,0.3146
2320,0.2311
2321,0.0995
2322,0.0000
2323,0.0000
2324,0.0000
2325,0.0000
2326,0.0000
2327,0.0000
2328,0.0000
2329,0.0000
2330,0.0000
2331,0.0000
2332,0.0000
2333,0.0000
2334,0.0539
2335,0.1337
2336,0.2143
2337,0.3274
2338,0.3831
2339,0.3821
2340,0.3907
2341,0.3831
2342,0.3101
2343,0.2509
2344,0.1595
2345,0.0589
2346,0.0000
2347,0.0000
2348,0.0000
2349,0.0000
2350,0.0000
2351,0.0000
2352,0.0000
2353,0.0000
2354,0.0000
2355,0.0000
2356,0.0000
2357,0.0000
2358,0.0669
2359,0.1731
2360,0.2802
2361,0.3640
2362,0.3393
2363,0.4589
2364,0.4466
2365,0.4266
2366,0.3650
2367,0.2721
2368,0.1595
2369,0.0784
2370,0.0000
2371,0.0000
2372,0.0000
2373,0.0000
2374,0.0000
2375,0.0000
2376,0.0000
2377,0.0000
2378,0.0000
2379,0.0000
2380,0.0000
2381,0.0000
2382,0.0681
2383,0.1549
2384,0.2007
2385,0.3107
2386,0.3539
2387,0.3902
2388,0.3728
2389,0.3628
2390,0.3046
2391,0.2049
2392,0.1344
2393,0.0659
2394,0.0000
2395,0.0000
2396,0.0000
2397,0.0000
2398,0.0000
2399,0.0000
2400,0.0000
2401,0.0000
2402,0.0000
2403,0.0000
2404,0.0000
2405,0.0000
2406,0.1005
2407,0.2255
2408,0.2828
2409,0.4065
2410,0.5247
2411,0.4876
2412,0.5641
2413,0.5247
2414,0.4497
2415,0.2757
2416,0.1992
2417,0.0945
2418,0.0000
2419,0.0000
2420,0.0000
2421,0.0000
2422,0.0000
2423,0.0000
2424,0.0000
2425,0.0000
2426,0.0000
2427,0.0000
2428,0.0000
2429,0.0000
2430,0.0806
2431,0.1825
2432,0.2665
2433,0.3618
2434,0.4217
2435,0.4532
2436,0.4087
2437,0.4217
2438,0.3618
2439,0.2446
2440,0.1624
2441,0.0824
2442,0.0000
2443,0.0000
2444,0.0000
2445,0.0000
2446,0.0000
2447,0.0000
2448,0.0000
2449,0.0000
2450,0.0000
2451,0.0000
2452,0.0000
2453,0.0000
2454,0.1124
2455,0.2108
2456,0.2950
2457,0.5020
2458,0.5846
2459,0.6280
2460,0.5653
2461,0.5676
2462,0.4987
2463,0.3870
2464,0.2546
2465,0.0958
2466,0.0000
2467,0.0000
2468,0.0000
2469,0.0000
2470,0.0000
2471,0.0000
2472,0.0000
2473,0.0000
2474,0.0000
2475,0.0000
2476,0.0000
2477,0.0006
2478,0.0984
2479,0.2231
2480,0.3472
2481,0.4482
2482,0.4599
2483,0.5178
2484,0.5600
2485,0.5068
2486,0.4071
2487,0.3472
2488,0.2286
2489,0.1045
2490,0.0006
2491,0.0000
2492,0.0000
2493,0.0000
2494,0.0000
2495,0.0000
2496,0.0000
2497,0.0000
2498,0.0000
2499,0.0000
2500,0.0000
2501,0.0012
2502,0.0626
2503,0.1390
2504,0.1722
2505,0.2711
2506,0.3151
2507,0.3383
2508,0.3141
2509,0.3151
2510,0.2309
2511,0.1943
2512,0.1390
2513,0.0651
2514,0.0012
2515,0.0000
2516,0.0000
2517,0.0000
2518,0.0000
2519,0.0000
2520,0.0000
2521,0.0000
2522,0.0000
2523,0.0000
2524,0.0000
2525,0.0035
2526,0.1038
2527,0.2235
2528,0.3277
2529,0.4334
2530,0.5035
2531,0.5403
2532,0.5403
2533,0.5035
2534,0.4214
2535,0.3369
2536,0.2235
2537,0.1058
2538,0.0035
2539,0.0000
2540,0.0000
2541,0.0000
2542,0.0000
2543,0.0000
2544,0.0000
2545,0.0000
2546,0.0000
2547,0.0000
2548,0.0000
2549,0.0041
2550,0.0984
2551,0.2132
2552,0.2891
2553,0.4273
2554,0.4827
2555,0.5320
2556,0.5320
2557,0.4959
2558,0.3930
2559,0.3326
2560,0.2070
2561,0.1060
2562,0.0050
2563,0.0000
2564,0.0000
2565,0.0000
2566,0.0000
2567,0.0000
2568,0.0000
2569,0.0000
2570,0.0000
2571,0.0000
2572,0.0000
2573,0.0074
2574,0.1246
2575,0.2470
2576,0.3855
2577,0.4424
2578,0.5733
2579,0.5144
2580,0.6148
2581,0.5297
2582,0.4294
2583,0.3855
2584,0.2187
2585,0.1246
2586,0.0073
2587,0.0000
2588,0.0000
2589,0.0000
2590,0.0000
2591,0.0000
2592,0.0000
2593,0.0000
2594,0.0000
2595,0.0000
2596,0.0000
2597,0.0066
2598,0.0945
2599,0.1612
2600,0.3000
2601,0.3150
2602,0.3463
2603,0.4187
2604,0.4772
2605,0.4230
2606,0.3300
2607,0.3000
2608,0.2012
2609,0.0926
2610,0.0074
2611,0.0000
2612,0.0000
2613,0.0000
2614,0.0000
2615,0.0000
2616,0.0000
2617,0.0000
2618,0.0000
2619,0.0000
2620,0.0000
2621,0.0104
2622,0.1176
2623,0.2260
2624,0.3543
2625,0.4529
2626,0.4759
2627,0.5574
2628,0.5535
2629,0.5245
2630,0.4074
2631,0.3543
2632,0.2212
2633,0.1137
2634,0.0080
2635,0.0000
2636,0.0000
2637,0.0000
2638,0.0000
2639,0.0000
2640,0.0000
2641,0.0000
2642,0.0000
2643,0.0000
2644,0.0000
2645,0.0123
2646,0.1038
2647,0.2481
2648,0.3629
2649,0.4625
2650,0.5328
2651,0.6102
2652,0.5556
2653,0.4790
2654,0.4566
2655,0.3857
2656,0.2603
2657,0.1296
2658,0.0132
2659,0.0000
2660,0.0000
2661,0.0000
2662,0.0000
2663,0.0000
2664,0.0000
2665,0.0000
2666,0.0000
2667,0.0000
2668,0.0000
2669,0.0165
2670,0.1406
2671,0.2287
2672,0.3742
2673,0.5401
2674,0.5891
2675,0.5990
2676,0.6687
2677,0.5946
2678,0.5401
2679,0.4237
2680,0.2686
2681,0.1301
2682,0.0160
2683,0.0000
2684,0.0000
2685,0.0000
2686,0.0000
2687,0.0000
2688,0.0000
2689,0.0000
2690,0.0000
2691,0.0000
2692,0.0000
2693,0.0180
2694,0.1418
2695,0.2798
2696,0.3803
2697,0.5099
2698,0.5740
2699,0.6438
2700,0.6484
2701,0.6013
2702,0.5243
2703,0.3745
2704,0.2798
2705,0.1279
2706,0.0167
2707,0.0000
2708,0.0000
2709,0.0000
2710,0.0000
2711,0.0000
2712,0.0000
2713,0.0000
2714,0.0000
2715,0.0000
2716,0.0000
2717,0.0219
2718,0.1545
2719,0.2868
2720,0.3956
2721,0.5746
2722,0.6453
2723,0.7099
2724,0.6517
2725,0.6634
2726,0.5724
2727,0.4458
2728,0.3080
2729,0.1555
2730,0.0219
2731,0.0000
2732,0.0000
2733,0.0000
2734,0.0000
2735,0.0000
2736,0.0000
2737,0.0000
2738,0.0000
2739,0.0000
2740,0.0000
2741,0.0202
2742,0.1474
2743,0.2554
2744,0.4186
2745,0.4856
2746,0.6129
2747,0.5716
2748,0.6557
2749,0.6129
2750,0.5312
2751,0.4186
2752,0.2841
2753,0.1474
2754,0.0223
2755,0.0000
2756,0.0000
2757,0.0000
2758,0.0000
2759,0.0000
2760,0.0000
2761,0.0000
2762,0.0000
2763,0.0000
2764,0.0000
2765,0.0227
2766,0.1400
2767,0.2695
2768,0.3917
2769,0.4985
2770,0.5368
2771,0.6147
2772,0.6135
2773,0.5514
2774,0.4273
2775,0.3833
2776,0.2398
2777,0.1336
2778,0.0227
2779,0.0000
2780,0.0000
2781,0.0000
2782,0.0000
2783,0.0000
2784,0.0000
2785,0.0000
2786,0.0000
2787,0.0000
2788,0.0000
2789,0.0212
2790,0.1223
2791,0.2337
2792,0.3313
2793,0.4304
2794,0.4274
2795,0.5147
2796,0.5301
2797,0.4775
2798,0.4304
2799,0.3400
2800,0.2337
2801,0.1219
2802,0.0207
2803,0.0000
2804,0.0000
2805,0.0000
2806,0.0000
2807,0.0000
2808,0.0000
2809,0.0000
2810,0.0000
2811,0.0000
2812,0.0000
2813,0.0234
2814,0.1294
2815,0.2289
2816,0.3604
2817,0.4555
2818,0.4989
2819,0.5155
2820,0.5606
2821,0.5169
2822,0.4169
2823,0.3582
2824,0.2483
2825,0.1097
2826,0.0241
2827,0.0000
2828,0.0000
2829,0.0000
2830,0.0000
2831,0.0000
2832,0.0000
2833,0.0000
2834,0.0000
2835,0.0000
2836,0.0000
2837,0.0204
2838,0.1197
2839,0.2052
2840,0.3516
2841,0.4436
2842,0.5106
2843,0.5065
2844,0.5457
2845,0.5094
2846,0.3869
2847,0.3516
2848,0.2429
2849,0.1264
2850,0.0251
2851,0.0000
2852,0.0000
2853,0.0000
2854,0.0000
2855,0.0000
2856,0.0000
2857,0.0000
2858,0.0000
2859,0.0000
2860,0.0000
2861,0.0290
2862,0.1538
2863,0.2902
2864,0.3817
2865,0.5282
2866,0.5872
2867,0.6094
2868,0.5578
2869,0.4958
2870,0.5282
2871,0.3769
2872,0.2370
2873,0.1500
2874,0.0291
2875,0.0000
2876,0.0000
2877,0.0000
2878,0.0000
2879,0.0000
2880,0.0000
2881,0.0000
2882,0.0000
2883,0.0000
2884,0.0000
2885,0.0292
2886,0.1599
2887,0.2969
2888,0.4276
2889,0.5384
2890,0.6186
2891,0.5275
2892,0.5030
2893,0.6186
2894,0.5384
2895,0.4276
2896,0.2969
2897,0.1599
2898,0.0306
2899,0.0000
2900,0.0000
2901,0.0000
2902,0.0000
2903,0.0000
2904,0.0000
2905,0.0000
2906,0.0000
2907,0.0000
2908,0.0000
2909,0.0458
2910,0.1942
2911,0.2985
2912,0.5092
2913,0.6809
2914,0.7819
2915,0.8349
2916,0.8349
2917,0.7819
2918,0.6809
2919,0.5349
2920,0.3222
2921,0.2044
2922,0.0457
2923,0.0000
2924,0.0000
2925,0.0000
2926,0.0000
2927,0.0000
2928,0.0000
2929,0.0000
2930,0.0000
2931,0.0000
2932,0.0000
2933,0.0460
2934,0.1670
2935,0.3578
2936,0.5188
2937,0.6516
2938,0.7478
2939,0.7983
2940,0.6512
2941,0.7478
2942,0.6381
2943,0.4967
2944,0.3334
2945,0.1975
2946,0.0374
2947,0.0000
2948,0.0000
2949,0.0000
2950,0.0000
2951,0.0000
2952,0.0000
2953,0.0000
2954,0.0000
2955,0.0000
2956,0.0000
2957,0.0475
2958,0.2025
2959,0.3423
2960,0.4465
2961,0.6361
2962,0.7657
2963,0.7476
2964,0.8171
2965,0.7578
2966,0.6676
2967,0.5212
2968,0.3563
2969,0.1904
2970,0.0369
2971,0.0000
2972,0.0000
2973,0.0000
2974,0.0000
2975,0.0000
2976,0.0000
2977,0.0000
2978,0.0000
2979,0.0000
2980,0.0000
2981,0.0397
2982,0.1442
2983,0.3150
2984,0.4052
2985,0.5776
2986,0.6250
2987,0.7064
2988,0.6497
2989,0.6621
2990,0.5669
2991,0.3927
2992,0.3209
2993,0.1784
2994,0.0432
2995,0.0000
2996,0.0000
2997,0.0000
2998,0.0000
2999,0.0000
3000,0.0000
3001,0.0000
3002,0.0000
3003,0.0000
3004,0.0000
3005,0.0428
3006,0.1938
3007,0.2910
3008,0.4813
3009,0.5401
3010,0.6079
3011,0.6526
3012,0.6832
3013,0.6402
3014,0.6219
3015,0.4968
3016,0.3491
3017,0.1938
3018,0.0501
3019,0.0000
3020,0.0000
3021,0.0000
3022,0.0000
3023,0.0000
3024,0.0000
3025,0.0000
3026,0.0000
3027,0.0000
3028,0.0000
3029,0.0618
3030,0.1956
3031,0.3757
3032,0.5228
3033,0.7368
3034,0.8436
3035,0.8696
3036,0.7544
3037,0.8306
3038,0.7368
3039,0.5892
3040,0.4149
3041,0.2317
3042,0.0604
3043,0.0000
3044,0.0000
3045,0.0000
3046,0.0000
3047,0.0000
3048,0.0000
3049,0.0000
3050,0.0000
3051,0.0000
3052,0.0000
3053,0.0462
3054,0.1684
3055,0.3000
3056,0.4250
3057,0.5309
3058,0.5722
3059,0.6477
3060,0.6477
3061,0.6076
3062,0.5309
3063,0.4250
3064,0.2351
3065,0.1444
3066,0.0462
3067,0.0000
3068,0.0000
3069,0.0000
3070,0.0000
3071,0.0000
3072,0.0000
3073,0.0000
3074,0.0000
3075,0.0000
3076,0.0000
3077,0.0668
3078,0.2220
3079,0.4015
3080,0.5939
3081,0.6850
3082,0.8227
3083,0.7028
3084,0.8753
3085,0.8477
3086,0.6229
3087,0.5939
3088,0.4200
3089,0.2345
3090,0.0668
3091,0.0000
3092,0.0000
3093,0.0000
3094,0.0000
3095,0.0000
3096,0.0000
3097,0.0000
3098,0.0000
3099,0.0000
3100,0.0000
3101,0.0586
3102,0.2090
3103,0.3452
3104,0.5200
3105,0.6483
3106,0.7119
3107,0.7897
3108,0.7675
3109,0.7411
3110,0.6359
3111,0.5200
3112,0.2851
3113,0.1606
3114,0.0604
3115,0.0000
3116,0.0000
3117,0.0000
3118,0.0000
3119,0.0000
3120,0.0000
3121,0.0000
3122,0.0000
3123,0.0000
3124,0.0000
3125,0.0581
3126,0.1963
3127,0.3445
3128,0.4707
3129,0.5944
3130,0.6746
3131,0.6899
3132,0.6320
3133,0.6904
3134,0.5425
3135,0.3985
3136,0.2627
3137,0.1843
3138,0.0569
3139,0.0000
3140,0.0000
3141,0.0000
3142,0.0000
3143,0.0000
3144,0.0000
3145,0.0000
3146,0.0000
3147,0.0000
3148,0.0000
3149,0.0649
3150,0.2180
3151,0.3929
3152,0.5522
3153,0.4971
3154,0.7847
3155,0.8167
3156,0.8358
3157,0.6451
3158,0.6871
3159,0.5522
3160,0.2958
3161,0.2172
3162,0.0680
3163,0.0000
3164,0.0000
3165,0.0000
3166,0.0000
3167,0.0000
3168,0.0000
3169,0.0000
3170,0.0000
3171,0.0000
3172,0.0000
3173,0.0612
3174,0.2114
3175,0.3505
3176,0.4683
3177,0.5832
3178,0.7319
3179,0.7646
3180,0.7795
3181,0.7319
3182,0.6412
3183,0.5074
3184,0.3677
3185,0.1852
3186,0.0653
3187,0.0000
3188,0.0000
3189,0.0000
3190,0.0000
3191,0.0000
3192,0.0000
3193,0.0000
3194,0.0000
3195,0.0000
3196,0.0000
3197,0.0787
3198,0.2168
3199,0.4324
3200,0.5115
3201,0.7292
3202,0.8581
3203,0.8661
3204,0.8973
3205,0.7262
3206,0.7522
3207,0.5968
3208,0.3952
3209,0.1977
3210,0.0787
3211,0.0000
3212,0.0000
3213,0.0000
3214,0.0000
3215,0.0000
3216,0.0000
3217,0.0000
3218,0.0000
3219,0.0000
3220,0.0000
3221,0.0628
3222,0.2190
3223,0.3642
3224,0.5293
3225,0.6568
3226,0.6979
3227,0.7973
3228,0.6823
3229,0.7072
3230,0.6544
3231,0.5047
3232,0.3731
3233,0.2195
3234,0.0705
3235,0.0000
3236,0.0000
3237,0.0000
3238,0.0000
3239,0.0000
3240,0.0000
3241,0.0000
3242,0.0000
3243,0.0000
3244,0.0000
3245,0.0644
3246,0.1970
3247,0.3383
3248,0.4140
3249,0.5853
3250,0.6672
3251,0.7056
3252,0.7019
3253,0.6515
3254,0.5739
3255,0.4721
3256,0.2767
3257,0.1970
3258,0.0543
3259,0.0000
3260,0.0000
3261,0.0000
3262,0.0000
3263,0.0000
3264,0.0000
3265,0.0000
3266,0.0000
3267,0.0000
3268,0.0000
3269,0.0550
3270,0.1741
3271,0.2946
3272,0.4150
3273,0.5141
3274,0.5248
3275,0.6080
3276,0.6233
3277,0.5678
3278,0.5141
3279,0.4150
3280,0.2845
3281,0.1636
3282,0.0579
3283,0.0000
3284,0.0000
3285,0.0000
3286,0.0000
3287,0.0000
3288,0.0000
3289,0.0000
3290,0.0000
3291,0.0000
3292,0.0000
3293,0.0571
3294,0.1677
3295,0.2828
3296,0.3383
3297,0.5002
3298,0.5697
3299,0.6061
3300,0.6061
3301,0.5621
3302,0.4075
3303,0.3985
3304,0.2905
3305,0.1612
3306,0.0524
3307,0.0000
3308,0.0000
3309,0.0000
3310,0.0000
3311,0.0000
3312,0.0000
3313,0.0000
3314,0.0000
3315,0.0000
3316,0.0000
3317,0.0375
3318,0.1208
3319,0.2284
3320,0.3241
3321,0.4009
3322,0.4563
3323,0.4854
3324,0.4633
3325,0.4563
3326,0.4009
3327,0.3182
3328,0.2333
3329,0.1217
3330,0.0379
3331,0.0000
3332,0.0000
3333,0.0000
3334,0.0000
3335,0.0000
3336,0.0000
3337,0.0000
3338,0.0000
3339,0.0000
3340,0.0000
3341,0.0596
3342,0.1983
3343,0.2775
3344,0.4655
3345,0.5753
3346,0.6547
3347,0.6962
3348,0.6962
3349,0.6547
3350,0.4782
3351,0.4131
3352,0.3356
3353,0.1983
3354,0.0690
3355,0.0000
3356,0.0000
3357,0.0000
3358,0.0000
3359,0.0000
3360,0.0000
3361,0.0000
3362,0.0000
3363,0.0000
3364,0.0000
3365,0.0471
3366,0.1323
3367,0.1818
3368,0.2957
3369,0.3850
3370,0.4379
3371,0.4012
3372,0.4657
3373,0.4379
3374,0.3268
3375,0.3118
3376,0.2251
3377,0.1335
3378,0.0471
3379,0.0000
3380,0.0000
3381,0.0000
3382,0.0000
3383,0.0000
3384,0.0000
3385,0.0000
3386,0.0000
3387,0.0000
3388,0.0000
3389,0.0576
3390,0.1610
3391,0.2278
3392,0.3743
3393,0.4619
3394,0.5252
3395,0.5119
3396,0.5393
3397,0.5205
3398,0.4360
3399,0.3743
3400,0.2439
3401,0.1610
3402,0.0576
3403,0.0000
3404,0.0000
3405,0.0000
3406,0.0000
3407,0.0000
3408,0.0000
3409,0.0000
3410,0.0000
3411,0.0000
3412,0.0000
3413,0.0512
3414,0.1233
3415,0.2373
3416,0.3277
3417,0.4042
3418,0.4594
3419,0.3947
3420,0.4110
3421,0.3432
3422,0.3395
3423,0.3277
3424,0.2373
3425,0.1383
3426,0.0494
3427,0.0000
3428,0.0000
3429,0.0000
3430,0.0000
3431,0.0000
3432,0.0000
3433,0.0000
3434,0.0000
3435,0.0000
3436,0.0000
3437,0.0339
3438,0.0793
3439,0.1413
3440,0.2085
3441,0.2349
3442,0.2776
3443,0.3172
3444,0.3172
3445,0.2807
3446,0.2627
3447,0.2067
3448,0.1460
3449,0.0925
3450,0.0339
3451,0.0000
3452,0.0000
3453,0.0000
3454,0.0000
3455,0.0000
3456,0.0000
3457,0.0000
3458,0.0000
3459,0.0000
3460,0.0000
3461,0.0366
3462,0.1053
3463,0.1987
3464,0.2419
3465,0.3372
3466,0.3831
3467,0.4071
3468,0.3697
3469,0.3532
3470,0.3240
3471,0.2738
3472,0.1965
3473,0.1173
3474,0.0430
3475,0.0000
3476,0.0000
3477,0.0000
3478,0.0000
3479,0.0000
3480,0.0000
3481,0.0000
3482,0.0000
3483,0.0000
3484,0.0000
3485,0.0329
3486,0.0879
3487,0.1342
3488,0.1964
3489,0.2475
3490,0.2392
3491,0.2965
3492,0.2321
3493,0.2810
3494,0.2475
3495,0.2011
3496,0.1461
3497,0.0856
3498,0.0329
3499,0.0000
3500,0.0000
3501,0.0000
3502,0.0000
3503,0.0000
3504,0.0000
3505,0.0000
3506,0.0000
3507,0.0000
3508,0.0000
3509,0.0513
3510,0.1405
3511,0.2132
3512,0.3200
3513,0.3936
3514,0.4144
3515,0.4747
3516,0.4545
3517,0.3685
3518,0.3936
3519,0.3200
3520,0.2316
3521,0.1390
3522,0.0531
3523,0.0000
3524,0.0000
3525,0.0000
3526,0.0000
3527,0.0000
3528,0.0000
3529,0.0000
3530,0.0000
3531,0.0000
3532,0.0000
3533,0.0560
3534,0.1467
3535,0.2309
3536,0.3254
3537,0.4095
3538,0.4647
3539,0.4350
3540,0.4688
3541,0.4647
3542,0.3621
3543,0.3061
3544,0.2362
3545,0.1467
3546,0.0560
3547,0.0000
3548,0.0000
3549,0.0000
3550,0.0000
3551,0.0000
3552,0.0000
3553,0.0000
3554,0.0000
3555,0.0000
3556,0.0000
3557,0.0653
3558,0.1796
3559,0.2961
3560,0.4062
3561,0.4907
3562,0.5663
3563,0.5849
3564,0.5484
3565,0.5663
3566,0.4991
3567,0.4062
3568,0.2583
3569,0.1796
3570,0.0589
3571,0.0000
3572,0.0000
3573,0.0000
3574,0.0000
3575,0.0000
3576,0.0000
3577,0.0000
3578,0.0000
3579,0.0000
3580,0.0000
3581,0.0638
3582,0.1645
3583,0.2326
3584,0.3629
3585,0.4556
3586,0.5167
3587,0.5487
3588,0.4589
3589,0.4856
3590,0.4489
3591,0.3663
3592,0.2603
3593,0.1645
3594,0.0623
3595,0.0000
3596,0.0000
3597,0.0000
3598,0.0000
3599,0.0000
3600,0.0000
3601,0.0000
3602,0.0000
3603,0.0000
3604,0.0000
3605,0.0801
3606,0.2000
3607,0.3364
3608,0.4605
3609,0.5653
3610,0.5553
3611,0.6782
3612,0.6757
3613,0.5851
3614,0.5653
3615,0.4193
3616,0.3281
3617,0.1888
3618,0.0736
3619,0.0000
3620,0.0000
3621,0.0000
3622,0.0000
3623,0.0000
3624,0.0000
3625,0.0000
3626,0.0000
3627,0.0000
3628,0.0000
3629,0.0882
3630,0.2332
3631,0.3861
3632,0.4071
3633,0.5967
3634,0.7344
3635,0.7798
3636,0.7798
3637,0.7344
3638,0.6479
3639,0.5281
3640,0.3801
3641,0.2307
3642,0.0889
3643,0.0000
3644,0.0000
3645,0.0000
3646,0.0000
3647,0.0000
3648,0.0000
3649,0.0000
3650,0.0000
3651,0.0000
3652,0.0000
3653,0.0877
3654,0.2099
3655,0.3617
3656,0.4650
3657,0.6061
3658,0.5763
3659,0.6809
3660,0.7292
3661,0.6869
3662,0.6061
3663,0.4555
3664,0.3617
3665,0.2212
3666,0.0794
3667,0.0000
3668,0.0000
3669,0.0000
3670,0.0000
3671,0.0000
3672,0.0000
3673,0.0000
3674,0.0000
3675,0.0000
3676,0.0000
3677,0.0589
3678,0.1586
3679,0.2589
3680,0.3495
3681,0.4333
3682,0.4854
3683,0.4362
3684,0.5212
3685,0.4910
3686,0.3974
3687,0.3535
3688,0.2384
3689,0.1499
3690,0.0633
3691,0.0000
3692,0.0000
3693,0.0000
3694,0.0000
3695,0.0000
3696,0.0000
3697,0.0000
3698,0.0000
3699,0.0000
3700,0.0000
3701,0.0741
3702,0.1853
3703,0.3019
3704,0.4119
3705,0.4817
3706,0.5718
3707,0.5533
3708,0.5690
3709,0.5718
3710,0.5047
3711,0.3993
3712,0.3019
3713,0.1566
3714,0.0681
3715,0.0000
3716,0.0000
3717,0.0000
3718,0.0000
3719,0.0000
3720,0.0000
3721,0.0000
3722,0.0000
3723,0.0000
3724,0.0000
3725,0.0661
3726,0.1826
3727,0.2628
3728,0.3958
3729,0.4210
3730,0.4907
3731,0.5351
3732,0.5964
3733,0.5279
3734,0.4961
3735,0.4050
3736,0.2941
3737,0.1826
3738,0.0738
3739,0.0000
3740,0.0000
3741,0.0000
3742,0.0000
3743,0.0000
3744,0.0000
3745,0.0000
3746,0.0000
3747,0.0000
3748,0.0000
3749,0.0853
3750,0.1988
3751,0.2906
3752,0.4648
3753,0.4888
3754,0.5690
3755,0.6251
3756,0.6838
3757,0.6313
3758,0.5462
3759,0.4648
3760,0.3360
3761,0.2019
3762,0.0853
3763,0.0000
3764,0.0000
3765,0.0000
3766,0.0000
3767,0.0000
3768,0.0000
3769,0.0000
3770,0.0000
3771,0.0000
3772,0.0000
3773,0.1024
3774,0.2508
3775,0.3595
3776,0.5447
3777,0.6778
3778,0.7206
3779,0.7773
3780,0.7937
3781,0.6991
3782,0.6778
3783,0.5537
3784,0.4067
3785,0.2378
3786,0.0929
3787,0.0000
3788,0.0000
3789,0.0000
3790,0.0000
3791,0.0000
3792,0.0000
3793,0.0000
3794,0.0000
3795,0.0000
3796,0.0000
3797,0.0918
3798,0.2240
3799,0.3240
3800,0.4747
3801,0.5392
3802,0.6008
3803,0.7095
3804,0.6651
3805,0.6837
3806,0.6040
3807,0.4372
3808,0.3138
3809,0.2240
3810,0.0918
3811,0.0000
3812,0.0000
3813,0.0000
3814,0.0000
3815,0.0000
3816,0.0000
3817,0.0000
3818,0.0000
3819,0.0000
3820,0.0000
3821,0.0628
3822,0.1582
3823,0.2559
3824,0.3148
3825,0.4258
3826,0.4819
3827,0.5113
3828,0.4383
3829,0.4819
3830,0.4251
3831,0.3481
3832,0.2049
3833,0.1582
3834,0.0651
3835,0.0000
3836,0.0000
3837,0.0000
3838,0.0000
3839,0.0000
3840,0.0000
3841,0.0000
3842,0.0000
3843,0.0000
3844,0.0000
3845,0.0523
3846,0.1265
3847,0.2043
3848,0.2777
3849,0.3397
3850,0.3661
3851,0.4053
3852,0.3786
3853,0.3844
3854,0.3172
3855,0.2157
3856,0.2043
3857,0.1265
3858,0.0523
3859,0.0000
3860,0.0000
3861,0.0000
3862,0.0000
3863,0.0000
3864,0.0000
3865,0.0000
3866,0.0000
3867,0.0000
3868,0.0000
3869,0.0479
3870,0.1128
3871,0.2078
3872,0.2670
3873,0.3151
3874,0.3790
3875,0.3760
3876,0.4050
3877,0.3775
3878,0.3452
3879,0.2546
3880,0.2078
3881,0.1031
3882,0.0534
3883,0.0000
3884,0.0000
3885,0.0000
3886,0.0000
3887,0.0000
3888,0.0000
3889,0.0000
3890,0.0000
3891,0.0000
3892,0.0000
3893,0.0678
3894,0.1597
3895,0.2379
3896,0.3190
3897,0.4190
3898,0.4934
3899,0.5234
3900,0.4159
3901,0.4637
3902,0.4361
3903,0.3568
3904,0.2627
3905,0.1629
3906,0.0678
3907,0.0000
3908,0.0000
3909,0.0000
3910,0.0000
3911,0.0000
3912,0.0000
3913,0.0000
3914,0.0000
3915,0.0000
3916,0.0000
3917,0.0595
3918,0.1744
3919,0.2404
3920,0.3626
3921,0.4661
3922,0.5273
3923,0.4711
3924,0.5585
3925,0.5202
3926,0.4661
3927,0.3754
3928,0.2699
3929,0.1577
3930,0.0728
3931,0.0000
3932,0.0000
3933,0.0000
3934,0.0000
3935,0.0000
3936,0.0000
3937,0.0000
3938,0.0000
3939,0.0000
3940,0.0000
3941,0.0798
3942,0.1908
3943,0.3073
3944,0.3981
3945,0.4570
3946,0.5764
3947,0.5432
3948,0.5763
3949,0.5764
3950,0.5096
3951,0.4030
3952,0.3073
3953,0.1908
3954,0.0791
3955,0.0000
3956,0.0000
3957,0.0000
3958,0.0000
3959,0.0000
3960,0.0000
3961,0.0000
3962,0.0000
3963,0.0000
3964,0.0000
3965,0.0958
3966,0.2456
3967,0.3779
3968,0.5037
3969,0.6551
3970,0.7155
3971,0.7454
3972,0.7730
3973,0.7058
3974,0.6267
3975,0.5362
3976,0.3953
3977,0.2456
3978,0.0935
3979,0.0000
3980,0.0000
3981,0.0000
3982,0.0000
3983,0.0000
3984,0.0000
3985,0.0000
3986,0.0000
3987,0.0000
3988,0.0000
3989,0.0897
3990,0.1956
3991,0.3091
3992,0.4949
3993,0.5483
3994,0.6787
3995,0.6430
3996,0.7251
3997,0.6549
3998,0.5503
3999,0.4914
4000,0.3649
4001,0.2269
4002,0.0953
4003,0.0000
4004,0.0000
4005,0.0000
4006,0.0000
4007,0.0000
4008,0.0000
4009,0.0000
4010,0.0000
4011,0.0000
4012,0.0000
4013,0.0886
4014,0.2363
4015,0.3679
4016,0.5151
4017,0.6291
4018,0.7115
4019,0.7188
4020,0.7546
4021,0.7052
4022,0.6291
4023,0.4664
4024,0.3775
4025,0.2363
4026,0.0994
4027,0.0000
4028,0.0000
4029,0.0000
4030,0.0000
4031,0.0000
4032,0.0000
4033,0.0000
4034,0.0000
4035,0.0000
4036,0.0000
4037,0.1189
4038,0.2866
4039,0.3787
4040,0.5946
4041,0.7785
4042,0.8283
4043,0.9337
4044,0.9337
4045,0.7752
4046,0.7333
4047,0.5943
4048,0.4647
4049,0.2925
4050,0.1045
4051,0.0000
4052,0.0000
4053,0.0000
4054,0.0000
4055,0.0000
4056,0.0000
4057,0.0000
4058,0.0000
4059,0.0000
4060,0.0000
4061,0.1191
4062,0.2816
4063,0.4541
4064,0.5623
4065,0.7518
4066,0.7394
4067,0.9016
4068,0.9016
4069,0.8501
4070,0.7518
4071,0.6156
4072,0.4491
4073,0.2491
4074,0.1163
4075,0.0000
4076,0.0000
4077,0.0000
4078,0.0000
4079,0.0000
4080,0.0000
4081,0.0000
4082,0.0000
4083,0.0000
4084,0.0000
4085,0.1063
4086,0.2521
4087,0.3782
4088,0.5489
4089,0.6703
4090,0.7580
4091,0.7062
4092,0.6896
4093,0.7386
4094,0.6703
4095,0.5489
4096,0.4049
4097,0.2521
4098,0.1063
4099,0.0000
4100,0.0000
4101,0.0000
4102,0.0000
4103,0.0000
4104,0.0000
4105,0.0000
4106,0.0000
4107,0.0000
4108,0.0000
4109,0.1086
4110,0.2574
4111,0.4134
4112,0.5604
4113,0.6843
4114,0.7738
4115,0.7975
4116,0.8207
4117,0.6420
4118,0.6642
4119,0.5604
4120,0.3364
4121,0.2510
4122,0.1063
4123,0.0000
4124,0.0000
4125,0.0000
4126,0.0000
4127,0.0000
4128,0.0000
4129,0.0000
4130,0.0000
4131,0.0000
4132,0.0000
4133,0.1069
4134,0.2937
4135,0.4253
4136,0.6323
4137,0.6697
4138,0.8698
4139,0.9338
4140,0.9366
4141,0.8832
4142,0.7686
4143,0.6396
4144,0.4718
4145,0.2787
4146,0.1239
4147,0.0000
4148,0.0000
4149,0.0000
4150,0.0000
4151,0.0000
4152,0.0000
4153,0.0000
4154,0.0000
4155,0.0000
4156,0.0000
4157,0.1201
4158,0.2848
4159,0.4311
4160,0.6202
4161,0.7374
4162,0.8565
4163,0.9084
4164,0.8041
4165,0.8565
4166,0.7433
4167,0.6202
4168,0.4300
4169,0.2445
4170,0.1201
4171,0.0000
4172,0.0000
4173,0.0000
4174,0.0000
4175,0.0000
4176,0.0000
4177,0.0000
4178,0.0000
4179,0.0000
4180,0.0000
4181,0.0983
4182,0.2646
4183,0.4252
4184,0.4010
4185,0.6445
4186,0.6466
4187,0.8278
4188,0.8443
4189,0.7114
4190,0.7039
4191,0.5566
4192,0.4252
4193,0.2619
4194,0.1115
4195,0.0000
4196,0.0000
4197,0.0000
4198,0.0000
4199,0.0000
4200,0.0000
4201,0.0000
4202,0.0000
4203,0.0000
4204,0.0000
4205,0.0654
4206,0.1716
4207,0.2375
4208,0.3732
4209,0.4106
4210,0.5164
4211,0.5477
4212,0.5021
4213,0.5164
4214,0.4447
4215,0.3739
4216,0.2681
4217,0.1716
4218,0.0722
4219,0.0000
4220,0.0000
4221,0.0000
4222,0.0000
4223,0.0000
4224,0.0000
4225,0.0000
4226,0.0000
4227,0.0000
4228,0.0000
4229,0.0719
4230,0.1793
4231,0.2882
4232,0.3909
4233,0.4694
4234,0.4735
4235,0.5727
4236,0.5060
4237,0.5248
4238,0.4583
4239,0.3909
4240,0.2505
4241,0.1655
4242,0.0753
4243,0.0000
4244,0.0000
4245,0.0000
4246,0.0000
4247,0.0000
4248,0.0000
4249,0.0000
4250,0.0000
4251,0.0000
4252,0.0000
4253,0.0779
4254,0.1641
4255,0.3060
4256,0.4150
4257,0.4511
4258,0.5734
4259,0.5632
4260,0.6082
4261,0.5734
4262,0.5070
4263,0.3798
4264,0.2735
4265,0.1585
4266,0.0798
4267,0.0000
4268,0.0000
4269,0.0000
4270,0.0000
4271,0.0000
4272,0.0000
4273,0.0000
4274,0.0000
4275,0.0000
4276,0.0000
4277,0.0844
4278,0.2015
4279,0.3178
4280,0.4401
4281,0.5377
4282,0.6082
4283,0.5660
4284,0.6451
4285,0.6082
4286,0.5377
4287,0.4401
4288,0.3243
4289,0.2015
4290,0.0844
4291,0.0000
4292,0.0000
4293,0.0000
4294,0.0000
4295,0.0000
4296,0.0000
4297,0.0000
4298,0.0000
4299,0.0000
4300,0.0000
4301,0.0740
4302,0.1618
4303,0.2851
4304,0.3869
4305,0.4729
4306,0.4557
4307,0.5426
4308,0.5674
4309,0.5065
4310,0.4392
4311,0.3174
4312,0.2851
4313,0.1770
4314,0.0740
4315,0.0000
4316,0.0000
4317,0.0000
4318,0.0000
4319,0.0000
4320,0.0000
4321,0.0000
4322,0.0000
4323,0.0000
4324,0.0000
4325,0.0795
4326,0.1909
4327,0.2702
4328,0.4116
4329,0.4888
4330,0.4866
4331,0.6128
4332,0.5795
4333,0.5162
4334,0.5094
4335,0.4178
4336,0.3077
4337,0.1741
4338,0.0715
4339,0.0000
4340,0.0000
4341,0.0000
4342,0.0000
4343,0.0000
4344,0.0000
4345,0.0000
4346,0.0000
4347,0.0000
4348,0.0000
4349,0.0841
4350,0.2167
4351,0.3286
4352,0.4954
4353,0.4117
4354,0.6688
4355,0.7269
4356,0.7183
4357,0.6508
4358,0.5702
4359,0.3734
4360,0.3061
4361,0.2181
4362,0.0939
4363,0.0000
4364,0.0000
4365,0.0000
4366,0.0000
4367,0.0000
4368,0.0000
4369,0.0000
4370,0.0000
4371,0.0000
4372,0.0000
4373,0.1157
4374,0.2744
4375,0.4234
4376,0.6383
4377,0.7805
4378,0.8832
4379,0.8966
4380,0.8546
4381,0.8832
4382,0.7805
4383,0.6383
4384,0.3788
4385,0.2809
4386,0.1158
4387,0.0000
4388,0.0000
4389,0.0000
4390,0.0000
4391,0.0000
4392,0.0000
4393,0.0000
4394,0.0000
4395,0.0000
4396,0.0000
4397,0.0894
4398,0.2065
4399,0.3504
4400,0.4764
4401,0.5324
4402,0.5431
4403,0.6575
4404,0.6996
4405,0.6594
4406,0.5827
4407,0.4088
4408,0.3233
4409,0.2167
4410,0.0893
4411,0.0000
4412,0.0000
4413,0.0000
4414,0.0000
4415,0.0000
4416,0.0000
4417,0.0000
4418,0.0000
4419,0.0000
4420,0.0000
4421,0.0797
4422,0.1938
4423,0.2911
4424,0.4268
4425,0.5222
4426,0.5659
4427,0.6272
4428,0.6028
4429,0.5911
4430,0.5222
4431,0.4203
4432,0.3138
4433,0.1842
4434,0.0797
4435,0.0000
4436,0.0000
4437,0.0000
4438,0.0000
4439,0.0000
4440,0.0000
4441,0.0000
4442,0.0000
4443,0.0000
4444,0.0000
4445,0.0846
4446,0.2073
4447,0.3360
4448,0.4574
4449,0.5598
4450,0.5416
4451,0.6724
4452,0.6272
4453,0.6337
4454,0.5598
4455,0.4301
4456,0.3032
4457,0.1993
4458,0.0820
4459,0.0000
4460,0.0000
4461,0.0000
4462,0.0000
4463,0.0000
4464,0.0000
4465,0.0000
4466,0.0000
4467,0.0000
4468,0.0000
4469,0.0631
4470,0.1668
4471,0.1934
4472,0.3105
4473,0.4349
4474,0.5110
4475,0.5423
4476,0.4874
4477,0.4045
4478,0.4513
4479,0.3687
4480,0.2707
4481,0.1668
4482,0.0618
4483,0.0000
4484,0.0000
4485,0.0000
4486,0.0000
4487,0.0000
4488,0.0000
4489,0.0000
4490,0.0000
4491,0.0000
4492,0.0000
4493,0.0833
4494,0.2058
4495,0.3345
4496,0.4505
4497,0.5393
4498,0.6156
4499,0.6488
4500,0.6341
4501,0.5647
4502,0.5583
4503,0.4559
4504,0.3345
4505,0.2047
4506,0.0796
4507,0.0000
4508,0.0000
4509,0.0000
4510,0.0000
4511,0.0000
4512,0.0000
4513,0.0000
4514,0.0000
4515,0.0000
4516,0.0000
4517,0.0565
4518,0.1425
4519,0.2188
4520,0.3163
4521,0.3360
4522,0.4316
4523,0.4243
4524,0.4255
4525,0.3846
4526,0.3698
4527,0.2716
4528,0.2105
4529,0.1416
4530,0.0549
4531,0.0000
4532,0.0000
4533,0.0000
4534,0.0000
4535,0.0000
4536,0.0000
4537,0.0000
4538,0.0000
4539,0.0000
4540,0.0000
4541,0.0524
4542,0.1415
4543,0.2333
4544,0.3185
4545,0.3903
4546,0.4092
4547,0.4694
4548,0.4694
4549,0.4154
4550,0.3439
4551,0.3082
4552,0.2333
4553,0.1431
4554,0.0570
4555,0.0000
4556,0.0000
4557,0.0000
4558,0.0000
4559,0.0000
4560,0.0000
4561,0.0000
4562,0.0000
4563,0.0000
4564,0.0000
4565,0.0550
4566,0.1155
4567,0.2256
4568,0.3082
4569,0.3544
4570,0.3895
4571,0.4545
4572,0.4433
4573,0.4111
4574,0.3276
4575,0.3082
4576,0.2256
4577,0.1224
4578,0.0514
4579,0.0000
4580,0.0000
4581,0.0000
4582,0.0000
4583,0.0000
4584,0.0000
4585,0.0000
4586,0.0000
4587,0.0000
4588,0.0000
4589,0.0788
4590,0.1809
4591,0.3194
4592,0.4179
4593,0.5474
4594,0.6204
4595,0.6587
4596,0.6587
4597,0.6204
4598,0.5474
4599,0.4463
4600,0.3264
4601,0.1896
4602,0.0788
4603,0.0000
4604,0.0000
4605,0.0000
4606,0.0000
4607,0.0000
4608,0.0000
4609,0.0000
4610,0.0000
4611,0.0000
4612,0.0000
4613,0.0618
4614,0.1550
4615,0.2333
4616,0.3534
4617,0.4337
4618,0.4516
4619,0.5066
4620,0.5221
4621,0.4667
4622,0.4337
4623,0.3534
4624,0.2472
4625,0.1575
4626,0.0618
4627,0.0000
4628,0.0000
4629,0.0000
4630,0.0000
4631,0.0000
4632,0.0000
4633,0.0000
4634,0.0000
4635,0.0000
4636,0.0000
4637,0.0692
4638,0.1771
4639,0.3133
4640,0.4291
4641,0.5223
4642,0.5961
4643,0.6344
4644,0.6344
4645,0.5370
4646,0.5032
4647,0.3425
4648,0.3023
4649,0.1860
4650,0.0704
4651,0.0000
4652,0.0000
4653,0.0000
4654,0.0000
4655,0.0000
4656,0.0000
4657,0.0000
4658,0.0000
4659,0.0000
4660,0.0000
4661,0.0727
4662,0.1841
4663,0.3146
4664,0.4131
4665,0.5298
4666,0.5875
4667,0.6383
4668,0.6013
4669,0.6010
4670,0.5298
4671,0.4092
4672,0.3146
4673,0.1765
4674,0.0715
4675,0.0000
4676,0.0000
4677,0.0000
4678,0.0000
4679,0.0000
4680,0.0000
4681,0.0000
4682,0.0000
4683,0.0000
4684,0.0000
4685,0.0723
4686,0.1842
4687,0.2769
4688,0.4478
4689,0.5376
4690,0.6245
4691,0.5513
4692,0.6631
4693,0.6245
4694,0.5504
4695,0.4145
4696,0.3263
4697,0.1873
4698,0.0757
4699,0.0000
4700,0.0000
4701,0.0000
4702,0.0000
4703,0.0000
4704,0.0000
4705,0.0000
4706,0.0000
4707,0.0000
4708,0.0000
4709,0.0493
4710,0.1529
4711,0.2479
4712,0.3124
4713,0.4275
4714,0.4271
4715,0.4994
4716,0.4628
4717,0.4690
4718,0.4275
4719,0.3476
4720,0.2530
4721,0.1515
4722,0.0495
4723,0.0000
4724,0.0000
4725,0.0000
4726,0.0000
4727,0.0000
4728,0.0000
4729,0.0000
4730,0.0000
4731,0.0000
4732,0.0000
4733,0.0655
4734,0.1978
4735,0.3171
4736,0.4514
4737,0.5476
4738,0.6306
4739,0.6700
4740,0.6475
4741,0.6306
4742,0.5554
4743,0.4514
4744,0.3282
4745,0.1978
4746,0.0575
4747,0.0000
4748,0.0000
4749,0.0000
4750,0.0000
4751,0.0000
4752,0.0000
4753,0.0000
4754,0.0000
4755,0.0000
4756,0.0000
4757,0.0908
4758,0.2333
4759,0.2977
4760,0.5592
4761,0.6885
4762,0.7246
4763,0.7194
4764,0.8308
4765,0.7819
4766,0.6691
4767,0.5282
4768,0.3581
4769,0.2271
4770,0.0908
4771,0.0000
4772,0.0000
4773,0.0000
4774,0.0000
4775,0.0000
4776,0.0000
4777,0.0000
4778,0.0000
4779,0.0000
4780,0.0000
4781,0.0887
4782,0.2395
4783,0.3877
4784,0.5544
4785,0.6131
4786,0.7222
4787,0.7226
4788,0.8247
4789,0.7326
4790,0.5373
4791,0.4500
4792,0.4021
4793,0.2022
4794,0.0869
4795,0.0000
4796,0.0000
4797,0.0000
4798,0.0000
4799,0.0000
4800,0.0000
4801,0.0000
4802,0.0000
4803,0.0000
4804,0.0000
4805,0.0671
4806,0.1842
4807,0.3078
4808,0.4255
4809,0.5039
4810,0.5961
4811,0.4823
4812,0.6336
4813,0.5961
4814,0.5245
4815,0.4169
4816,0.3082
4817,0.1842
4818,0.0671
4819,0.0000
4820,0.0000
4821,0.0000
4822,0.0000
4823,0.0000
4824,0.0000
4825,0.0000
4826,0.0000
4827,0.0000
4828,0.0000
4829,0.0655
4830,0.1820
4831,0.2861
4832,0.4223
4833,0.5210
4834,0.4980
4835,0.6297
4836,0.4964
4837,0.5923
4838,0.5210
4839,0.4223
4840,0.3014
4841,0.1712
4842,0.0655
4843,0.0000
4844,0.0000
4845,0.0000
4846,0.0000
4847,0.0000
4848,0.0000
4849,0.0000
4850,0.0000
4851,0.0000
4852,0.0000
4853,0.0541
4854,0.1605
4855,0.2496
4856,0.3742
4857,0.3823
4858,0.5073
4859,0.5500
4860,0.5585
4861,0.4369
4862,0.4610
4863,0.3521
4864,0.2395
4865,0.1605
4866,0.0539
4867,0.0000
4868,0.0000
4869,0.0000
4870,0.0000
4871,0.0000
4872,0.0000
4873,0.0000
4874,0.0000
4875,0.0000
4876,0.0000
4877,0.0749
4878,0.2137
4879,0.3247
4880,0.4711
4881,0.5835
4882,0.7034
4883,0.6439
4884,0.7452
4885,0.6394
4886,0.5486
4887,0.4548
4888,0.3219
4889,0.2137
4890,0.0714
4891,0.0000
4892,0.0000
4893,0.0000
4894,0.0000
4895,0.0000
4896,0.0000
4897,0.0000
4898,0.0000
4899,0.0000
4900,0.0000
4901,0.0604
4902,0.1473
4903,0.2676
4904,0.3945
4905,0.5085
4906,0.4927
4907,0.6050
4908,0.6156
4909,0.5522
4910,0.5085
4911,0.4113
4912,0.2773
4913,0.1431
4914,0.0536
4915,0.0000
4916,0.0000
4917,0.0000
4918,0.0000
4919,0.0000
4920,0.0000
4921,0.0000
4922,0.0000
4923,0.0000
4924,0.0000
4925,0.0493
4926,0.1448
4927,0.2386
4928,0.3048
4929,0.3459
4930,0.4824
4931,0.3711
4932,0.4331
4933,0.4824
4934,0.4237
4935,0.3425
4936,0.2269
4937,0.1448
4938,0.0493
4939,0.0000
4940,0.0000
4941,0.0000
4942,0.0000
4943,0.0000
4944,0.0000
4945,0.0000
4946,0.0000
4947,0.0000
4948,0.0000
4949,0.0601
4950,0.1792
4951,0.2773
4952,0.4032
4953,0.4870
4954,0.6010
4955,0.5303
4956,0.6395
4957,0.5292
4958,0.4799
4959,0.4261
4960,0.2790
4961,0.1792
4962,0.0601
4963,0.0000
4964,0.0000
4965,0.0000
4966,0.0000
4967,0.0000
4968,0.0000
4969,0.0000
4970,0.0000
4971,0.0000
4972,0.0000
4973,0.0562
4974,0.1781
4975,0.3017
4976,0.3499
4977,0.5180
4978,0.5024
4979,0.6400
4980,0.5121
4981,0.4873
4982,0.4956
4983,0.4258
4984,0.3053
4985,0.1781
4986,0.0476
4987,0.0000
4988,0.0000
4989,0.0000
4990,0.0000
4991,0.0000
4992,0.0000
4993,0.0000
4994,0.0000
4995,0.0000
4996,0.0000
4997,0.0519
4998,0.1712
4999,0.2947
5000,0.3929
5001,0.5106
5002,0.5413
5003,0.6112
5004,0.5756
5005,0.5821
5006,0.5019
5007,0.3316
5008,0.2947
5009,0.1712
5010,0.0520
5011,0.0000
5012,0.0000
5013,0.0000
5014,0.0000
5015,0.0000
5016,0.0000
5017,0.0000
5018,0.0000
5019,0.0000
5020,0.0000
5021,0.0605
5022,0.1817
5023,0.3284
5024,0.4595
5025,0.4904
5026,0.5871
5027,0.6927
5028,0.6927
5029,0.5887
5030,0.5281
5031,0.4595
5032,0.3007
5033,0.1779
5034,0.0605
5035,0.0000
5036,0.0000
5037,0.0000
5038,0.0000
5039,0.0000
5040,0.0000
5041,0.0000
5042,0.0000
5043,0.0000
5044,0.0000
5045,0.0677
5046,0.2145
5047,0.3647
5048,0.5274
5049,0.6035
5050,0.7401
5051,0.7963
5052,0.7963
5053,0.7478
5054,0.6246
5055,0.5274
5056,0.3485
5057,0.2087
5058,0.0635
5059,0.0000
5060,0.0000
5061,0.0000
5062,0.0000
5063,0.0000
5064,0.0000
5065,0.0000
5066,0.0000
5067,0.0000
5068,0.0000
5069,0.0574
5070,0.1878
5071,0.3274
5072,0.4545
5073,0.5145
5074,0.6529
5075,0.6954
5076,0.6954
5077,0.5402
5078,0.5719
5079,0.4598
5080,0.3203
5081,0.1878
5082,0.0565
5083,0.0000
5084,0.0000
5085,0.0000
5086,0.0000
5087,0.0000
5088,0.0000
5089,0.0000
5090,0.0000
5091,0.0000
5092,0.0000
5093,0.0522
5094,0.1386
5095,0.3057
5096,0.3855
5097,0.5355
5098,0.4911
5099,0.6065
5100,0.6071
5101,0.6117
5102,0.4884
5103,0.4186
5104,0.2798
5105,0.1722
5106,0.0522
5107,0.0000
5108,0.0000
5109,0.0000
5110,0.0000
5111,0.0000
5112,0.0000
5113,0.0000
5114,0.0000
5115,0.0000
5116,0.0000
5117,0.0522
5118,0.1676
5119,0.3142
5120,0.4089
5121,0.5394
5122,0.6307
5123,0.6721
5124,0.6640
5125,0.5381
5126,0.5519
5127,0.4429
5128,0.2675
5129,0.1767
5130,0.0483
5131,0.0000
5132,0.0000
5133,0.0000
5134,0.0000
5135,0.0000
5136,0.0000
5137,0.0000
5138,0.0000
5139,0.0000
5140,0.0000
5141,0.0352
5142,0.1351
5143,0.2424
5144,0.3398
5145,0.4370
5146,0.4996
5147,0.5325
5148,0.5325
5149,0.4996
5150,0.3869
5151,0.3503
5152,0.2480
5153,0.1403
5154,0.0349
5155,0.0000
5156,0.0000
5157,0.0000
5158,0.0000
5159,0.0000
5160,0.0000
5161,0.0000
5162,0.0000
5163,0.0000
5164,0.0000
5165,0.0351
5166,0.1262
5167,0.2243
5168,0.3174
5169,0.3963
5170,0.4438
5171,0.4833
5172,0.4557
5173,0.4534
5174,0.3963
5175,0.3174
5176,0.2243
5177,0.1244
5178,0.0325
5179,0.0000
5180,0.0000
5181,0.0000
5182,0.0000
5183,0.0000
5184,0.0000
5185,0.0000
5186,0.0000
5187,0.0000
5188,0.0000
5189,0.0306
5190,0.1278
5191,0.2283
5192,0.2636
5193,0.4047
5194,0.3786
5195,0.4940
5196,0.4822
5197,0.4633
5198,0.3728
5199,0.3081
5200,0.2283
5201,0.1278
5202,0.0346
5203,0.0000
5204,0.0000
5205,0.0000
5206,0.0000
5207,0.0000
5208,0.0000
5209,0.0000
5210,0.0000
5211,0.0000
5212,0.0000
5213,0.0190
5214,0.0751
5215,0.1349
5216,0.1918
5217,0.2399
5218,0.2748
5219,0.2931
5220,0.2303
5221,0.2469
5222,0.2339
5223,0.1918
5224,0.1349
5225,0.0751
5226,0.0191
5227,0.0000
5228,0.0000
5229,0.0000
5230,0.0000
5231,0.0000
5232,0.0000
5233,0.0000
5234,0.0000
5235,0.0000
5236,0.0000
5237,0.0256
5238,0.1054
5239,0.1903
5240,0.2423
5241,0.3396
5242,0.3698
5243,0.4151
5244,0.3966
5245,0.3697
5246,0.3338
5247,0.2581
5248,0.1903
5249,0.1054
5250,0.0268
5251,0.0000
5252,0.0000
5253,0.0000
5254,0.0000
5255,0.0000
5256,0.0000
5257,0.0000
5258,0.0000
5259,0.0000
5260,0.0000
5261,0.0315
5262,0.1279
5263,0.2123
5264,0.3318
5265,0.3109
5266,0.4678
5267,0.5090
5268,0.4828
5269,0.4609
5270,0.4160
5271,0.3192
5272,0.2323
5273,0.1032
5274,0.0309
5275,0.0000
5276,0.0000
5277,0.0000
5278,0.0000
5279,0.0000
5280,0.0000
5281,0.0000
5282,0.0000
5283,0.0000
5284,0.0000
5285,0.0340
5286,0.1704
5287,0.3115
5288,0.4124
5289,0.5596
5290,0.6420
5291,0.6473
5292,0.6024
5293,0.6364
5294,0.4954
5295,0.3832
5296,0.3115
5297,0.1704
5298,0.0405
5299,0.0000
5300,0.0000
5301,0.0000
5302,0.0000
5303,0.0000
5304,0.0000
5305,0.0000
5306,0.0000
5307,0.0000
5308,0.0000
5309,0.0446
5310,0.1898
5311,0.3593
5312,0.5154
5313,0.5850
5314,0.6561
5315,0.6636
5316,0.7375
5317,0.6834
5318,0.6478
5319,0.4819
5320,0.3362
5321,0.1775
5322,0.0446
5323,0.0000
5324,0.0000
5325,0.0000
5326,0.0000
5327,0.0000
5328,0.0000
5329,0.0000
5330,0.0000
5331,0.0000
5332,0.0000
5333,0.0313
5334,0.1217
5335,0.2292
5336,0.2867
5337,0.4775
5338,0.4890
5339,0.5857
5340,0.5340
5341,0.4638
5342,0.4600
5343,0.3794
5344,0.2638
5345,0.1426
5346,0.0313
5347,0.0000
5348,0.0000
5349,0.0000
5350,0.0000
5351,0.0000
5352,0.0000
5353,0.0000
5354,0.0000
5355,0.0000
5356,0.0000
5357,0.0283
5358,0.1314
5359,0.2517
5360,0.3263
5361,0.4572
5362,0.4479
5363,0.5605
5364,0.5511
5365,0.5147
5366,0.3715
5367,0.3628
5368,0.2405
5369,0.1351
5370,0.0248
5371,0.0000
5372,0.0000
5373,0.0000
5374,0.0000
5375,0.0000
5376,0.0000
5377,0.0000
5378,0.0000
5379,0.0000
5380,0.0000
5381,0.0292
5382,0.1537
5383,0.2899
5384,0.4190
5385,0.5286
5386,0.6080
5387,0.6496
5388,0.6496
5389,0.5506
5390,0.4724
5391,0.4034
5392,0.2899
5393,0.1466
5394,0.0303
5395,0.0000
5396,0.0000
5397,0.0000
5398,0.0000
5399,0.0000
5400,0.0000
5401,0.0000
5402,0.0000
5403,0.0000
5404,0.0000
5405,0.0215
5406,0.1028
5407,0.2472
5408,0.3583
5409,0.3744
5410,0.5209
5411,0.5567
5412,0.5541
5413,0.5209
5414,0.4526
5415,0.3027
5416,0.2363
5417,0.1309
5418,0.0239
5419,0.0000
5420,0.0000
5421,0.0000
5422,0.0000
5423,0.0000
5424,0.0000
5425,0.0000
5426,0.0000
5427,0.0000
5428,0.0000
5429,0.0220
5430,0.1195
5431,0.2270
5432,0.3408
5433,0.4010
5434,0.4816
5435,0.5306
5436,0.5306
5437,0.4963
5438,0.4310
5439,0.3408
5440,0.2345
5441,0.1232
5442,0.0220
5443,0.0000
5444,0.0000
5445,0.0000
5446,0.0000
5447,0.0000
5448,0.0000
5449,0.0000
5450,0.0000
5451,0.0000
5452,0.0000
5453,0.0210
5454,0.1250
5455,0.2396
5456,0.3491
5457,0.4422
5458,0.4919
5459,0.4662
5460,0.5449
5461,0.5096
5462,0.4265
5463,0.3491
5464,0.2257
5465,0.1074
5466,0.0210
5467,0.0000
5468,0.0000
5469,0.0000
5470,0.0000
5471,0.0000
5472,0.0000
5473,0.0000
5474,0.0000
5475,0.0000
5476,0.0000
5477,0.0182
5478,0.1217
5479,0.2340
5480,0.3504
5481,0.4180
5482,0.4431
5483,0.4773
5484,0.4728
5485,0.5124
5486,0.4443
5487,0.3504
5488,0.2211
5489,0.1241
5490,0.0194
5491,0.0000
5492,0.0000
5493,0.0000
5494,0.0000
5495,0.0000
5496,0.0000
5497,0.0000
5498,0.0000
5499,0.0000
5500,0.0000
5501,0.0178
5502,0.1393
5503,0.2698
5504,0.3423
5505,0.4580
5506,0.5510
5507,0.5606
5508,0.6189
5509,0.5592
5510,0.5053
5511,0.3460
5512,0.2714
5513,0.1393
5514,0.0202
5515,0.0000
5516,0.0000
5517,0.0000
5518,0.0000
5519,0.0000
5520,0.0000
5521,0.0000
5522,0.0000
5523,0.0000
5524,0.0000
5525,0.0146
5526,0.1089
5527,0.2157
5528,0.2820
5529,0.4020
5530,0.4427
5531,0.4986
5532,0.4101
5533,0.4636
5534,0.4033
5535,0.2553
5536,0.2157
5537,0.1016
5538,0.0130
5539,0.0000
5540,0.0000
5541,0.0000
5542,0.0000
5543,0.0000
5544,0.0000
5545,0.0000
5546,0.0000
5547,0.0000
5548,0.0000
5549,0.0130
5550,0.1074
5551,0.2129
5552,0.3095
5553,0.3998
5554,0.4410
5555,0.4784
5556,0.4779
5557,0.4621
5558,0.3529
5559,0.3007
5560,0.2129
5561,0.1038
5562,0.0121
5563,0.0000
5564,0.0000
5565,0.0000
5566,0.0000
5567,0.0000
5568,0.0000
5569,0.0000
5570,0.0000
5571,0.0000
5572,0.0000
5573,0.0136
5574,0.1259
5575,0.2516
5576,0.3722
5577,0.4748
5578,0.5491
5579,0.5801
5580,0.5664
5581,0.4635
5582,0.4404
5583,0.3722
5584,0.2516
5585,0.1186
5586,0.0120
5587,0.0000
5588,0.0000
5589,0.0000
5590,0.0000
5591,0.0000
5592,0.0000
5593,0.0000
5594,0.0000
5595,0.0000
5596,0.0000
5597,0.0107
5598,0.1124
5599,0.2267
5600,0.2941
5601,0.4299
5602,0.4549
5603,0.4895
5604,0.5331
5605,0.3981
5606,0.4279
5607,0.3365
5608,0.2267
5609,0.1124
5610,0.0107
5611,0.0000
5612,0.0000
5613,0.0000
5614,0.0000
5615,0.0000
5616,0.0000
5617,0.0000
5618,0.0000
5619,0.0000
5620,0.0000
5621,0.0115
5622,0.1410
5623,0.2873
5624,0.4278
5625,0.4910
5626,0.6033
5627,0.6795
5628,0.6795
5629,0.6340
5630,0.5048
5631,0.4278
5632,0.2873
5633,0.1368
5634,0.0115
5635,0.0000
5636,0.0000
5637,0.0000
5638,0.0000
5639,0.0000
5640,0.0000
5641,0.0000
5642,0.0000
5643,0.0000
5644,0.0000
5645,0.0083
5646,0.1212
5647,0.2520
5648,0.3765
5649,0.4825
5650,0.5593
5651,0.5997
5652,0.5740
5653,0.5507
5654,0.4288
5655,0.3684
5656,0.2416
5657,0.1216
5658,0.0083
5659,0.0000
5660,0.0000
5661,0.0000
5662,0.0000
5663,0.0000
5664,0.0000
5665,0.0000
5666,0.0000
5667,0.0000
5668,0.0000
5669,0.0060
5670,0.0986
5671,0.2315
5672,0.3470
5673,0.4454
5674,0.5167
5675,0.5542
5676,0.4912
5677,0.5167
5678,0.4454
5679,0.2947
5680,0.2315
5681,0.0911
5682,0.0060
5683,0.0000
5684,0.0000
5685,0.0000
5686,0.0000
5687,0.0000
5688,0.0000
5689,0.0000
5690,0.0000
5691,0.0000
5692,0.0000
5693,0.0035
5694,0.0865
5695,0.1791
5696,0.2734
5697,0.2964
5698,0.3747
5699,0.4322
5700,0.4378
5701,0.4009
5702,0.3251
5703,0.2734
5704,0.1524
5705,0.0831
5706,0.0035
5707,0.0000
5708,0.0000
5709,0.0000
5710,0.0000
5711,0.0000
5712,0.0000
5713,0.0000
5714,0.0000
5715,0.0000
5716,0.0000
5717,0.0027
5718,0.1010
5719,0.2240
5720,0.3155
5721,0.4355
5722,0.4649
5723,0.4792
5724,0.5432
5725,0.4689
5726,0.4355
5727,0.3382
5728,0.2240
5729,0.0992
5730,0.0026
5731,0.0000
5732,0.0000
5733,0.0000
5734,0.0000
5735,0.0000
5736,0.0000
5737,0.0000
5738,0.0000
5739,0.0000
5740,0.0000
5741,0.0007
5742,0.0673
5743,0.1272
5744,0.2193
5745,0.2828
5746,0.3289
5747,0.2872
5748,0.3016
5749,0.3215
5750,0.2604
5751,0.2193
5752,0.1447
5753,0.0523
5754,0.0008
5755,0.0000
5756,0.0000
5757,0.0000
5758,0.0000
5759,0.0000
5760,0.0000
5761,0.0000
5762,0.0000
5763,0.0000
5764,0.0000
5765,0.0000
5766,0.0758
5767,0.1771
5768,0.2694
5769,0.3399
5770,0.4052
5771,0.3719
5772,0.4352
5773,0.3626
5774,0.3481
5775,0.2684
5776,0.1727
5777,0.0805
5778,0.0000
5779,0.0000
5780,0.0000
5781,0.0000
5782,0.0000
5783,0.0000
5784,0.0000
5785,0.0000
5786,0.0000
5787,0.0000
5788,0.0000
5789,0.0000
5790,0.0658
5791,0.1626
5792,0.2454
5793,0.3720
5794,0.4334
5795,0.4656
5796,0.4656
5797,0.4334
5798,0.3720
5799,0.2874
5800,0.1882
5801,0.0834
5802,0.0000
5803,0.0000
5804,0.0000
5805,0.0000
5806,0.0000
5807,0.0000
5808,0.0000
5809,0.0000
5810,0.0000
5811,0.0000
5812,0.0000
5813,0.0000
5814,0.1070
5815,0.2386
5816,0.3215
5817,0.3859
5818,0.5533
5819,0.4902
5820,0.5727
5821,0.5381
5822,0.4745
5823,0.3550
5824,0.2386
5825,0.0945
5826,0.0000
5827,0.0000
5828,0.0000
5829,0.0000
5830,0.0000
5831,0.0000
5832,0.0000
5833,0.0000
5834,0.0000
5835,0.0000
5836,0.0000
5837,0.0000
5838,0.1238
5839,0.2843
5840,0.4225
5841,0.4556
5842,0.6638
5843,0.7137
5844,0.7103
5845,0.6638
5846,0.5687
5847,0.4378
5848,0.2843
5849,0.1258
5850,0.0000
5851,0.0000
5852,0.0000
5853,0.0000
5854,0.0000
5855,0.0000
5856,0.0000
5857,0.0000
5858,0.0000
5859,0.0000
5860,0.0000
5861,0.0000
5862,0.1113
5863,0.2289
5864,0.3557
5865,0.4978
5866,0.5994
5867,0.5662
5868,0.6447
5869,0.5255
5870,0.5131
5871,0.3942
5872,0.2550
5873,0.1113
5874,0.0000
5875,0.0000
5876,0.0000
5877,0.0000
5878,0.0000
5879,0.0000
5880,0.0000
5881,0.0000
5882,0.0000
5883,0.0000
5884,0.0000
5885,0.0000
5886,0.1157
5887,0.2893
5888,0.4332
5889,0.5076
5890,0.6627
5891,0.7084
5892,0.7371
5893,0.6543
5894,0.5858
5895,0.4492
5896,0.2893
5897,0.1162
5898,0.0000
5899,0.0000
5900,0.0000
5901,0.0000
5902,0.0000
5903,0.0000
5904,0.0000
5905,0.0000
5906,0.0000
5907,0.0000
5908,0.0000
5909,0.0000
5910,0.1092
5911,0.2817
5912,0.3603
5913,0.5740
5914,0.6159
5915,0.6980
5916,0.7232
5917,0.6718
5918,0.5740
5919,0.4393
5920,0.2817
5921,0.1194
5922,0.0000
5923,0.0000
5924,0.0000
5925,0.0000
5926,0.0000
5927,0.0000
5928,0.0000
5929,0.0000
5930,0.0000
5931,0.0000
5932,0.0000
5933,0.0000
5934,0.0879
5935,0.2036
5936,0.3769
5937,0.4933
5938,0.5386
5939,0.6224
5940,0.6224
5941,0.5654
5942,0.4748
5943,0.3174
5944,0.2406
5945,0.1004
5946,0.0000
5947,0.0000
5948,0.0000
5949,0.0000
5950,0.0000
5951,0.0000
5952,0.0000
5953,0.0000
5954,0.0000
5955,0.0000
5956,0.0000
5957,0.0000
5958,0.0941
5959,0.2292
5960,0.3607
5961,0.4731
5962,0.4183
5963,0.5560
5964,0.5977
5965,0.5548
5966,0.4428
5967,0.2986
5968,0.2292
5969,0.0854
5970,0.0000
5971,0.0000
5972,0.0000
5973,0.0000
5974,0.0000
5975,0.0000
5976,0.0000
5977,0.0000
5978,0.0000
5979,0.0000
5980,0.0000
5981,0.0000
5982,0.0692
5983,0.1911
5984,0.3022
5985,0.3537
5986,0.4607
5987,0.5025
5988,0.5025
5989,0.4662
5990,0.3899
5991,0.2501
5992,0.1911
5993,0.0771
5994,0.0000
5995,0.0000
5996,0.0000
5997,0.0000
5998,0.0000
5999,0.0000
6000,0.0000
6001,0.0000
6002,0.0000
6003,0.0000
6004,0.0000
6005,0.0000
6006,0.0667
6007,0.1876
6008,0.3054
6009,0.3530
6010,0.4743
6011,0.4782
6012,0.5114
6013,0.4478
6014,0.4037
6015,0.3065
6016,0.1929
6017,0.0503
6018,0.0000
6019,0.0000
6020,0.0000
6021,0.0000
6022,0.0000
6023,0.0000
6024,0.0000
6025,0.0000
6026,0.0000
6027,0.0000
6028,0.0000
6029,0.0000
6030,0.0476
6031,0.1538
6032,0.2176
6033,0.2889
6034,0.3813
6035,0.3841
6036,0.4113
6037,0.3813
6038,0.3242
6039,0.2217
6040,0.1414
6041,0.0599
6042,0.0000
6043,0.0000
6044,0.0000
6045,0.0000
6046,0.0000
6047,0.0000
6048,0.0000
6049,0.0000
6050,0.0000
6051,0.0000
6052,0.0000
6053,0.0000
6054,0.0604
6055,0.1536
6056,0.2784
6057,0.3682
6058,0.4336
6059,0.4634
6060,0.4216
6061,0.4336
6062,0.3615
6063,0.2784
6064,0.1599
6065,0.0662
6066,0.0000
6067,0.0000
6068,0.0000
6069,0.0000
6070,0.0000
6071,0.0000
6072,0.0000
6073,0.0000
6074,0.0000
6075,0.0000
6076,0.0000
6077,0.0000
6078,0.0705
6079,0.2177
6080,0.3511
6081,0.4653
6082,0.5475
6083,0.5922
6084,0.4829
6085,0.5485
6086,0.4353
6087,0.3055
6088,0.2013
6089,0.0814
6090,0.0000
6091,0.0000
6092,0.0000
6093,0.0000
6094,0.0000
6095,0.0000
6096,0.0000
6097,0.0000
6098,0.0000
6099,0.0000
6100,0.0000
6101,0.0000
6102,0.0628
6103,0.1714
6104,0.2780
6105,0.3625
6106,0.4357
6107,0.4706
6108,0.4706
6109,0.4056
6110,0.3671
6111,0.2668
6112,0.1590
6113,0.0558
6114,0.0000
6115,0.0000
6116,0.0000
6117,0.0000
6118,0.0000
6119,0.0000
6120,0.0000
6121,0.0000
6122,0.0000
6123,0.0000
6124,0.0000
6125,0.0000
6126,0.0687
6127,0.1920
6128,0.3129
6129,0.4037
6130,0.4922
6131,0.5319
6132,0.5319
6133,0.4448
6134,0.3984
6135,0.2585
6136,0.1920
6137,0.0687
6138,0.0000
6139,0.0000
6140,0.0000
6141,0.0000
6142,0.0000
6143,0.0000
6144,0.0000
6145,0.0000
6146,0.0000
6147,0.0000
6148,0.0000
6149,0.0000
6150,0.0574
6151,0.2061
6152,0.3378
6153,0.4509
6154,0.4575
6155,0.5764
6156,0.5764
6157,0.5248
6158,0.4417
6159,0.3378
6160,0.2061
6161,0.0721
6162,0.0000
6163,0.0000
6164,0.0000
6165,0.0000
6166,0.0000
6167,0.0000
6168,0.0000
6169,0.0000
6170,0.0000
6171,0.0000
6172,0.0000
6173,0.0000
6174,0.0743
6175,0.2178
6176,0.3590
6177,0.3811
6178,0.5258
6179,0.4757
6180,0.5345
6181,0.5649
6182,0.4802
6183,0.3590
6184,0.1849
6185,0.0742
6186,0.0000
6187,0.0000
6188,0.0000
6189,0.0000
6190,0.0000
6191,0.0000
6192,0.0000
6193,0.0000
6194,0.0000
6195,0.0000
6196,0.0000
6197,0.0000
6198,0.0649
6199,0.2159
6200,0.2978
6201,0.4801
6202,0.5690
6203,0.5853
6204,0.6157
6205,0.5586
6206,0.4801
6207,0.2663
6208,0.1970
6209,0.0718
6210,0.0000
6211,0.0000
6212,0.0000
6213,0.0000
6214,0.0000
6215,0.0000
6216,0.0000
6217,0.0000
6218,0.0000
6219,0.0000
6220,0.0000
6221,0.0000
6222,0.0651
6223,0.1978
6224,0.3511
6225,0.4487
6226,0.5599
6227,0.6062
6228,0.5940
6229,0.5404
6230,0.3609
6231,0.3226
6232,0.2105
6233,0.0591
6234,0.0000
6235,0.0000
6236,0.0000
6237,0.0000
6238,0.0000
6239,0.0000
6240,0.0000
6241,0.0000
6242,0.0000
6243,0.0000
6244,0.0000
6245,0.0000
6246,0.0568
6247,0.1607
6248,0.3033
6249,0.4087
6250,0.4855
6251,0.4836
6252,0.3828
6253,0.4855
6254,0.4068
6255,0.2709
6256,0.1779
6257,0.0552
6258,0.0000
6259,0.0000
6260,0.0000
6261,0.0000
6262,0.0000
6263,0.0000
6264,0.0000
6265,0.0000
6266,0.0000
6267,0.0000
6268,0.0000
6269,0.0000
6270,0.0384
6271,0.1193
6272,0.2435
6273,0.3128
6274,0.3784
6275,0.4181
6276,0.4239
6277,0.3912
6278,0.3289
6279,0.2143
6280,0.1442
6281,0.0429
6282,0.0000
6283,0.0000
6284,0.0000
6285,0.0000
6286,0.0000
6287,0.0000
6288,0.0000
6289,0.0000
6290,0.0000
6291,0.0000
6292,0.0000
6293,0.0000
6294,0.0357
6295,0.1225
6296,0.2229
6297,0.2420
6298,0.3595
6299,0.3345
6300,0.3898
6301,0.3595
6302,0.2648
6303,0.2218
6304,0.1107
6305,0.0339
6306,0.0000
6307,0.0000
6308,0.0000
6309,0.0000
6310,0.0000
6311,0.0000
6312,0.0000
6313,0.0000
6314,0.0000
6315,0.0000
6316,0.0000
6317,0.0000
6318,0.0584
6319,0.2002
6320,0.2872
6321,0.4366
6322,0.5672
6323,0.6014
6324,0.6153
6325,0.5530
6326,0.4758
6327,0.3504
6328,0.2023
6329,0.0540
6330,0.0000
6331,0.0000
6332,0.0000
6333,0.0000
6334,0.0000
6335,0.0000
6336,0.0000
6337,0.0000
6338,0.0000
6339,0.0000
6340,0.0000
6341,0.0000
6342,0.0418
6343,0.1490
6344,0.2617
6345,0.3304
6346,0.3960
6347,0.4616
6348,0.4616
6349,0.3799
6350,0.3245
6351,0.2617
6352,0.1519
6353,0.0407
6354,0.0000
6355,0.0000
6356,0.0000
6357,0.0000
6358,0.0000
6359,0.0000
6360,0.0000
6361,0.0000
6362,0.0000
6363,0.0000
6364,0.0000
6365,0.0000
6366,0.0374
6367,0.1414
6368,0.2453
6369,0.3348
6370,0.3355
6371,0.4123
6372,0.4345
6373,0.4002
6374,0.3303
6375,0.2453
6376,0.1265
6377,0.0374
6378,0.0000
6379,0.0000
6380,0.0000
6381,0.0000
6382,0.0000
6383,0.0000
6384,0.0000
6385,0.0000
6386,0.0000
6387,0.0000
6388,0.0000
6389,0.0000
6390,0.0477
6391,0.1881
6392,0.2709
6393,0.3326
6394,0.5383
6395,0.5849
6396,0.5849
6397,0.5383
6398,0.4474
6399,0.2661
6400,0.1881
6401,0.0477
6402,0.0000
6403,0.0000
6404,0.0000
6405,0.0000
6406,0.0000
6407,0.0000
6408,0.0000
6409,0.0000
6410,0.0000
6411,0.0000
6412,0.0000
6413,0.0000
6414,0.0492
6415,0.2026
6416,0.3566
6417,0.4895
6418,0.5865
6419,0.6376
6420,0.6366
6421,0.5728
6422,0.4895
6423,0.3566
6424,0.2026
6425,0.0492
6426,0.0000
6427,0.0000
6428,0.0000
6429,0.0000
6430,0.0000
6431,0.0000
6432,0.0000
6433,0.0000
6434,0.0000
6435,0.0000
6436,0.0000
6437,0.0000
6438,0.0386
6439,0.1683
6440,0.2984
6441,0.4107
6442,0.4928
6443,0.5360
6444,0.4890
6445,0.4928
6446,0.4107
6447,0.2984
6448,0.1496
6449,0.0389
6450,0.0000
6451,0.0000
6452,0.0000
6453,0.0000
6454,0.0000
6455,0.0000
6456,0.0000
6457,0.0000
6458,0.0000
6459,0.0000
6460,0.0000
6461,0.0000
6462,0.0312
6463,0.1377
6464,0.2269
6465,0.3500
6466,0.3634
6467,0.3787
6468,0.4426
6469,0.3931
6470,0.3458
6471,0.2215
6472,0.1228
6473,0.0312
6474,0.0000
6475,0.0000
6476,0.0000
6477,0.0000
6478,0.0000
6479,0.0000
6480,0.0000
6481,0.0000
6482,0.0000
6483,0.0000
6484,0.0000
6485,0.0000
6486,0.0296
6487,0.1428
6488,0.2458
6489,0.3103
6490,0.4282
6491,0.4662
6492,0.4256
6493,0.4242
6494,0.3078
6495,0.2520
6496,0.1428
6497,0.0296
6498,0.0000
6499,0.0000
6500,0.0000
6501,0.0000
6502,0.0000
6503,0.0000
6504,0.0000
6505,0.0000
6506,0.0000
6507,0.0000
6508,0.0000
6509,0.0000
6510,0.0242
6511,0.1140
6512,0.2245
6513,0.2944
6514,0.3756
6515,0.3787
6516,0.3372
6517,0.3654
6518,0.3118
6519,0.2245
6520,0.1237
6521,0.0218
6522,0.0000
6523,0.0000
6524,0.0000
6525,0.0000
6526,0.0000
6527,0.0000
6528,0.0000
6529,0.0000
6530,0.0000
6531,0.0000
6532,0.0000
6533,0.0000
6534,0.0214
6535,0.1171
6536,0.1755
6537,0.2890
6538,0.3601
6539,0.3925
6540,0.3709
6541,0.3601
6542,0.2795
6543,0.1750
6544,0.1121
6545,0.0214
6546,0.0000
6547,0.0000
6548,0.0000
6549,0.0000
6550,0.0000
6551,0.0000
6552,0.0000
6553,0.0000
6554,0.0000
6555,0.0000
6556,0.0000
6557,0.0000
6558,0.0232
6559,0.1368
6560,0.2526
6561,0.3294
6562,0.4263
6563,0.4650
6564,0.4389
6565,0.3819
6566,0.3530
6567,0.2240
6568,0.1282
6569,0.0232
6570,0.0000
6571,0.0000
6572,0.0000
6573,0.0000
6574,0.0000
6575,0.0000
6576,0.0000
6577,0.0000
6578,0.0000
6579,0.0000
6580,0.0000
6581,0.0000
6582,0.0191
6583,0.1029
6584,0.2026
6585,0.3272
6586,0.3958
6587,0.4319
6588,0.4319
6589,0.3958
6590,0.3272
6591,0.2041
6592,0.1253
6593,0.0166
6594,0.0000
6595,0.0000
6596,0.0000
6597,0.0000
6598,0.0000
6599,0.0000
6600,0.0000
6601,0.0000
6602,0.0000
6603,0.0000
6604,0.0000
6605,0.0000
6606,0.0126
6607,0.0941
6608,0.1711
6609,0.2226
6610,0.3011
6611,0.3288
6612,0.2827
6613,0.2634
6614,0.2486
6615,0.1625
6616,0.0778
6617,0.0133
6618,0.0000
6619,0.0000
6620,0.0000
6621,0.0000
6622,0.0000
6623,0.0000
6624,0.0000
6625,0.0000
6626,0.0000
6627,0.0000
6628,0.0000
6629,0.0000
6630,0.0166
6631,0.1026
6632,0.1969
6633,0.3317
6634,0.4159
6635,0.4114
6636,0.4543
6637,0.4039
6638,0.3428
6639,0.2431
6640,0.1281
6641,0.0148
6642,0.0000
6643,0.0000
6644,0.0000
6645,0.0000
6646,0.0000
6647,0.0000
6648,0.0000
6649,0.0000
6650,0.0000
6651,0.0000
6652,0.0000
6653,0.0000
6654,0.0125
6655,0.0982
6656,0.1835
6657,0.2656
6658,0.3604
6659,0.3525
6660,0.3940
6661,0.3604
6662,0.2780
6663,0.2079
6664,0.1095
6665,0.0124
6666,0.0000
6667,0.0000
6668,0.0000
6669,0.0000
6670,0.0000
6671,0.0000
6672,0.0000
6673,0.0000
6674,0.0000
6675,0.0000
6676,0.0000
6677,0.0000
6678,0.0128
6679,0.1268
6680,0.2232
6681,0.3482
6682,0.4235
6683,0.4633
6684,0.4633
6685,0.4235
6686,0.3301
6687,0.2452
6688,0.1213
6689,0.0118
6690,0.0000
6691,0.0000
6692,0.0000
6693,0.0000
6694,0.0000
6695,0.0000
6696,0.0000
6697,0.0000
6698,0.0000
6699,0.0000
6700,0.0000
6701,0.0000
6702,0.0093
6703,0.1087
6704,0.2123
6705,0.2961
6706,0.3685
6707,0.4034
6708,0.3780
6709,0.3685
6710,0.3025
6711,0.1870
6712,0.0915
6713,0.0093
6714,0.0000
6715,0.0000
6716,0.0000
6717,0.0000
6718,0.0000
6719,0.0000
6720,0.0000
6721,0.0000
6722,0.0000
6723,0.0000
6724,0.0000
6725,0.0000
6726,0.0070
6727,0.0990
6728,0.1958
6729,0.2747
6730,0.3415
6731,0.3740
6732,0.3608
6733,0.3104
6734,0.2477
6735,0.1900
6736,0.0992
6737,0.0070
6738,0.0000
6739,0.0000
6740,0.0000
6741,0.0000
6742,0.0000
6743,0.0000
6744,0.0000
6745,0.0000
6746,0.0000
6747,0.0000
6748,0.0000
6749,0.0000
6750,0.0061
6751,0.1043
6752,0.2158
6753,0.3096
6754,0.3783
6755,0.3994
6756,0.4145
6757,0.3783
6758,0.2559
6759,0.2004
6760,0.0892
6761,0.0055
6762,0.0000
6763,0.0000
6764,0.0000
6765,0.0000
6766,0.0000
6767,0.0000
6768,0.0000
6769,0.0000
6770,0.0000
6771,0.0000
6772,0.0000
6773,0.0000
6774,0.0062
6775,0.1447
6776,0.3065
6777,0.4414
6778,0.5402
6779,0.5384
6780,0.5685
6781,0.4990
6782,0.4312
6783,0.3065
6784,0.1479
6785,0.0059
6786,0.0000
6787,0.0000
6788,0.0000
6789,0.0000
6790,0.0000
6791,0.0000
6792,0.0000
6793,0.0000
6794,0.0000
6795,0.0000
6796,0.0000
6797,0.0000
6798,0.0030
6799,0.1163
6800,0.2372
6801,0.3017
6802,0.3773
6803,0.4225
6804,0.4562
6805,0.3477
6806,0.3411
6807,0.2372
6808,0.1163
6809,0.0029
6810,0.0000
6811,0.0000
6812,0.0000
6813,0.0000
6814,0.0000
6815,0.0000
6816,0.0000
6817,0.0000
6818,0.0000
6819,0.0000
6820,0.0000
6821,0.0000
6822,0.0014
6823,0.1042
6824,0.2406
6825,0.3316
6826,0.4285
6827,0.4704
6828,0.4704
6829,0.4285
6830,0.2779
6831,0.2406
6832,0.1166
6833,0.0014
6834,0.0000
6835,0.0000
6836,0.0000
6837,0.0000
6838,0.0000
6839,0.0000
6840,0.0000
6841,0.0000
6842,0.0000
6843,0.0000
6844,0.0000
6845,0.0000
6846,0.0000
6847,0.1317
6848,0.2751
6849,0.3445
6850,0.3793
6851,0.5411
6852,0.5314
6853,0.4926
6854,0.4005
6855,0.2751
6856,0.1297
6857,0.0000
6858,0.0000
6859,0.0000
6860,0.0000
6861,0.0000
6862,0.0000
6863,0.0000
6864,0.0000
6865,0.0000
6866,0.0000
6867,0.0000
6868,0.0000
6869,0.0000
6870,0.0000
6871,0.1044
6872,0.2340
6873,0.2953
6874,0.3964
6875,0.4586
6876,0.3762
6877,0.3886
6878,0.3201
6879,0.2340
6880,0.1014
6881,0.0000
6882,0.0000
6883,0.0000
6884,0.0000
6885,0.0000
6886,0.0000
6887,0.0000
6888,0.0000
6889,0.0000
6890,0.0000
6891,0.0000
6892,0.0000
6893,0.0000
6894,0.0000
6895,0.0879
6896,0.1957
6897,0.3167
6898,0.4046
6899,0.4450
6900,0.4062
6901,0.4046
6902,0.3279
6903,0.2236
6904,0.1044
6905,0.0000
6906,0.0000
6907,0.0000
6908,0.0000
6909,0.0000
6910,0.0000
6911,0.0000
6912,0.0000
6913,0.0000
6914,0.0000
6915,0.0000
6916,0.0000
6917,0.0000
6918,0.0000
6919,0.0965
6920,0.2094
6921,0.3083
6922,0.3412
6923,0.4023
6924,0.4154
6925,0.3800
6926,0.3083
6927,0.2094
6928,0.0965
6929,0.0000
6930,0.0000
6931,0.0000
6932,0.0000
6933,0.0000
6934,0.0000
6935,0.0000
6936,0.0000
6937,0.0000
6938,0.0000
6939,0.0000
6940,0.0000
6941,0.0000
6942,0.0000
6943,0.0863
6944,0.1852
6945,0.2806
6946,0.3434
6947,0.3825
6948,0.3825
6949,0.3473
6950,0.2085
6951,0.1898
6952,0.0755
6953,0.0000
6954,0.0000
6955,0.0000
6956,0.0000
6957,0.0000
6958,0.0000
6959,0.0000
6960,0.0000
6961,0.0000
6962,0.0000
6963,0.0000
6964,0.0000
6965,0.0000
6966,0.0000
6967,0.0681
6968,0.1519
6969,0.2099
6970,0.2795
6971,0.2892
6972,0.2626
6973,0.2795
6974,0.2227
6975,0.1519
6976,0.0681
6977,0.0000
6978,0.0000
6979,0.0000
6980,0.0000
6981,0.0000
6982,0.0000
6983,0.0000
6984,0.0000
6985,0.0000
6986,0.0000
6987,0.0000
6988,0.0000
6989,0.0000
6990,0.0000
6991,0.0721
6992,0.1678
6993,0.2381
6994,0.2924
6995,0.2957
6996,0.3117
6997,0.3223
6998,0.2462
6999,0.1573
7000,0.0708
7001,0.0000
7002,0.0000
7003,0.0000
7004,0.0000
7005,0.0000
7006,0.0000
7007,0.0000
7008,0.0000
7009,0.0000
7010,0.0000
7011,0.0000
7012,0.0000
7013,0.0000
7014,0.0000
7015,0.0995
7016,0.2282
7017,0.3416
7018,0.4250
7019,0.4690
7020,0.4690
7021,0.3777
7022,0.3416
7023,0.1931
7024,0.0995
7025,0.0000
7026,0.0000
7027,0.0000
7028,0.0000
7029,0.0000
7030,0.0000
7031,0.0000
7032,0.0000
7033,0.0000
7034,0.0000
7035,0.0000
7036,0.0000
7037,0.0000
7038,0.0000
7039,0.0963
7040,0.2243
7041,0.3051
7042,0.4201
7043,0.4639
7044,0.4068
7045,0.4194
7046,0.3371
7047,0.2243
7048,0.0934
7049,0.0000
7050,0.0000
7051,0.0000
7052,0.0000
7053,0.0000
7054,0.0000
7055,0.0000
7056,0.0000
7057,0.0000
7058,0.0000
7059,0.0000
7060,0.0000
7061,0.0000
7062,0.0000
7063,0.0759
7064,0.1563
7065,0.2153
7066,0.3176
7067,0.3739
7068,0.3739
7069,0.3383
7070,0.2486
7071,0.1687
7072,0.0680
7073,0.0000
7074,0.0000
7075,0.0000
7076,0.0000
7077,0.0000
7078,0.0000
7079,0.0000
7080,0.0000
7081,0.0000
7082,0.0000
7083,0.0000
7084,0.0000
7085,0.0000
7086,0.0000
7087,0.0803
7088,0.2018
7089,0.3060
7090,0.3826
7091,0.3767
7092,0.3490
7093,0.3498
7094,0.2946
7095,0.2018
7096,0.0824
7097,0.0000
7098,0.0000
7099,0.0000
7100,0.0000
7101,0.0000
7102,0.0000
7103,0.0000
7104,0.0000
7105,0.0000
7106,0.0000
7107,0.0000
7108,0.0000
7109,0.0000
7110,0.0000
7111,0.0931
7112,0.2076
7113,0.3465
7114,0.4122
7115,0.4673
7116,0.4804
7117,0.3916
7118,0.3351
7119,0.2276
7120,0.0931
7121,0.0000
7122,0.0000
7123,0.0000
7124,0.0000
7125,0.0000
7126,0.0000
7127,0.0000
7128,0.0000
7129,0.0000
7130,0.0000
7131,0.0000
7132,0.0000
7133,0.0000
7134,0.0000
7135,0.0956
7136,0.2377
7137,0.3496
7138,0.4254
7139,0.5051
7140,0.5051
7141,0.3906
7142,0.2993
7143,0.2377
7144,0.0956
7145,0.0000
7146,0.0000
7147,0.0000
7148,0.0000
7149,0.0000
7150,0.0000
7151,0.0000
7152,0.0000
7153,0.0000
7154,0.0000
7155,0.0000
7156,0.0000
7157,0.0000
7158,0.0000
7159,0.0886
7160,0.2195
7161,0.3414
7162,0.4429
7163,0.4908
7164,0.4762
7165,0.3957
7166,0.2918
7167,0.2291
7168,0.0763
7169,0.0000
7170,0.0000
7171,0.0000
7172,0.0000
7173,0.0000
7174,0.0000
7175,0.0000
7176,0.0000
7177,0.0000
7178,0.0000
7179,0.0000
7180,0.0000
7181,0.0000
7182,0.0000
7183,0.0657
7184,0.1639
7185,0.2177
7186,0.2823
7187,0.3283
7188,0.3022
7189,0.3292
7190,0.2330
7191,0.1694
7192,0.0657
7193,0.0000
7194,0.0000
7195,0.0000
7196,0.0000
7197,0.0000
7198,0.0000
7199,0.0000
7200,0.0000
7201,0.0000
7202,0.0000
7203,0.0000
7204,0.0000
7205,0.0000
7206,0.0000
7207,0.0670
7208,0.1969
7209,0.3053
7210,0.3833
7211,0.3901
7212,0.4274
7213,0.3383
7214,0.2885
7215,0.1969
7216,0.0690
7217,0.0000
7218,0.0000
7219,0.0000
7220,0.0000
7221,0.0000
7222,0.0000
7223,0.0000
7224,0.0000
7225,0.0000
7226,0.0000
7227,0.0000
7228,0.0000
7229,0.0000
7230,0.0000
7231,0.0904
7232,0.2410
7233,0.3773
7234,0.4769
7235,0.4868
7236,0.5118
7237,0.4769
7238,0.3773
7239,0.2423
7240,0.0864
7241,0.0000
7242,0.0000
7243,0.0000
7244,0.0000
7245,0.0000
7246,0.0000
7247,0.0000
7248,0.0000
7249,0.0000
7250,0.0000
7251,0.0000
7252,0.0000
7253,0.0000
7254,0.0000
7255,0.0851
7256,0.2325
7257,0.3508
7258,0.4608
7259,0.4997
7260,0.5120
7261,0.4413
7262,0.3638
7263,0.2126
7264,0.0807
7265,0.0000
7266,0.0000
7267,0.0000
7268,0.0000
7269,0.0000
7270,0.0000
7271,0.0000
7272,0.0000
7273,0.0000
7274,0.0000
7275,0.0000
7276,0.0000
7277,0.0000
7278,0.0000
7279,0.0705
7280,0.1728
7281,0.2815
7282,0.3922
7283,0.4163
7284,0.3962
7285,0.3650
7286,0.3091
7287,0.1945
7288,0.0663
7289,0.0000
7290,0.0000
7291,0.0000
7292,0.0000
7293,0.0000
7294,0.0000
7295,0.0000
7296,0.0000
7297,0.0000
7298,0.0000
7299,0.0000
7300,0.0000
7301,0.0000
7302,0.0000
7303,0.0595
7304,0.1697
7305,0.2668
7306,0.3407
7307,0.3791
7308,0.3791
7309,0.3407
7310,0.2605
7311,0.1697
7312,0.0516
7313,0.0000
7314,0.0000
7315,0.0000
7316,0.0000
7317,0.0000
7318,0.0000
7319,0.0000
7320,0.0000
7321,0.0000
7322,0.0000
7323,0.0000
7324,0.0000
7325,0.0000
7326,0.0000
7327,0.0571
7328,0.1664
7329,0.2621
7330,0.3274
7331,0.3746
7332,0.3746
7333,0.2637
7334,0.2641
7335,0.1575
7336,0.0515
7337,0.0000
7338,0.0000
7339,0.0000
7340,0.0000
7341,0.0000
7342,0.0000
7343,0.0000
7344,0.0000
7345,0.0000
7346,0.0000
7347,0.0000
7348,0.0000
7349,0.0000
7350,0.0000
7351,0.0444
7352,0.1325
7353,0.2055
7354,0.2765
7355,0.3081
7356,0.2472
7357,0.2765
7358,0.1984
7359,0.1359
7360,0.0456
7361,0.0000
7362,0.0000
7363,0.0000
7364,0.0000
7365,0.0000
7366,0.0000
7367,0.0000
7368,0.0000
7369,0.0000
7370,0.0000
7371,0.0000
7372,0.0000
7373,0.0000
7374,0.0000
7375,0.0469
7376,0.1398
7377,0.2293
7378,0.2930
7379,0.3268
7380,0.3268
7381,0.2930
7382,0.2293
7383,0.1431
7384,0.0420
7385,0.0000
7386,0.0000
7387,0.0000
7388,0.0000
7389,0.0000
7390,0.0000
7391,0.0000
7392,0.0000
7393,0.0000
7394,0.0000
7395,0.0000
7396,0.0000
7397,0.0000
7398,0.0000
7399,0.0436
7400,0.1514
7401,0.1858
7402,0.3124
7403,0.2747
7404,0.3486
7405,0.3124
7406,0.2180
7407,0.1514
7408,0.0484
7409,0.0000
7410,0.0000
7411,0.0000
7412,0.0000
7413,0.0000
7414,0.0000
7415,0.0000
7416,0.0000
7417,0.0000
7418,0.0000
7419,0.0000
7420,0.0000
7421,0.0000
7422,0.0000
7423,0.0448
7424,0.1820
7425,0.2806
7426,0.3780
7427,0.4221
7428,0.4221
7429,0.3780
7430,0.2771
7431,0.1519
7432,0.0516
7433,0.0000
7434,0.0000
7435,0.0000
7436,0.0000
7437,0.0000
7438,0.0000
7439,0.0000
7440,0.0000
7441,0.0000
7442,0.0000
7443,0.0000
7444,0.0000
7445,0.0000
7446,0.0000
7447,0.0567
7448,0.1748
7449,0.3227
7450,0.3696
7451,0.4636
7452,0.4636
7453,0.4091
7454,0.3227
7455,0.1984
7456,0.0603
7457,0.0000
7458,0.0000
7459,0.0000
7460,0.0000
7461,0.0000
7462,0.0000
7463,0.0000
7464,0.0000
7465,0.0000
7466,0.0000
7467,0.0000
7468,0.0000
7469,0.0000
7470,0.0000
7471,0.0518
7472,0.2008
7473,0.2818
7474,0.3566
7475,0.4441
7476,0.4258
7477,0.3938
7478,0.3262
7479,0.2008
7480,0.0594
7481,0.0000
7482,0.0000
7483,0.0000
7484,0.0000
7485,0.0000
7486,0.0000
7487,0.0000
7488,0.0000
7489,0.0000
7490,0.0000
7491,0.0000
7492,0.0000
7493,0.0000
7494,0.0000
7495,0.0395
7496,0.1372
7497,0.2187
7498,0.2825
7499,0.3255
7500,0.3255
7501,0.2587
7502,0.2102
7503,0.1372
7504,0.0362
7505,0.0000
7506,0.0000
7507,0.0000
7508,0.0000
7509,0.0000
7510,0.0000
7511,0.0000
7512,0.0000
7513,0.0000
7514,0.0000
7515,0.0000
7516,0.0000
7517,0.0000
7518,0.0000
7519,0.0285
7520,0.0991
7521,0.1819
7522,0.2196
7523,0.2246
7524,0.2291
7525,0.2187
7526,0.1819
7527,0.0897
7528,0.0308
7529,0.0000
7530,0.0000
7531,0.0000
7532,0.0000
7533,0.0000
7534,0.0000
7535,0.0000
7536,0.0000
7537,0.0000
7538,0.0000
7539,0.0000
7540,0.0000
7541,0.0000
7542,0.0000
7543,0.0342
7544,0.1132
7545,0.2104
7546,0.2725
7547,0.2879
7548,0.3054
7549,0.2725
7550,0.2104
7551,0.1268
7552,0.0320
7553,0.0000
7554,0.0000
7555,0.0000
7556,0.0000
7557,0.0000
7558,0.0000
7559,0.0000
7560,0.0000
7561,0.0000
7562,0.0000
7563,0.0000
7564,0.0000
7565,0.0000
7566,0.0000
7567,0.0253
7568,0.0921
7569,0.1552
7570,0.1978
7571,0.2208
7572,0.2335
7573,0.1673
7574,0.1601
7575,0.0962
7576,0.0253
7577,0.0000
7578,0.0000
7579,0.0000
7580,0.0000
7581,0.0000
7582,0.0000
7583,0.0000
7584,0.0000
7585,0.0000
7586,0.0000
7587,0.0000
7588,0.0000
7589,0.0000
7590,0.0000
7591,0.0313
7592,0.1317
7593,0.1897
7594,0.2256
7595,0.3012
7596,0.2825
7597,0.2471
7598,0.2208
7599,0.1264
7600,0.0303
7601,0.0000
7602,0.0000
7603,0.0000
7604,0.0000
7605,0.0000
7606,0.0000
7607,0.0000
7608,0.0000
7609,0.0000
7610,0.0000
7611,0.0000
7612,0.0000
7613,0.0000
7614,0.0000
7615,0.0318
7616,0.1244
7617,0.1929
7618,0.2828
7619,0.3176
7620,0.3176
7621,0.2621
7622,0.1834
7623,0.1259
7624,0.0292
7625,0.0000
7626,0.0000
7627,0.0000
7628,0.0000
7629,0.0000
7630,0.0000
7631,0.0000
7632,0.0000
7633,0.0000
7634,0.0000
7635,0.0000
7636,0.0000
7637,0.0000
7638,0.0000
7639,0.0319
7640,0.1256
7641,0.2265
7642,0.2954
7643,0.2988
7644,0.2770
7645,0.2954
7646,0.2265
7647,0.1246
7648,0.0319
7649,0.0000
7650,0.0000
7651,0.0000
7652,0.0000
7653,0.0000
7654,0.0000
7655,0.0000
7656,0.0000
7657,0.0000
7658,0.0000
7659,0.0000
7660,0.0000
7661,0.0000
7662,0.0000
7663,0.0325
7664,0.1470
7665,0.2291
7666,0.3271
7667,0.3542
7668,0.3615
7669,0.3271
7670,0.2503
7671,0.1465
7672,0.0336
7673,0.0000
7674,0.0000
7675,0.0000
7676,0.0000
7677,0.0000
7678,0.0000
7679,0.0000
7680,0.0000
7681,0.0000
7682,0.0000
7683,0.0000
7684,0.0000
7685,0.0000
7686,0.0000
7687,0.0287
7688,0.1398
7689,0.2392
7690,0.3132
7691,0.3427
7692,0.3117
7693,0.2648
7694,0.2336
7695,0.1254
7696,0.0311
7697,0.0000
7698,0.0000
7699,0.0000
7700,0.0000
7701,0.0000
7702,0.0000
7703,0.0000
7704,0.0000
7705,0.0000
7706,0.0000
7707,0.0000
7708,0.0000
7709,0.0000
7710,0.0000
7711,0.0263
7712,0.1223
7713,0.2444
7714,0.2903
7715,0.3609
7716,0.3463
7717,0.3169
7718,0.2345
7719,0.1421
7720,0.0304
7721,0.0000
7722,0.0000
7723,0.0000
7724,0.0000
7725,0.0000
7726,0.0000
7727,0.0000
7728,0.0000
7729,0.0000
7730,0.0000
7731,0.0000
7732,0.0000
7733,0.0000
7734,0.0000
7735,0.0195
7736,0.0799
7737,0.1620
7738,0.2163
7739,0.2548
7740,0.2159
7741,0.2354
7742,0.1792
7743,0.1036
7744,0.0214
7745,0.0000
7746,0.0000
7747,0.0000
7748,0.0000
7749,0.0000
7750,0.0000
7751,0.0000
7752,0.0000
7753,0.0000
7754,0.0000
7755,0.0000
7756,0.0000
7757,0.0000
7758,0.0000
7759,0.0146
7760,0.0893
7761,0.1653
7762,0.2175
7763,0.2452
7764,0.2405
7765,0.2175
7766,0.1511
7767,0.0896
7768,0.0189
7769,0.0000
7770,0.0000
7771,0.0000
7772,0.0000
7773,0.0000
7774,0.0000
7775,0.0000
7776,0.0000
7777,0.0000
7778,0.0000
7779,0.0000
7780,0.0000
7781,0.0000
7782,0.0000
7783,0.0180
7784,0.0949
7785,0.1656
7786,0.2183
7787,0.2463
7788,0.2416
7789,0.1974
7790,0.1656
7791,0.0949
7792,0.0180
7793,0.0000
7794,0.0000
7795,0.0000
7796,0.0000
7797,0.0000
7798,0.0000
7799,0.0000
7800,0.0000
7801,0.0000
7802,0.0000
7803,0.0000
7804,0.0000
7805,0.0000
7806,0.0000
7807,0.0143
7808,0.0927
7809,0.1661
7810,0.1737
7811,0.2476
7812,0.2476
7813,0.2194
7814,0.1661
7815,0.0947
7816,0.0169
7817,0.0000
7818,0.0000
7819,0.0000
7820,0.0000
7821,0.0000
7822,0.0000
7823,0.0000
7824,0.0000
7825,0.0000
7826,0.0000
7827,0.0000
7828,0.0000
7829,0.0000
7830,0.0000
7831,0.0231
7832,0.1258
7833,0.2227
7834,0.2708
7835,0.3489
7836,0.3489
7837,0.3050
7838,0.1876
7839,0.1325
7840,0.0219
7841,0.0000
7842,0.0000
7843,0.0000
7844,0.0000
7845,0.0000
7846,0.0000
7847,0.0000
7848,0.0000
7849,0.0000
7850,0.0000
7851,0.0000
7852,0.0000
7853,0.0000
7854,0.0000
7855,0.0216
7856,0.1150
7857,0.2038
7858,0.3032
7859,0.3426
7860,0.3426
7861,0.3032
7862,0.2288
7863,0.1142
7864,0.0216
7865,0.0000
7866,0.0000
7867,0.0000
7868,0.0000
7869,0.0000
7870,0.0000
7871,0.0000
7872,0.0000
7873,0.0000
7874,0.0000
7875,0.0000
7876,0.0000
7877,0.0000
7878,0.0000
7879,0.0243
7880,0.1582
7881,0.2837
7882,0.3202
7883,0.4112
7884,0.3753
7885,0.3765
7886,0.2565
7887,0.1535
7888,0.0253
7889,0.0000
7890,0.0000
7891,0.0000
7892,0.0000
7893,0.0000
7894,0.0000
7895,0.0000
7896,0.0000
7897,0.0000
7898,0.0000
7899,0.0000
7900,0.0000
7901,0.0000
7902,0.0000
7903,0.0183
7904,0.1200
7905,0.1992
7906,0.2465
7907,0.3225
7908,0.3225
7909,0.2850
7910,0.2068
7911,0.1200
7912,0.0183
7913,0.0000
7914,0.0000
7915,0.0000
7916,0.0000
7917,0.0000
7918,0.0000
7919,0.0000
7920,0.0000
7921,0.0000
7922,0.0000
7923,0.0000
7924,0.0000
7925,0.0000
7926,0.0000
7927,0.0151
7928,0.1070
7929,0.2058
7930,0.2739
7931,0.2844
7932,0.3100
7933,0.2718
7934,0.2058
7935,0.1146
7936,0.0164
7937,0.0000
7938,0.0000
7939,0.0000
7940,0.0000
7941,0.0000
7942,0.0000
7943,0.0000
7944,0.0000
7945,0.0000
7946,0.0000
7947,0.0000
7948,0.0000
7949,0.0000
7950,0.0000
7951,0.0155
7952,0.1116
7953,0.2072
7954,0.2429
7955,0.3034
7956,0.3128
7957,0.2404
7958,0.2072
7959,0.1057
7960,0.0151
7961,0.0000
7962,0.0000
7963,0.0000
7964,0.0000
7965,0.0000
7966,0.0000
7967,0.0000
7968,0.0000
7969,0.0000
7970,0.0000
7971,0.0000
7972,0.0000
7973,0.0000
7974,0.0000
7975,0.0175
7976,0.1333
7977,0.2352
7978,0.3225
7979,0.2895
7980,0.3655
7981,0.3225
7982,0.2386
7983,0.1333
7984,0.0170
7985,0.0000
7986,0.0000
7987,0.0000
7988,0.0000
7989,0.0000
7990,0.0000
7991,0.0000
7992,0.0000
7993,0.0000
7994,0.0000
7995,0.0000
7996,0.0000
7997,0.0000
7998,0.0000
7999,0.0148
8000,0.1172
8001,0.2428
8002,0.3245
8003,0.3368
8004,0.3492
8005,0.3245
8006,0.2428
8007,0.1334
8008,0.0151
8009,0.0000
8010,0.0000
8011,0.0000
8012,0.0000
8013,0.0000
8014,0.0000
8015,0.0000
8016,0.0000
8017,0.0000
8018,0.0000
8019,0.0000
8020,0.0000
8021,0.0000
8022,0.0000
8023,0.0159
8024,0.1160
8025,0.2315
8026,0.3076
8027,0.3552
8028,0.3866
8029,0.3408
8030,0.1771
8031,0.1287
8032,0.0153
8033,0.0000
8034,0.0000
8035,0.0000
8036,0.0000
8037,0.0000
8038,0.0000
8039,0.0000
8040,0.0000
8041,0.0000
8042,0.0000
8043,0.0000
8044,0.0000
8045,0.0000
8046,0.0000
8047,0.0158
8048,0.1466
8049,0.2612
8050,0.3605
8051,0.4091
8052,0.3690
8053,0.3605
8054,0.2690
8055,0.1278
8056,0.0164
8057,0.0000
8058,0.0000
8059,0.0000
8060,0.0000
8061,0.0000
8062,0.0000
8063,0.0000
8064,0.0000
8065,0.0000
8066,0.0000
8067,0.0000
8068,0.0000
8069,0.0000
8070,0.0000
8071,0.0139
8072,0.1142
8073,0.2399
8074,0.3028
8075,0.3684
8076,0.3684
8077,0.2663
8078,0.2409
8079,0.1263
8080,0.0136
8081,0.0000
8082,0.0000
8083,0.0000
8084,0.0000
8085,0.0000
8086,0.0000
8087,0.0000
8088,0.0000
8089,0.0000
8090,0.0000
8091,0.0000
8092,0.0000
8093,0.0000
8094,0.0000
8095,0.0109
8096,0.1085
8097,0.2005
8098,0.2693
8099,0.2672
8100,0.3059
8101,0.2642
8102,0.2005
8103,0.0891
8104,0.0105
8105,0.0000
8106,0.0000
8107,0.0000
8108,0.0000
8109,0.0000
8110,0.0000
8111,0.0000
8112,0.0000
8113,0.0000
8114,0.0000
8115,0.0000
8116,0.0000
8117,0.0000
8118,0.0000
8119,0.0135
8120,0.1424
8121,0.2513
8122,0.3551
8123,0.4035
8124,0.3981
8125,0.3551
8126,0.2515
8127,0.1424
8128,0.0131
8129,0.0000
8130,0.0000
8131,0.0000
8132,0.0000
8133,0.0000
8134,0.0000
8135,0.0000
8136,0.0000
8137,0.0000
8138,0.0000
8139,0.0000
8140,0.0000
8141,0.0000
8142,0.0000
8143,0.0104
8144,0.1162
8145,0.2162
8146,0.2807
8147,0.3309
8148,0.3174
8149,0.2911
8150,0.2117
8151,0.1162
8152,0.0088
8153,0.0000
8154,0.0000
8155,0.0000
8156,0.0000
8157,0.0000
8158,0.0000
8159,0.0000
8160,0.0000
8161,0.0000
8162,0.0000
8163,0.0000
8164,0.0000
8165,0.0000
8166,0.0000
8167,0.0095
8168,0.1116
8169,0.2082
8170,0.2806
8171,0.2740
8172,0.2980
8173,0.2806
8174,0.2082
8175,0.0909
8176,0.0095
8177,0.0000
8178,0.0000
8179,0.0000
8180,0.0000
8181,0.0000
8182,0.0000
8183,0.0000
8184,0.0000
8185,0.0000
8186,0.0000
8187,0.0000
8188,0.0000
8189,0.0000
8190,0.0000
8191,0.0093
8192,0.1137
8193,0.2160
8194,0.2914
8195,0.3107
8196,0.3315
8197,0.2890
8198,0.2160
8199,0.1154
8200,0.0093
8201,0.0000
8202,0.0000
8203,0.0000
8204,0.0000
8205,0.0000
8206,0.0000
8207,0.0000
8208,0.0000
8209,0.0000
8210,0.0000
8211,0.0000
8212,0.0000
8213,0.0000
8214,0.0000
8215,0.0082
8216,0.0945
8217,0.2027
8218,0.2737
8219,0.3080
8220,0.2839
8221,0.2737
8222,0.1917
8223,0.1080
8224,0.0080
8225,0.0000
8226,0.0000
8227,0.0000
8228,0.0000
8229,0.0000
8230,0.0000
8231,0.0000
8232,0.0000
8233,0.0000
8234,0.0000
8235,0.0000
8236,0.0000
8237,0.0000
8238,0.0000
8239,0.0076
8240,0.1130
8241,0.2128
8242,0.2875
8243,0.3272
8244,0.3272
8245,0.2626
8246,0.1904
8247,0.1130
8248,0.0082
8249,0.0000
8250,0.0000
8251,0.0000
8252,0.0000
8253,0.0000
8254,0.0000
8255,0.0000
8256,0.0000
8257,0.0000
8258,0.0000
8259,0.0000
8260,0.0000
8261,0.0000
8262,0.0000
8263,0.0081
8264,0.0957
8265,0.2227
8266,0.3011
8267,0.3231
8268,0.3073
8269,0.2458
8270,0.2227
8271,0.1180
8272,0.0078
8273,0.0000
8274,0.0000
8275,0.0000
8276,0.0000
8277,0.0000
8278,0.0000
8279,0.0000
8280,0.0000
8281,0.0000
8282,0.0000
8283,0.0000
8284,0.0000
8285,0.0000
8286,0.0000
8287,0.0080
8288,0.0886
8289,0.2047
8290,0.3143
8291,0.3540
8292,0.3566
8293,0.3143
8294,0.2323
8295,0.1206
8296,0.0080
8297,0.0000
8298,0.0000
8299,0.0000
8300,0.0000
8301,0.0000
8302,0.0000
8303,0.0000
8304,0.0000
8305,0.0000
8306,0.0000
8307,0.0000
8308,0.0000
8309,0.0000
8310,0.0000
8311,0.0082
8312,0.1312
8313,0.2328
8314,0.3365
8315,0.3795
8316,0.3833
8317,0.3365
8318,0.2485
8319,0.1286
8320,0.0082
8321,0.0000
8322,0.0000
8323,0.0000
8324,0.0000
8325,0.0000
8326,0.0000
8327,0.0000
8328,0.0000
8329,0.0000
8330,0.0000
8331,0.0000
8332,0.0000
8333,0.0000
8334,0.0000
8335,0.0070
8336,0.1163
8337,0.2223
8338,0.2786
8339,0.3431
8340,0.3413
8341,0.3011
8342,0.2223
8343,0.1128
8344,0.0070
8345,0.0000
8346,0.0000
8347,0.0000
8348,0.0000
8349,0.0000
8350,0.0000
8351,0.0000
8352,0.0000
8353,0.0000
8354,0.0000
8355,0.0000
8356,0.0000
8357,0.0000
8358,0.0000
8359,0.0068
8360,0.1120
8361,0.2009
8362,0.3012
8363,0.3433
8364,0.2826
8365,0.3012
8366,0.1988
8367,0.1034
8368,0.0062
8369,0.0000
8370,0.0000
8371,0.0000
8372,0.0000
8373,0.0000
8374,0.0000
8375,0.0000
8376,0.0000
8377,0.0000
8378,0.0000
8379,0.0000
8380,0.0000
8381,0.0000
8382,0.0000
8383,0.0068
8384,0.1222
8385,0.2326
8386,0.3153
8387,0.3473
8388,0.3593
8389,0.3153
8390,0.2108
8391,0.0967
8392,0.0068
8393,0.0000
8394,0.0000
8395,0.0000
8396,0.0000
8397,0.0000
8398,0.0000
8399,0.0000
8400,0.0000
8401,0.0000
8402,0.0000
8403,0.0000
8404,0.0000
8405,0.0000
8406,0.0000
8407,0.0054
8408,0.0994
8409,0.1861
8410,0.2568
8411,0.2726
8412,0.2927
8413,0.2568
8414,0.1631
8415,0.0921
8416,0.0047
8417,0.0000
8418,0.0000
8419,0.0000
8420,0.0000
8421,0.0000
8422,0.0000
8423,0.0000
8424,0.0000
8425,0.0000
8426,0.0000
8427,0.0000
8428,0.0000
8429,0.0000
8430,0.0000
8431,0.0051
8432,0.1093
8433,0.1911
8434,0.2599
8435,0.2955
8436,0.3223
8437,0.2827
8438,0.2084
8439,0.0913
8440,0.0055
8441,0.0000
8442,0.0000
8443,0.0000
8444,0.0000
8445,0.0000
8446,0.0000
8447,0.0000
8448,0.0000
8449,0.0000
8450,0.0000
8451,0.0000
8452,0.0000
8453,0.0000
8454,0.0000
8455,0.0057
8456,0.1024
8457,0.2075
8458,0.2832
8459,0.3229
8460,0.3229
8461,0.2832
8462,0.1466
8463,0.0883
8464,0.0049
8465,0.0000
8466,0.0000
8467,0.0000
8468,0.0000
8469,0.0000
8470,0.0000
8471,0.0000
8472,0.0000
8473,0.0000
8474,0.0000
8475,0.0000
8476,0.0000
8477,0.0000
8478,0.0000
8479,0.0056
8480,0.1072
8481,0.2046
8482,0.2773
8483,0.2690
8484,0.3165
8485,0.2620
8486,0.2046
8487,0.1072
8488,0.0056
8489,0.0000
8490,0.0000
8491,0.0000
8492,0.0000
8493,0.0000
8494,0.0000
8495,0.0000
8496,0.0000
8497,0.0000
8498,0.0000
8499,0.0000
8500,0.0000
8501,0.0000
8502,0.0000
8503,0.0050
8504,0.0998
8505,0.1883
8506,0.2795
8507,0.2972
8508,0.2985
8509,0.2158
8510,0.1851
8511,0.1079
8512,0.0047
8513,0.0000
8514,0.0000
8515,0.0000
8516,0.0000
8517,0.0000
8518,0.0000
8519,0.0000
8520,0.0000
8521,0.0000
8522,0.0000
8523,0.0000
8524,0.0000
8525,0.0000
8526,0.0000
8527,0.0068
8528,0.1197
8529,0.2375
8530,0.3369
8531,0.3418
8532,0.3641
8533,0.3181
8534,0.2420
8535,0.1301
8536,0.0061
8537,0.0000
8538,0.0000
8539,0.0000
8540,0.0000
8541,0.0000
8542,0.0000
8543,0.0000
8544,0.0000
8545,0.0000
8546,0.0000
8547,0.0000
8548,0.0000
8549,0.0000
8550,0.0000
8551,0.0054
8552,0.0915
8553,0.1947
8554,0.2642
8555,0.2755
8556,0.2868
8557,0.2615
8558,0.1708
8559,0.0804
8560,0.0051
8561,0.0000
8562,0.0000
8563,0.0000
8564,0.0000
8565,0.0000
8566,0.0000
8567,0.0000
8568,0.0000
8569,0.0000
8570,0.0000
8571,0.0000
8572,0.0000
8573,0.0000
8574,0.0000
8575,0.0059
8576,0.0988
8577,0.2026
8578,0.2382
8579,0.2601
8580,0.3089
8581,0.2831
8582,0.2087
8583,0.1095
8584,0.0045
8585,0.0000
8586,0.0000
8587,0.0000
8588,0.0000
8589,0.0000
8590,0.0000
8591,0.0000
8592,0.0000
8593,0.0000
8594,0.0000
8595,0.0000
8596,0.0000
8597,0.0000
8598,0.0000
8599,0.0045
8600,0.0838
8601,0.1473
8602,0.2210
8603,0.1990
8604,0.2486
8605,0.1750
8606,0.1630
8607,0.0816
8608,0.0047
8609,0.0000
8610,0.0000
8611,0.0000
8612,0.0000
8613,0.0000
8614,0.0000
8615,0.0000
8616,0.0000
8617,0.0000
8618,0.0000
8619,0.0000
8620,0.0000
8621,0.0000
8622,0.0000
8623,0.0041
8624,0.0729
8625,0.1230
8626,0.1869
8627,0.1837
8628,0.2009
8629,0.1877
8630,0.1355
8631,0.0729
8632,0.0041
8633,0.0000
8634,0.0000
8635,0.0000
8636,0.0000
8637,0.0000
8638,0.0000
8639,0.0000
8640,0.0000
8641,0.0000
8642,0.0000
8643,0.0000
8644,0.0000
8645,0.0000
8646,0.0000
8647,0.0046
8648,0.0720
8649,0.1516
8650,0.2054
8651,0.2297
8652,0.2340
8653,0.1917
8654,0.1516
8655,0.0798
8656,0.0047
8657,0.0000
8658,0.0000
8659,0.0000
8660,0.0000
8661,0.0000
8662,0.0000
8663,0.0000
8664,0.0000
8665,0.0000
8666,0.0000
8667,0.0000
8668,0.0000
8669,0.0000
8670,0.0000
8671,0.0046
8672,0.0711
8673,0.1437
8674,0.1946
8675,0.2071
8676,0.2159
8677,0.1867
8678,0.1437
8679,0.0758
8680,0.0044
8681,0.0000
8682,0.0000
8683,0.0000
8684,0.0000
8685,0.0000
8686,0.0000
8687,0.0000
8688,0.0000
8689,0.0000
8690,0.0000
8691,0.0000
8692,0.0000
8693,0.0000
8694,0.0000
8695,0.0058
8696,0.0882
8697,0.1722
8698,0.2094
8699,0.2655
8700,0.2655
8701,0.2331
8702,0.1620
8703,0.0814
8704,0.0058
8705,0.0000
8706,0.0000
8707,0.0000
8708,0.0000
8709,0.0000
8710,0.0000
8711,0.0000
8712,0.0000
8713,0.0000
8714,0.0000
8715,0.0000
8716,0.0000
8717,0.0000
8718,0.0000
8719,0.0067
8720,0.1001
8721,0.1824
8722,0.2078
8723,0.2912
8724,0.2912
8725,0.2354
8726,0.1890
8727,0.0922
8728,0.0067
8729,0.0000
8730,0.0000
8731,0.0000
8732,0.0000
8733,0.0000
8734,0.0000
8735,0.0000
8736,0.0000
8737,0.0000
8738,0.0000
8739,0.0000
8740,0.0000
8741,0.0000
8742,0.0000
8743,0.0080
8744,0.1134
8745,0.2138
8746,0.2685
8747,0.2603
8748,0.3290
8749,0.2845
8750,0.2031
8751,0.1134
8752,0.0063
8753,0.0000
8754,0.0000
8755,0.0000
8756,0.0000
8757,0.0000
8758,0.0000
8759,0.0000
