# Synthetic hourly wind capacity factor, one year, dimensionless 0 to 1.
# Generated by make_profiles.py with seed 20260815. Not measured data.
# Speeds drawn from a Weibull distribution, shape 2.1 and scale 8.0 m/s,
# with hour to hour autocorrelation, passed through the toolkit power
# curve with cut-in 3, rated 12 and cut-out 25 m/s.
hour,wind_speed_ms,cf
0,6.6779,0.1592
1,6.5960,0.1528
2,6.6605,0.1578
3,5.5341,0.0838
4,5.7787,0.0976
5,7.1384,0.1980
6,5.8689,0.1030
7,5.9784,0.1097
8,5.8923,0.1044
9,5.9011,0.1049
10,5.5850,0.0865
11,6.0823,0.1164
12,9.0898,0.4257
13,10.0080,0.5734
14,9.3443,0.4638
15,8.5111,0.3466
16,7.3785,0.2203
17,8.0603,0.2920
18,7.0688,0.1918
19,6.1036,0.1178
20,7.1949,0.2031
21,6.3959,0.1379
22,6.0416,0.1138
23,5.4334,0.0784
24,4.7063,0.0454
25,4.8843,0.0526
26,4.0793,0.0240
27,3.4293,0.0078
28,3.6228,0.0121
29,2.3664,0.0000
30,2.8982,0.0000
31,3.0793,0.0013
32,3.6894,0.0137
33,3.3883,0.0070
34,3.6792,0.0134
35,4.7619,0.0476
36,5.8501,0.1018
37,3.9142,0.0194
38,3.2355,0.0040
39,4.1246,0.0254
40,5.6130,0.0881
41,5.1407,0.0640
42,6.3828,0.1370
43,6.6807,0.1594
44,5.9658,0.1090
45,7.3835,0.2208
46,7.5799,0.2402
47,9.1382,0.4327
48,7.5497,0.2371
49,5.5246,0.0833
50,5.8892,0.1042
51,6.3782,0.1367
52,5.9039,0.1051
53,6.9749,0.1836
54,4.5193,0.0384
55,6.3407,0.1340
56,6.3602,0.1354
57,6.4781,0.1440
58,6.2552,0.1280
59,7.1082,0.1953
60,7.0006,0.1858
61,6.9717,0.1833
62,8.8937,0.3977
63,8.6423,0.3636
64,11.3568,0.8452
65,10.3471,0.6354
66,10.7189,0.7081
67,8.6846,0.3692
68,8.7522,0.3783
69,7.8942,0.2733
70,7.4042,0.2228
71,9.0272,0.4166
72,11.5591,0.8921
73,9.6271,0.5087
74,10.0007,0.5721
75,12.8013,1.0000
76,12.0985,1.0000
77,10.4932,0.6634
78,9.9270,0.5592
79,9.1802,0.4390
80,7.6176,0.2440
81,6.4881,0.1447
82,6.2439,0.1272
83,5.7753,0.0974
84,6.7331,0.1636
85,7.0044,0.1862
86,6.3910,0.1376
87,6.6357,0.1559
88,5.0422,0.0595
89,4.7366,0.0466
90,5.4038,0.0769
91,5.6175,0.0883
92,6.4032,0.1385
93,5.2216,0.0678
94,4.6335,0.0426
95,6.1356,0.1199
96,6.7875,0.1680
97,8.1225,0.2992
98,7.6855,0.2510
99,8.3103,0.3215
100,7.8368,0.2671
101,7.4364,0.2259
102,7.4822,0.2304
103,6.8067,0.1695
104,6.0912,0.1170
105,5.1010,0.0622
106,4.5580,0.0398
107,4.9743,0.0565
108,5.8109,0.0995
109,6.3933,0.1378
110,6.5684,0.1507
111,6.0065,0.1115
112,5.3199,0.0726
113,7.2716,0.2102
114,6.7305,0.1634
115,7.7803,0.2610
116,9.4244,0.4762
117,8.1251,0.2995
118,6.5253,0.1475
119,5.5433,0.0843
120,4.8271,0.0502
121,6.1186,0.1188
122,7.2659,0.2096
123,7.8157,0.2648
124,7.9389,0.2783
125,7.2387,0.2071
126,8.0888,0.2953
127,6.3182,0.1324
128,6.9741,0.1835
129,8.0118,0.2865
130,8.1479,0.3021
131,7.7710,0.2600
132,8.5971,0.3577
133,9.6426,0.5112
134,9.6190,0.5074
135,10.4907,0.6629
136,9.4306,0.4772
137,9.0406,0.4185
138,9.5780,0.5007
139,8.6272,0.3616
140,9.6068,0.5054
141,10.5967,0.6836
142,9.9290,0.5596
143,11.3581,0.8456
144,12.3061,1.0000
145,12.2899,1.0000
146,12.8756,1.0000
147,12.9499,1.0000
148,12.8413,1.0000
149,11.1425,0.7974
150,9.7266,0.5251
151,8.0251,0.2880
152,7.6198,0.2442
153,7.9286,0.2771
154,7.4400,0.2262
155,5.9458,0.1077
156,6.5909,0.1524
157,8.2934,0.3195
158,7.2266,0.2060
159,5.7133,0.0938
160,6.2992,0.1311
161,4.8105,0.0496
162,6.4434,0.1414
163,6.9008,0.1773
164,6.9949,0.1853
165,6.5407,0.1486
166,6.6905,0.1602
167,8.3487,0.3262
168,7.5180,0.2339
169,6.7215,0.1627
170,7.6746,0.2499
171,7.8880,0.2727
172,7.5982,0.2420
173,6.5684,0.1507
174,7.2869,0.2116
175,7.2514,0.2083
176,5.7246,0.0944
177,5.1449,0.0642
178,6.0457,0.1140
179,9.0375,0.4181
180,9.6196,0.5074
181,9.9808,0.5686
182,8.5539,0.3521
183,9.0899,0.4257
184,8.5021,0.3454
185,7.0724,0.1921
186,7.3716,0.2196
187,7.1526,0.1992
188,7.7937,0.2624
189,7.7155,0.2541
190,6.9549,0.1819
191,7.0187,0.1874
192,6.6114,0.1540
193,7.4514,0.2274
194,7.1953,0.2031
195,6.1082,0.1181
196,7.1902,0.2027
197,6.9326,0.1800
198,5.6233,0.0887
199,6.5965,0.1529
200,6.9130,0.1783
201,7.7857,0.2616
202,9.0087,0.4139
203,7.9095,0.2750
204,8.1489,0.3023
205,7.4423,0.2265
206,9.3295,0.4615
207,10.2428,0.6159
208,9.4752,0.4842
209,8.8819,0.3960
210,8.9052,0.3993
211,8.1335,0.3005
212,6.3704,0.1361
213,6.6451,0.1566
214,8.0856,0.2949
215,8.5227,0.3481
216,10.7901,0.7227
217,11.3902,0.8529
218,12.0216,1.0000
219,13.7329,1.0000
220,14.4206,1.0000
221,14.9843,1.0000
222,14.6823,1.0000
223,12.6506,1.0000
224,12.8840,1.0000
225,11.8564,0.9640
226,11.9856,0.9964
227,12.5196,1.0000
228,11.0380,0.7747
229,11.4998,0.8782
230,12.5210,1.0000
231,11.4301,0.8620
232,10.4147,0.6482
233,9.0337,0.4175
234,8.6589,0.3658
235,8.2942,0.3196
236,9.5184,0.4911
237,8.6887,0.3697
238,9.1655,0.4368
239,9.1612,0.4361
240,9.7518,0.5293
241,10.2062,0.6091
242,10.7409,0.7126
243,7.9163,0.2758
244,8.5956,0.3575
245,7.7701,0.2599
246,6.4783,0.1440
247,3.9965,0.0217
248,4.0817,0.0241
249,4.1037,0.0248
250,3.3288,0.0058
251,3.4781,0.0089
252,4.2868,0.0304
253,4.2874,0.0305
254,4.7345,0.0465
255,6.3315,0.1333
256,4.9167,0.0540
257,3.9676,0.0208
258,3.7065,0.0141
259,3.3006,0.0053
260,2.4115,0.0000
261,2.7333,0.0000
262,2.2997,0.0000
263,2.2710,0.0000
264,2.6321,0.0000
265,2.1790,0.0000
266,1.3399,0.0000
267,1.3811,0.0000
268,0.9705,0.0000
269,1.4050,0.0000
270,1.3119,0.0000
271,1.8415,0.0000
272,2.4072,0.0000
273,2.6590,0.0000
274,2.1886,0.0000
275,2.5031,0.0000
276,2.8689,0.0000
277,3.3592,0.0064
278,3.8970,0.0189
279,3.6194,0.0120
280,2.6863,0.0000
281,3.1407,0.0023
282,3.2605,0.0045
283,3.4236,0.0077
284,2.3775,0.0000
285,1.9303,0.0000
286,2.3453,0.0000
287,3.7897,0.0161
288,3.5089,0.0095
289,3.9827,0.0213
290,4.8992,0.0533
291,4.7001,0.0452
292,4.4287,0.0352
293,4.4640,0.0364
294,5.2501,0.0692
295,5.6351,0.0893
296,5.3313,0.0732
297,4.2255,0.0285
298,3.8441,0.0175
299,4.4125,0.0346
300,5.0766,0.0610
301,4.4769,0.0369
302,4.0221,0.0224
303,3.5873,0.0113
304,2.4104,0.0000
305,2.2558,0.0000
306,2.7256,0.0000
307,3.3540,0.0063
308,2.6266,0.0000
309,4.0673,0.0237
310,4.5083,0.0380
311,5.3654,0.0749
312,5.5760,0.0860
313,3.7155,0.0143
314,2.7236,0.0000
315,2.8491,0.0000
316,1.8821,0.0000
317,2.3250,0.0000
318,3.5641,0.0107
319,4.3269,0.0318
320,4.8563,0.0515
321,5.5353,0.0838
322,6.3577,0.1352
323,5.5356,0.0839
324,6.3904,0.1375
325,6.4296,0.1404
326,6.6223,0.1549
327,6.8949,0.1768
328,5.4150,0.0775
329,5.4434,0.0789
330,4.3474,0.0324
331,2.2608,0.0000
332,1.8576,0.0000
333,2.5504,0.0000
334,3.5517,0.0105
335,4.5597,0.0399
336,5.6243,0.0887
337,4.8096,0.0495
338,3.6714,0.0132
339,3.1301,0.0022
340,2.7820,0.0000
341,2.7936,0.0000
342,2.0810,0.0000
343,1.3979,0.0000
344,1.1170,0.0000
345,1.5836,0.0000
346,1.3837,0.0000
347,1.8374,0.0000
348,1.9032,0.0000
349,3.6467,0.0126
350,2.6823,0.0000
351,2.7349,0.0000
352,3.1719,0.0029
353,4.0567,0.0234
354,3.0030,0.0000
355,2.1183,0.0000
356,1.7440,0.0000
357,2.5327,0.0000
358,3.1568,0.0026
359,4.4808,0.0370
360,4.6143,0.0419
361,4.2595,0.0296
362,4.7317,0.0464
363,4.9726,0.0564
364,5.6569,0.0905
365,5.3029,0.0718
366,5.1632,0.0650
367,4.6332,0.0426
368,4.8258,0.0502
369,2.9481,0.0000
370,3.9893,0.0215
371,4.3272,0.0318
372,5.5014,0.0820
373,4.2442,0.0291
374,5.5353,0.0838
375,3.4690,0.0087
376,4.4145,0.0347
377,4.9714,0.0564
378,5.0055,0.0579
379,4.7167,0.0458
380,4.4146,0.0347
381,3.5386,0.0102
382,3.1306,0.0022
383,3.6178,0.0120
384,3.6607,0.0130
385,3.5679,0.0108
386,4.4677,0.0366
387,4.6961,0.0450
388,5.0734,0.0609
389,6.7446,0.1645
390,6.4723,0.1435
391,6.1912,0.1236
392,6.7177,0.1623
393,6.1671,0.1220
394,5.7085,0.0935
395,5.7620,0.0966
396,6.1332,0.1198
397,7.2619,0.2093
398,7.8773,0.2715
399,10.3331,0.6327
400,10.3309,0.6323
401,10.2583,0.6188
402,7.9870,0.2837
403,8.2425,0.3133
404,5.2558,0.0695
405,6.6826,0.1596
406,7.9098,0.2751
407,10.4945,0.6636
408,9.7756,0.5333
409,9.7368,0.5268
410,9.3080,0.4582
411,8.0151,0.2868
412,7.3641,0.2189
413,9.2406,0.4480
414,8.6774,0.3683
415,7.1398,0.1981
416,7.3139,0.2141
417,7.9883,0.2838
418,5.9753,0.1095
419,5.1177,0.0629
420,6.5832,0.1519
421,6.0982,0.1174
422,7.4661,0.2288
423,7.2730,0.2103
424,7.2047,0.2040
425,5.7678,0.0969
426,4.0949,0.0245
427,5.3603,0.0747
428,3.6641,0.0130
429,5.2296,0.0682
430,5.3362,0.0735
431,4.4167,0.0348
432,4.6454,0.0431
433,6.1628,0.1217
434,7.7073,0.2533
435,8.3638,0.3281
436,7.7081,0.2534
437,7.1550,0.1995
438,6.2718,0.1292
439,5.5321,0.0837
440,7.4051,0.2228
441,7.2179,0.2052
442,6.1177,0.1187
443,6.2527,0.1278
444,7.1385,0.1980
445,6.7468,0.1647
446,8.6300,0.3620
447,8.2216,0.3108
448,9.9919,0.5706
449,8.6774,0.3682
450,9.3617,0.4665
451,10.3209,0.6305
452,9.7340,0.5263
453,9.7580,0.5304
454,9.0616,0.4216
455,9.1213,0.4303
456,9.8144,0.5399
457,11.0641,0.7804
458,8.0284,0.2883
459,6.9765,0.1837
460,5.0051,0.0578
461,4.0936,0.0245
462,4.8949,0.0531
463,6.0161,0.1121
464,5.7927,0.0984
465,5.6284,0.0889
466,5.7948,0.0985
467,6.1422,0.1204
468,5.4217,0.0778
469,5.6319,0.0891
470,4.8458,0.0510
471,4.3185,0.0315
472,4.4827,0.0371
473,3.8833,0.0186
474,5.8593,0.1024
475,7.5020,0.2323
476,8.9727,0.4088
477,8.4118,0.3340
478,8.9354,0.4035
479,4.9249,0.0544
480,3.6764,0.0133
481,4.3645,0.0330
482,3.9289,0.0198
483,4.4759,0.0368
484,3.5167,0.0097
485,2.7822,0.0000
486,3.3484,0.0062
487,2.9733,0.0000
488,3.0085,0.0001
489,2.6193,0.0000
490,2.9186,0.0000
491,3.6191,0.0120
492,3.2092,0.0036
493,4.2961,0.0307
494,3.4106,0.0075
495,3.7923,0.0162
496,5.5531,0.0848
497,6.1573,0.1214
498,6.0870,0.1167
499,7.6287,0.2451
500,7.2418,0.2074
501,7.2679,0.2098
502,7.3060,0.2134
503,6.4892,0.1448
504,4.3975,0.0341
505,4.4031,0.0343
506,5.5619,0.0853
507,7.2078,0.2043
508,7.0617,0.1911
509,7.2026,0.2038
510,8.8764,0.3953
511,8.0728,0.2934
512,9.1124,0.4290
513,6.6251,0.1551
514,7.4112,0.2234
515,8.0845,0.2948
516,6.6214,0.1548
517,5.2950,0.0714
518,5.4607,0.0799
519,7.0719,0.1920
520,6.7378,0.1639
521,5.8044,0.0991
522,5.7306,0.0948
523,5.3890,0.0761
524,5.6613,0.0908
525,4.8842,0.0526
526,6.1089,0.1182
527,5.7018,0.0931
528,4.8477,0.0511
529,4.5543,0.0397
530,4.8222,0.0501
531,2.9835,0.0000
532,2.9823,0.0000
533,2.9124,0.0000
534,3.7417,0.0149
535,5.2040,0.0670
536,3.5606,0.0107
537,3.3127,0.0055
538,2.9668,0.0000
539,2.9200,0.0000
540,2.5687,0.0000
541,2.9116,0.0000
542,1.6612,0.0000
543,2.7777,0.0000
544,3.4112,0.0075
545,4.9811,0.0568
546,5.2167,0.0676
547,5.8486,0.1017
548,4.3772,0.0334
549,4.6284,0.0424
550,4.5609,0.0399
551,3.2421,0.0042
552,3.8131,0.0167
553,2.9628,0.0000
554,2.5319,0.0000
555,2.6312,0.0000
556,2.9045,0.0000
557,2.5489,0.0000
558,3.4049,0.0073
559,3.7129,0.0142
560,4.9656,0.0561
561,5.0113,0.0581
562,4.3572,0.0328
563,4.4931,0.0375
564,2.7377,0.0000
565,2.9827,0.0000
566,2.6446,0.0000
567,3.7529,0.0152
568,3.7211,0.0144
569,4.1812,0.0271
570,4.0725,0.0238
571,3.6264,0.0122
572,3.3197,0.0056
573,3.4941,0.0092
574,4.0997,0.0246
575,4.8480,0.0511
576,5.2545,0.0694
577,4.3815,0.0336
578,4.8065,0.0494
579,3.4407,0.0081
580,3.4750,0.0088
581,3.8186,0.0169
582,3.5527,0.0105
583,3.1296,0.0021
584,4.5394,0.0391
585,3.7531,0.0152
586,4.4333,0.0354
587,4.8636,0.0518
588,4.7726,0.0480
589,4.2752,0.0301
590,4.3478,0.0324
591,4.0684,0.0237
592,4.3753,0.0334
593,4.3604,0.0329
594,4.9249,0.0544
595,4.6441,0.0430
596,4.7635,0.0477
597,4.4566,0.0362
598,5.0280,0.0589
599,5.7055,0.0933
600,4.4279,0.0352
601,4.4112,0.0346
602,5.0698,0.0607
603,4.8734,0.0522
604,7.6716,0.2496
605,6.8162,0.1703
606,5.1291,0.0635
607,4.8682,0.0520
608,3.7696,0.0156
609,4.6065,0.0416
610,3.2932,0.0051
611,1.9581,0.0000
612,2.9327,0.0000
613,3.1756,0.0030
614,3.4125,0.0075
615,3.0549,0.0009
616,3.9695,0.0209
617,4.0486,0.0231
618,3.4867,0.0090
619,3.5255,0.0099
620,5.1992,0.0668
621,6.2631,0.1286
622,7.0618,0.1912
623,6.1785,0.1228
624,8.0579,0.2917
625,8.8458,0.3910
626,7.4754,0.2297
627,5.8094,0.0994
628,6.7677,0.1664
629,5.7706,0.0971
630,7.1066,0.1951
631,6.6120,0.1541
632,7.1301,0.1972
633,7.5322,0.2354
634,8.0876,0.2951
635,7.5764,0.2398
636,9.6106,0.5060
637,11.0355,0.7742
638,9.0308,0.4171
639,8.9765,0.4094
640,9.9039,0.5552
641,9.7575,0.5303
642,9.0382,0.4182
643,8.8547,0.3923
644,10.9376,0.7534
645,10.9518,0.7564
646,10.2550,0.6181
647,9.2299,0.4464
648,8.1100,0.2977
649,6.6629,0.1580
650,5.5891,0.0868
651,5.0728,0.0609
652,8.2374,0.3127
653,8.1373,0.3009
654,9.2057,0.4428
655,7.4710,0.2293
656,7.0019,0.1859
657,6.7678,0.1664
658,6.6323,0.1556
659,6.9409,0.1807
660,7.3760,0.2200
661,9.9137,0.5569
662,9.2647,0.4516
663,6.7589,0.1656
664,6.3290,0.1332
665,6.7102,0.1618
666,6.9599,0.1823
667,5.3371,0.0735
668,6.1609,0.1216
669,7.7370,0.2564
670,8.3447,0.3257
671,6.7126,0.1619
672,7.6398,0.2463
673,8.8342,0.3895
674,8.0147,0.2868
675,9.1991,0.4418
676,8.5257,0.3484
677,9.8131,0.5397
678,10.3047,0.6274
679,11.2105,0.8124
680,10.2597,0.6190
681,10.7520,0.7149
682,11.5126,0.8812
683,13.5150,1.0000
684,12.2288,1.0000
685,12.3700,1.0000
686,12.5760,1.0000
687,13.1088,1.0000
688,13.8490,1.0000
689,13.7537,1.0000
690,13.3258,1.0000
691,12.5047,1.0000
692,11.3224,0.8375
693,9.5993,0.5041
694,8.8306,0.3890
695,9.2450,0.4487
696,8.3946,0.3319
697,7.4390,0.2261
698,7.6343,0.2457
699,8.4171,0.3347
700,6.8811,0.1757
701,7.3576,0.2183
702,7.7883,0.2619
703,7.7756,0.2605
704,7.3696,0.2194
705,9.2197,0.4449
706,10.4459,0.6542
707,9.6272,0.5087
708,8.6264,0.3615
709,7.9741,0.2822
710,7.5796,0.2401
711,6.3896,0.1375
712,5.5849,0.0865
713,4.1890,0.0273
714,4.8188,0.0499
715,5.3818,0.0758
716,6.5784,0.1515
717,8.8442,0.3908
718,8.7302,0.3753
719,8.0187,0.2872
720,8.0725,0.2934
721,6.5576,0.1499
722,6.1920,0.1237
723,5.7819,0.0978
724,8.1992,0.3082
725,7.7285,0.2555
726,7.7892,0.2620
727,7.9825,0.2832
728,6.3715,0.1362
729,6.1778,0.1227
730,7.6640,0.2488
731,7.3665,0.2191
732,6.7457,0.1646
733,5.2286,0.0682
734,5.4415,0.0788
735,6.7504,0.1650
736,5.7219,0.0943
737,5.6602,0.0907
738,6.8570,0.1737
739,7.4869,0.2308
740,5.9254,0.1064
741,6.7884,0.1680
742,4.7117,0.0456
743,4.0222,0.0224
744,4.7921,0.0488
745,5.3703,0.0752
746,4.8088,0.0495
747,4.5968,0.0412
748,5.3970,0.0765
749,5.3236,0.0728
750,5.2129,0.0674
751,5.2391,0.0687
752,4.9072,0.0536
753,3.8676,0.0181
754,3.5089,0.0095
755,5.2505,0.0692
756,5.6874,0.0923
757,4.7675,0.0478
758,5.5414,0.0842
759,5.0954,0.0619
760,5.1271,0.0634
761,5.7263,0.0945
762,4.6918,0.0448
763,4.9833,0.0569
764,5.2135,0.0674
765,6.3895,0.1375
766,7.6986,0.2524
767,8.4309,0.3364
768,7.2696,0.2100
769,6.0089,0.1117
770,6.3243,0.1328
771,6.8098,0.1698
772,6.3490,0.1346
773,7.7865,0.2617
774,8.0676,0.2928
775,9.0253,0.4163
776,9.7457,0.5283
777,8.6283,0.3618
778,7.1509,0.1991
779,9.0220,0.4158
780,9.9358,0.5608
781,9.2572,0.4505
782,7.3009,0.2129
783,7.7532,0.2581
784,7.4766,0.2298
785,9.2600,0.4509
786,9.1953,0.4412
787,9.7895,0.5357
788,9.4676,0.4830
789,7.5038,0.2325
790,6.1508,0.1209
791,5.7884,0.0981
792,6.3740,0.1364
793,9.3417,0.4634
794,8.3175,0.3224
795,7.3229,0.2150
796,6.5223,0.1472
797,7.1258,0.1968
798,5.6165,0.0883
799,5.5459,0.0844
800,5.7175,0.0940
801,6.7842,0.1677
802,7.5454,0.2367
803,7.5571,0.2379
804,7.9691,0.2817
805,9.2491,0.4493
806,8.7465,0.3775
807,9.3529,0.4651
808,10.7483,0.7141
809,11.0711,0.7819
810,10.6171,0.6877
811,9.0079,0.4138
812,8.0058,0.2858
813,8.2603,0.3155
814,7.5873,0.2409
815,9.7646,0.5315
816,9.1498,0.4345
817,9.2255,0.4457
818,7.4984,0.2320
819,7.7704,0.2599
820,5.5560,0.0850
821,4.5908,0.0410
822,4.8481,0.0511
823,5.6062,0.0877
824,6.4015,0.1383
825,6.4971,0.1454
826,9.4936,0.4871
827,8.4414,0.3378
828,10.3493,0.6358
829,10.9980,0.7662
830,10.6560,0.6955
831,12.0016,1.0000
832,8.9318,0.4030
833,9.0934,0.4262
834,9.4705,0.4835
835,10.4551,0.6560
836,11.7089,0.9278
837,10.0160,0.5748
838,11.9194,0.9797
839,14.5512,1.0000
840,15.8433,1.0000
841,12.9011,1.0000
842,13.0108,1.0000
843,11.8183,0.9546
844,12.1575,1.0000
845,11.4758,0.8726
846,9.9743,0.5675
847,8.9209,0.4015
848,7.6296,0.2452
849,6.8765,0.1753
850,7.4666,0.2288
851,7.4362,0.2259
852,6.8743,0.1751
853,4.4025,0.0343
854,5.0588,0.0602
855,4.0938,0.0245
856,3.3101,0.0054
857,4.4470,0.0358
858,4.4803,0.0370
859,5.2256,0.0680
860,3.7803,0.0159
861,3.7244,0.0145
862,4.5062,0.0379
863,4.3853,0.0337
864,5.4493,0.0793
865,5.1418,0.0640
866,3.6851,0.0135
867,5.6842,0.0921
868,4.5094,0.0380
869,3.8701,0.0182
870,3.5964,0.0115
871,3.8023,0.0164
872,3.7861,0.0160
873,3.8077,0.0166
874,3.1381,0.0023
875,2.3891,0.0000
876,2.3661,0.0000
877,2.4393,0.0000
878,3.5540,0.0105
879,4.1422,0.0259
880,5.8391,0.1012
881,4.7504,0.0471
882,3.8424,0.0175
883,4.0538,0.0233
884,3.5893,0.0113
885,3.2451,0.0042
886,3.3297,0.0058
887,2.4624,0.0000
888,2.9646,0.0000
889,3.6025,0.0116
890,2.4938,0.0000
891,4.0379,0.0228
892,4.1076,0.0249
893,5.1499,0.0644
894,4.4532,0.0360
895,4.0007,0.0218
896,3.8387,0.0174
897,4.3135,0.0313
898,4.0986,0.0246
899,4.3541,0.0327
900,4.9253,0.0544
901,4.5636,0.0400
902,4.4134,0.0347
903,4.0775,0.0240
904,4.6064,0.0416
905,4.7954,0.0490
906,5.1198,0.0630
907,5.0890,0.0616
908,5.8472,0.1017
909,5.9939,0.1107
910,4.9410,0.0550
911,5.2228,0.0679
912,4.1454,0.0260
913,4.9708,0.0563
914,5.7514,0.0960
915,7.3265,0.2153
916,7.4016,0.2225
917,7.2148,0.2049
918,7.3490,0.2175
919,7.5061,0.2327
920,8.2733,0.3170
921,9.0607,0.4214
922,9.5095,0.4897
923,8.5955,0.3575
924,11.2055,0.8113
925,9.7434,0.5279
926,10.8683,0.7388
927,11.2725,0.8262
928,11.9654,0.9912
929,12.1839,1.0000
930,10.5346,0.6714
931,9.8916,0.5531
932,8.9949,0.4120
933,9.3051,0.4578
934,10.4145,0.6482
935,10.1763,0.6037
936,7.1073,0.1952
937,8.1029,0.2969
938,9.1831,0.4394
939,7.8757,0.2713
940,9.4029,0.4729
941,8.7023,0.3716
942,8.6210,0.3608
943,6.5043,0.1459
944,5.7337,0.0949
945,6.0517,0.1144
946,6.1294,0.1195
947,6.1816,0.1230
948,7.6965,0.2521
949,6.9126,0.1783
950,7.5881,0.2410
951,7.7284,0.2555
952,7.3769,0.2201
953,9.0312,0.4172
954,9.4552,0.4811
955,9.3182,0.4598
956,10.0148,0.5746
957,8.1912,0.3072
958,8.4647,0.3407
959,8.1863,0.3067
960,9.9265,0.5591
961,10.5735,0.6791
962,9.5252,0.4922
963,9.6048,0.5050
964,7.8837,0.2722
965,7.7929,0.2623
966,7.8165,0.2649
967,8.8075,0.3858
968,9.1357,0.4324
969,8.5350,0.3496
970,10.2670,0.6204
971,10.6085,0.6860
972,12.2287,1.0000
973,11.8035,0.9509
974,12.6394,1.0000
975,11.8250,0.9562
976,9.9877,0.5698
977,11.3960,0.8542
978,11.9623,0.9905
979,10.3125,0.6289
980,10.8850,0.7423
981,11.0336,0.7738
982,10.1715,0.6028
983,8.9859,0.4107
984,10.1937,0.6069
985,9.9732,0.5673
986,9.3179,0.4597
987,8.0903,0.2954
988,9.4534,0.4808
989,9.4143,0.4746
990,9.4060,0.4734
991,8.1814,0.3061
992,5.7610,0.0965
993,6.7190,0.1625
994,7.4297,0.2252
995,6.8256,0.1711
996,7.3428,0.2169
997,4.9140,0.0539
998,5.0072,0.0579
999,6.2514,0.1278
1000,8.7457,0.3774
1001,7.5156,0.2337
1002,9.0586,0.4211
1003,8.6502,0.3647
1004,6.5083,0.1462
1005,7.0937,0.1940
1006,8.5836,0.3559
1007,7.2084,0.2043
1008,5.9671,0.1090
1009,6.3347,0.1336
1010,5.2955,0.0714
1011,4.7131,0.0457
1012,5.2537,0.0694
1013,4.5390,0.0391
1014,3.9174,0.0195
1015,4.4643,0.0364
1016,4.8313,0.0504
1017,5.1592,0.0649
1018,6.2937,0.1307
1019,7.3598,0.2185
1020,6.2146,0.1252
1021,7.2844,0.2114
1022,7.7660,0.2595
1023,7.0849,0.1932
1024,6.5520,0.1495
1025,8.3045,0.3208
1026,8.2373,0.3127
1027,8.6817,0.3688
1028,10.0150,0.5747
1029,7.3919,0.2216
1030,8.0028,0.2854
1031,6.5596,0.1501
1032,6.7150,0.1621
1033,5.6140,0.0881
1034,7.3757,0.2200
1035,6.6816,0.1595
1036,7.1905,0.2027
1037,6.3638,0.1356
1038,6.4574,0.1424
1039,7.8440,0.2679
1040,8.2351,0.3124
1041,8.4846,0.3432
1042,6.5621,0.1502
1043,7.4378,0.2260
1044,6.6515,0.1571
1045,5.5970,0.0872
1046,6.1795,0.1228
1047,5.3331,0.0733
1048,5.8552,0.1021
1049,7.4070,0.2230
1050,6.9405,0.1807
1051,6.2329,0.1265
1052,6.2695,0.1290
1053,6.9430,0.1809
1054,6.1143,0.1185
1055,6.2810,0.1298
1056,8.0753,0.2937
1057,8.4276,0.3360
1058,7.6809,0.2505
1059,7.7472,0.2575
1060,6.3635,0.1356
1061,8.0264,0.2881
1062,7.9022,0.2742
1063,6.4529,0.1421
1064,6.3945,0.1378
1065,6.2547,0.1280
1066,7.0167,0.1872
1067,7.8937,0.2733
1068,7.1649,0.2004
1069,7.1555,0.1995
1070,6.9699,0.1832
1071,6.3178,0.1324
1072,7.0547,0.1905
1073,7.2265,0.2060
1074,7.6038,0.2426
1075,8.2436,0.3135
1076,7.9919,0.2842
1077,8.7381,0.3764
1078,7.9224,0.2764
1079,8.0965,0.2962
1080,7.0567,0.1907
1081,8.9031,0.3990
1082,6.2638,0.1286
1083,7.6529,0.2476
1084,7.2107,0.2045
1085,7.3954,0.2219
1086,7.3991,0.2223
1087,6.5403,0.1486
1088,5.1355,0.0637
1089,6.0675,0.1154
1090,6.4195,0.1396
1091,6.4883,0.1447
1092,6.3559,0.1351
1093,6.2198,0.1256
1094,6.1986,0.1241
1095,6.6495,0.1570
1096,7.2005,0.2036
1097,6.7930,0.1684
1098,6.1975,0.1241
1099,7.1462,0.1987
1100,7.3188,0.2146
1101,6.6286,0.1553
1102,8.2056,0.3089
1103,6.4637,0.1429
1104,6.4875,0.1446
1105,6.8113,0.1699
1106,7.7146,0.2540
1107,7.2644,0.2095
1108,7.6612,0.2485
1109,5.4094,0.0772
1110,4.8946,0.0531
1111,5.0988,0.0621
1112,4.6852,0.0446
1113,4.8933,0.0530
1114,5.9078,0.1053
1115,6.5751,0.1512
1116,5.8725,0.1032
1117,6.1460,0.1206
1118,5.8059,0.0992
1119,3.9481,0.0203
1120,4.9628,0.0560
1121,3.5333,0.0101
1122,3.3364,0.0060
1123,3.9843,0.0213
1124,4.1134,0.0250
1125,3.8674,0.0181
1126,5.9452,0.1077
1127,7.8025,0.2634
1128,6.2053,0.1246
1129,5.8270,0.1004
1130,4.6303,0.0425
1131,4.3309,0.0319
1132,3.2836,0.0049
1133,2.2720,0.0000
1134,2.2271,0.0000
1135,1.6089,0.0000
1136,1.3952,0.0000
1137,1.5394,0.0000
1138,1.8666,0.0000
1139,2.7144,0.0000
1140,3.1983,0.0034
1141,2.5579,0.0000
1142,3.0637,0.0010
1143,3.0167,0.0003
1144,2.1632,0.0000
1145,3.0273,0.0004
1146,2.5614,0.0000
1147,1.9748,0.0000
1148,4.3842,0.0337
1149,4.1737,0.0269
1150,3.1848,0.0031
1151,3.2113,0.0036
1152,3.6492,0.0127
1153,3.2101,0.0036
1154,4.4172,0.0348
1155,4.6187,0.0421
1156,5.3650,0.0749
1157,7.3281,0.2155
1158,8.1888,0.3069
1159,6.9134,0.1784
1160,6.5074,0.1461
1161,7.6478,0.2471
1162,9.8841,0.5518
1163,11.5865,0.8986
1164,10.8763,0.7405
1165,8.9257,0.4022
1166,8.6471,0.3642
1167,10.0173,0.5751
1168,10.3008,0.6267
1169,8.6639,0.3665
1170,9.8780,0.5508
1171,10.3192,0.6301
1172,8.8792,0.3957
1173,7.5634,0.2385
1174,7.4269,0.2250
1175,6.3304,0.1333
1176,6.1481,0.1207
1177,6.1724,0.1224
1178,4.8338,0.0505
1179,5.1372,0.0638
1180,4.9674,0.0562
1181,6.0044,0.1114
1182,5.0909,0.0617
1183,7.5525,0.2374
1184,6.7661,0.1662
1185,6.0842,0.1165
1186,4.7292,0.0463
1187,4.6833,0.0445
1188,6.8434,0.1725
1189,4.7124,0.0456
1190,4.0246,0.0225
1191,4.0421,0.0230
1192,4.3939,0.0340
1193,4.2572,0.0295
1194,4.1355,0.0257
1195,4.4221,0.0350
1196,4.5020,0.0378
1197,5.3879,0.0761
1198,6.9799,0.1840
1199,5.1060,0.0624
1200,4.5823,0.0407
1201,3.9729,0.0210
1202,3.6642,0.0130
1203,4.6584,0.0436
1204,4.7314,0.0464
1205,5.8230,0.1002
1206,4.3800,0.0335
1207,4.1888,0.0273
1208,4.3893,0.0338
1209,4.5655,0.0401
1210,4.7529,0.0472
1211,3.8340,0.0173
1212,5.3223,0.0728
1213,4.9022,0.0534
1214,4.1703,0.0268
1215,3.6615,0.0130
1216,3.8058,0.0165
1217,3.7162,0.0143
1218,3.9989,0.0217
1219,2.7668,0.0000
1220,1.9496,0.0000
1221,3.0042,0.0001
1222,2.6068,0.0000
1223,2.9486,0.0000
1224,2.8333,0.0000
1225,3.0499,0.0008
1226,3.9892,0.0214
1227,5.4316,0.0783
1228,4.8724,0.0521
1229,5.4853,0.0812
1230,4.3440,0.0323
1231,4.0293,0.0226
1232,4.0016,0.0218
1233,4.3597,0.0328
1234,5.6065,0.0877
1235,6.9017,0.1774
1236,5.8762,0.1034
1237,5.9540,0.1082
1238,5.1772,0.0657
1239,4.8471,0.0511
1240,4.2229,0.0284
1241,4.1810,0.0271
1242,6.0278,0.1129
1243,4.1694,0.0267
1244,3.4037,0.0073
1245,3.5142,0.0096
1246,2.8013,0.0000
1247,2.8110,0.0000
1248,2.7195,0.0000
1249,3.3121,0.0055
1250,3.7821,0.0159
1251,4.6096,0.0417
1252,5.1214,0.0631
1253,6.4125,0.1391
1254,7.4978,0.2319
1255,6.9063,0.1778
1256,7.2334,0.2066
1257,5.5915,0.0869
1258,5.1354,0.0637
1259,5.3032,0.0718
1260,5.8212,0.1001
1261,6.3678,0.1359
1262,6.0917,0.1170
1263,6.5463,0.1490
1264,7.0412,0.1894
1265,5.6679,0.0912
1266,4.8091,0.0495
1267,3.4762,0.0088
1268,4.3222,0.0316
1269,4.8523,0.0513
1270,3.3799,0.0068
1271,3.4222,0.0077
1272,2.9061,0.0000
1273,2.8410,0.0000
1274,2.5118,0.0000
1275,3.8779,0.0184
1276,2.7396,0.0000
1277,2.8420,0.0000
1278,2.5714,0.0000
1279,2.0749,0.0000
1280,2.3351,0.0000
1281,2.7159,0.0000
1282,4.1544,0.0263
1283,4.9049,0.0535
1284,4.8123,0.0496
1285,5.9949,0.1108
1286,5.3135,0.0723
1287,5.2118,0.0674
1288,6.4270,0.1402
1289,5.4380,0.0787
1290,5.3635,0.0748
1291,5.9130,0.1057
1292,5.3374,0.0735
1293,4.8293,0.0503
1294,4.0249,0.0225
1295,4.8821,0.0525
1296,5.2567,0.0695
1297,5.7237,0.0944
1298,4.8279,0.0503
1299,4.6911,0.0448
1300,4.5342,0.0389
1301,4.2863,0.0304
1302,4.2511,0.0293
1303,3.5574,0.0106
1304,3.8364,0.0173
1305,3.0220,0.0004
1306,2.7806,0.0000
1307,3.5627,0.0107
1308,2.4727,0.0000
1309,3.9383,0.0200
1310,4.0495,0.0232
1311,4.1108,0.0250
1312,3.6450,0.0126
1313,4.2985,0.0308
1314,4.0476,0.0231
1315,4.9862,0.0570
1316,5.2780,0.0706
1317,5.1575,0.0648
1318,4.0679,0.0237
1319,4.8850,0.0527
1320,5.7400,0.0953
1321,4.9447,0.0552
1322,4.7504,0.0471
1323,5.7080,0.0935
1324,6.3389,0.1339
1325,7.4743,0.2296
1326,8.4352,0.3370
1327,6.8423,0.1724
1328,8.0730,0.2934
1329,6.7446,0.1645
1330,8.0147,0.2868
1331,7.0084,0.1865
1332,7.7266,0.2553
1333,7.9655,0.2813
1334,9.0558,0.4207
1335,9.0226,0.4159
1336,8.3226,0.3230
1337,9.1390,0.4329
1338,8.0497,0.2908
1339,6.5953,0.1528
1340,7.5225,0.2344
1341,7.3926,0.2216
1342,8.2767,0.3174
1343,7.0640,0.1914
1344,6.3755,0.1365
1345,5.5826,0.0864
1346,5.2396,0.0687
1347,5.4444,0.0790
1348,5.2973,0.0715
1349,4.9532,0.0556
1350,5.7495,0.0959
1351,5.2019,0.0669
1352,6.2864,0.1302
1353,3.9399,0.0201
1354,4.5315,0.0388
1355,4.1998,0.0277
1356,5.5373,0.0839
1357,5.3569,0.0745
1358,3.5939,0.0114
1359,6.8836,0.1759
1360,7.3287,0.2155
1361,8.5429,0.3507
1362,10.4557,0.6561
1363,9.5562,0.4972
1364,12.9443,1.0000
1365,10.6730,0.6989
1366,10.0804,0.5863
1367,9.9843,0.5692
1368,10.1385,0.5968
1369,8.9690,0.4083
1370,9.7755,0.5333
1371,11.0675,0.7811
1372,12.7743,1.0000
1373,11.8094,0.9524
1374,9.1522,0.4348
1375,8.8467,0.3912
1376,9.2270,0.4459
1377,9.2734,0.4529
1378,11.4298,0.8620
1379,11.8844,0.9709
1380,11.7568,0.9395
1381,10.5065,0.6660
1382,10.5483,0.6741
1383,9.2831,0.4544
1384,9.5817,0.5013
1385,9.3800,0.4693
1386,9.6870,0.5185
1387,9.2598,0.4509
1388,7.4603,0.2282
1389,9.6145,0.5066
1390,9.6084,0.5056
1391,7.9120,0.2753
1392,8.2720,0.3169
1393,8.6255,0.3614
1394,7.8571,0.2693
1395,7.2276,0.2061
1396,6.9488,0.1814
1397,7.0759,0.1924
1398,5.5335,0.0837
1399,6.6962,0.1606
1400,5.9557,0.1083
1401,5.8345,0.1009
1402,5.3951,0.0764
1403,6.2124,0.1251
1404,6.6323,0.1556
1405,7.2012,0.2037
1406,6.7624,0.1659
1407,6.7244,0.1629
1408,7.5319,0.2353
1409,7.9354,0.2779
1410,7.6119,0.2434
1411,5.4894,0.0814
1412,8.1144,0.2982
1413,8.2338,0.3123
1414,6.1231,0.1191
1415,5.9200,0.1061
1416,6.7112,0.1618
1417,7.0803,0.1928
1418,7.8845,0.2723
1419,8.4101,0.3338
1420,8.9615,0.4072
1421,10.0806,0.5863
1422,12.4725,1.0000
1423,12.0338,1.0000
1424,11.8149,0.9537
1425,11.8114,0.9528
1426,14.2100,1.0000
1427,11.7201,0.9306
1428,10.9881,0.7641
1429,9.4097,0.4739
1430,8.9203,0.4014
1431,9.2777,0.4536
1432,9.7209,0.5241
1433,9.8179,0.5405
1434,12.9931,1.0000
1435,12.8971,1.0000
1436,11.4959,0.8773
1437,9.6926,0.5195
1438,9.9363,0.5609
1439,9.8905,0.5529
1440,9.1448,0.4337
1441,10.0344,0.5781
1442,8.9789,0.4097
1443,8.4120,0.3341
1444,8.0042,0.2856
1445,7.7274,0.2554
1446,7.1446,0.1985
1447,7.8859,0.2724
1448,8.6781,0.3683
1449,9.0273,0.4166
1450,9.1087,0.4284
1451,7.5765,0.2398
1452,6.7119,0.1619
1453,9.0773,0.4238
1454,9.1808,0.4391
1455,9.0493,0.4198
1456,9.9690,0.5666
1457,10.0411,0.5793
1458,11.8080,0.9520
1459,11.4305,0.8621
1460,10.9249,0.7507
1461,10.5784,0.6800
1462,10.3989,0.6452
1463,9.5121,0.4901
1464,8.6138,0.3599
1465,7.4797,0.2301
1466,8.3358,0.3246
1467,8.9182,0.4011
1468,10.5267,0.6699
1469,13.9702,1.0000
1470,13.8319,1.0000
1471,14.1135,1.0000
1472,11.8667,0.9665
1473,10.8398,0.7329
1474,9.7715,0.5326
1475,9.7787,0.5338
1476,9.6480,0.5121
1477,10.7527,0.7150
1478,10.2263,0.6128
1479,9.0317,0.4172
1480,9.8834,0.5517
1481,9.1132,0.4291
1482,10.1413,0.5973
1483,11.5196,0.8828
1484,10.0605,0.5828
1485,11.0894,0.7858
1486,10.6865,0.7016
1487,12.2693,1.0000
1488,11.7429,0.9361
1489,11.3097,0.8346
1490,11.0510,0.7775
1491,10.8640,0.7379
1492,9.6435,0.5114
1493,8.7259,0.3747
1494,5.8376,0.1011
1495,7.7436,0.2571
1496,6.9928,0.1852
1497,7.3299,0.2157
1498,6.3878,0.1374
1499,7.6342,0.2457
1500,8.0063,0.2858
1501,6.2133,0.1251
1502,4.5712,0.0403
1503,5.0683,0.0607
1504,6.4386,0.1410
1505,5.2243,0.0680
1506,6.8227,0.1708
1507,5.6829,0.0920
1508,5.6966,0.0928
1509,6.7037,0.1612
1510,5.8200,0.1000
1511,4.7714,0.0480
1512,4.3831,0.0336
1513,4.9354,0.0548
1514,4.3528,0.0326
1515,5.3009,0.0717
1516,5.9312,0.1068
1517,7.1921,0.2028
1518,7.2188,0.2053
1519,9.5220,0.4917
1520,9.1427,0.4334
1521,9.3735,0.4683
1522,7.7036,0.2529
1523,7.9291,0.2772
1524,5.6525,0.0903
1525,4.5655,0.0401
1526,3.6923,0.0137
1527,3.1546,0.0026
1528,2.8279,0.0000
1529,3.3417,0.0061
1530,3.8424,0.0175
1531,3.2824,0.0049
1532,3.4318,0.0079
1533,3.3408,0.0060
1534,3.6454,0.0126
1535,2.4520,0.0000
1536,2.7193,0.0000
1537,3.9454,0.0202
1538,4.8472,0.0511
1539,4.3187,0.0315
1540,6.0970,0.1174
1541,4.1179,0.0252
1542,4.0901,0.0244
1543,3.9814,0.0212
1544,4.0888,0.0243
1545,4.4259,0.0351
1546,4.1324,0.0256
1547,4.7970,0.0490
1548,5.9367,0.1071
1549,6.3801,0.1368
1550,6.6828,0.1596
1551,6.6891,0.1601
1552,6.9749,0.1836
1553,6.9820,0.1842
1554,6.6192,0.1546
1555,6.8633,0.1742
1556,6.7691,0.1665
1557,5.9688,0.1091
1558,6.3282,0.1331
1559,6.2509,0.1277
1560,6.0827,0.1164
1561,6.6358,0.1559
1562,5.3348,0.0734
1563,5.6196,0.0885
1564,4.6856,0.0446
1565,5.5573,0.0850
1566,6.3216,0.1326
1567,6.4065,0.1387
1568,6.6239,0.1550
1569,6.7042,0.1613
1570,4.5524,0.0396
1571,3.3489,0.0062
1572,2.8064,0.0000
1573,2.3864,0.0000
1574,2.4293,0.0000
1575,1.7244,0.0000
1576,2.2223,0.0000
1577,2.0139,0.0000
1578,1.9558,0.0000
1579,1.5423,0.0000
1580,2.6124,0.0000
1581,3.0652,0.0011
1582,2.8413,0.0000
1583,2.3678,0.0000
1584,2.0248,0.0000
1585,1.8113,0.0000
1586,1.5038,0.0000
1587,1.4114,0.0000
1588,1.5156,0.0000
1589,1.4260,0.0000
1590,1.7952,0.0000
1591,3.1173,0.0019
1592,3.3240,0.0057
1593,2.6098,0.0000
1594,3.1398,0.0023
1595,3.2002,0.0034
1596,3.3279,0.0058
1597,4.4747,0.0368
1598,5.0619,0.0604
1599,3.7479,0.0151
1600,4.0260,0.0225
1601,3.3587,0.0064
1602,4.1697,0.0267
1603,3.2306,0.0039
1604,3.3966,0.0072
1605,2.8008,0.0000
1606,2.9165,0.0000
1607,2.8659,0.0000
1608,2.8396,0.0000
1609,1.9144,0.0000
1610,2.1018,0.0000
1611,2.7971,0.0000
1612,1.8634,0.0000
1613,1.9115,0.0000
1614,1.5118,0.0000
1615,2.0430,0.0000
1616,1.4932,0.0000
1617,2.1219,0.0000
1618,1.7994,0.0000
1619,2.0027,0.0000
1620,1.7484,0.0000
1621,2.6655,0.0000
1622,1.7994,0.0000
1623,1.9613,0.0000
1624,1.4777,0.0000
1625,2.0222,0.0000
1626,1.9377,0.0000
1627,2.0988,0.0000
1628,1.8017,0.0000
1629,2.4798,0.0000
1630,2.1390,0.0000
1631,1.6628,0.0000
1632,1.7097,0.0000
1633,1.2884,0.0000
1634,1.5439,0.0000
1635,2.3411,0.0000
1636,2.6902,0.0000
1637,3.6249,0.0121
1638,4.7442,0.0469
1639,4.6836,0.0445
1640,3.3808,0.0068
1641,2.9191,0.0000
1642,2.5585,0.0000
1643,3.4207,0.0077
1644,3.0354,0.0006
1645,2.5962,0.0000
1646,2.8849,0.0000
1647,3.8125,0.0167
1648,3.4061,0.0074
1649,2.6196,0.0000
1650,1.8680,0.0000
1651,3.0190,0.0003
1652,3.1244,0.0021
1653,2.3537,0.0000
1654,3.5079,0.0095
1655,3.9182,0.0195
1656,3.3631,0.0065
1657,3.4975,0.0093
1658,3.8341,0.0173
1659,4.5605,0.0399
1660,3.7643,0.0155
1661,3.9671,0.0208
1662,4.7382,0.0467
1663,6.1700,0.1222
1664,6.9134,0.1784
1665,8.0591,0.2918
1666,9.4673,0.4830
1667,10.1342,0.5960
1668,9.8684,0.5491
1669,10.8756,0.7404
1670,11.1471,0.7984
1671,12.8303,1.0000
1672,12.4250,1.0000
1673,11.0949,0.7870
1674,8.7562,0.3788
1675,9.1334,0.4320
1676,10.1898,0.6061
1677,8.7434,0.3771
1678,7.9643,0.2811
1679,7.6368,0.2460
1680,6.3709,0.1361
1681,4.8835,0.0526
1682,3.5037,0.0094
1683,3.6422,0.0125
1684,3.4777,0.0089
1685,2.9488,0.0000
1686,3.8231,0.0170
1687,2.5334,0.0000
1688,1.9950,0.0000
1689,2.2431,0.0000
1690,2.4831,0.0000
1691,2.2411,0.0000
1692,2.4062,0.0000
1693,2.2061,0.0000
1694,2.0040,0.0000
1695,1.4794,0.0000
1696,1.3679,0.0000
1697,0.5386,0.0000
1698,0.4465,0.0000
1699,0.8991,0.0000
1700,0.8627,0.0000
1701,0.6901,0.0000
1702,1.0516,0.0000
1703,0.7960,0.0000
1704,0.7267,0.0000
1705,0.8391,0.0000
1706,1.3945,0.0000
1707,1.9618,0.0000
1708,1.9541,0.0000
1709,1.2695,0.0000
1710,2.4347,0.0000
1711,2.8523,0.0000
1712,3.4107,0.0075
1713,3.5452,0.0103
1714,4.7676,0.0478
1715,5.5745,0.0860
1716,6.2497,0.1276
1717,6.0439,0.1139
1718,4.8647,0.0518
1719,4.1059,0.0248
1720,4.3886,0.0338
1721,4.6522,0.0433
1722,4.4496,0.0359
1723,4.1633,0.0266
1724,4.0697,0.0238
1725,4.9358,0.0548
1726,5.3470,0.0740
1727,4.7741,0.0481
1728,5.1933,0.0665
1729,5.3689,0.0751
1730,4.6111,0.0418
1731,4.5235,0.0385
1732,5.5667,0.0855
1733,4.9324,0.0547
1734,5.6779,0.0917
1735,5.8771,0.1035
1736,4.3964,0.0341
1737,4.4420,0.0357
1738,4.0372,0.0228
1739,5.2499,0.0692
1740,5.5518,0.0847
1741,6.8567,0.1736
1742,7.3706,0.2195
1743,8.2350,0.3124
1744,6.6942,0.1605
1745,6.6333,0.1557
1746,6.2565,0.1281
1747,6.9018,0.1774
1748,7.1206,0.1964
1749,7.3274,0.2154
1750,8.2586,0.3153
1751,6.6858,0.1598
1752,7.9748,0.2823
1753,8.3286,0.3238
1754,7.9881,0.2838
1755,9.4617,0.4821
1756,10.3883,0.6432
1757,8.1426,0.3015
1758,8.8881,0.3969
1759,9.6844,0.5181
1760,12.4833,1.0000
1761,13.5045,1.0000
1762,14.5500,1.0000
1763,13.8922,1.0000
1764,11.1425,0.7974
1765,11.8842,0.9709
1766,9.2854,0.4548
1767,7.3418,0.2168
1768,6.1409,0.1203
1769,6.0360,0.1134
1770,7.1453,0.1986
1771,6.3300,0.1332
1772,4.2222,0.0284
1773,4.0637,0.0236
1774,4.5432,0.0393
1775,4.3897,0.0339
1776,4.9475,0.0553
1777,4.7775,0.0482
1778,2.8791,0.0000
1779,2.3525,0.0000
1780,2.4514,0.0000
1781,1.5437,0.0000
1782,1.8136,0.0000
1783,2.2827,0.0000
1784,3.4688,0.0087
1785,3.4926,0.0092
1786,3.1099,0.0018
1787,2.0846,0.0000
1788,2.3046,0.0000
1789,2.5072,0.0000
1790,2.3688,0.0000
1791,3.6292,0.0122
1792,3.1188,0.0020
1793,2.5398,0.0000
1794,2.6612,0.0000
1795,2.4643,0.0000
1796,2.6124,0.0000
1797,2.7883,0.0000
1798,3.9224,0.0196
1799,5.7291,0.0947
1800,5.8839,0.1039
1801,6.9382,0.1805
1802,7.1592,0.1998
1803,7.7937,0.2624
1804,6.1261,0.1193
1805,6.5021,0.1457
1806,7.2137,0.2048
1807,6.2386,0.1269
1808,7.6938,0.2519
1809,9.2623,0.4513
1810,9.0194,0.4155
1811,9.9423,0.5619
1812,10.0182,0.5752
1813,8.6318,0.3622
1814,8.9238,0.4019
1815,8.8130,0.3865
1816,7.4173,0.2240
1817,7.0196,0.1875
1818,7.5396,0.2361
1819,10.0042,0.5728
1820,10.8717,0.7395
1821,8.5267,0.3486
1822,8.2760,0.3174
1823,10.2438,0.6161
1824,11.2663,0.8248
1825,8.9259,0.4022
1826,10.0987,0.5896
1827,13.0249,1.0000
1828,12.5076,1.0000
1829,10.8860,0.7425
1830,9.8899,0.5528
1831,10.8909,0.7436
1832,10.8535,0.7358
1833,10.1411,0.5973
1834,9.7053,0.5216
1835,8.3582,0.3274
1836,9.5315,0.4932
1837,10.6132,0.6869
1838,9.5938,0.5032
1839,12.1462,1.0000
1840,10.9508,0.7562
1841,10.2577,0.6186
1842,12.5940,1.0000
1843,13.6707,1.0000
1844,12.7257,1.0000
1845,12.2024,1.0000
1846,11.4795,0.8735
1847,13.1140,1.0000
1848,12.2114,1.0000
1849,12.3968,1.0000
1850,12.5128,1.0000
1851,14.2438,1.0000
1852,12.9305,1.0000
1853,13.1212,1.0000
1854,12.0483,1.0000
1855,14.8696,1.0000
1856,16.6122,1.0000
1857,18.1648,1.0000
1858,17.0800,1.0000
1859,18.7449,1.0000
1860,17.7955,1.0000
1861,18.7208,1.0000
1862,17.9309,1.0000
1863,19.0870,1.0000
1864,18.9689,1.0000
1865,18.1967,1.0000
1866,18.3418,1.0000
1867,16.0114,1.0000
1868,16.7089,1.0000
1869,16.6776,1.0000
1870,18.9407,1.0000
1871,17.7655,1.0000
1872,18.2489,1.0000
1873,16.5587,1.0000
1874,18.1655,1.0000
1875,17.0107,1.0000
1876,14.9232,1.0000
1877,17.9414,1.0000
1878,18.3051,1.0000
1879,17.0255,1.0000
1880,17.2773,1.0000
1881,18.2275,1.0000
1882,18.8361,1.0000
1883,17.8339,1.0000
1884,16.2353,1.0000
1885,15.4159,1.0000
1886,15.1529,1.0000
1887,13.6956,1.0000
1888,12.0975,1.0000
1889,10.2815,0.6231
1890,9.8916,0.5531
1891,8.7868,0.3830
1892,9.4570,0.4814
1893,9.3430,0.4636
1894,10.7441,0.7133
1895,10.2302,0.6136
1896,9.8089,0.5390
1897,11.1599,0.8012
1898,12.7363,1.0000
1899,13.1438,1.0000
1900,15.3274,1.0000
1901,16.1694,1.0000
1902,17.3884,1.0000
1903,18.4827,1.0000
1904,19.3997,1.0000
1905,18.6493,1.0000
1906,17.4066,1.0000
1907,18.2618,1.0000
1908,16.0423,1.0000
1909,16.5583,1.0000
1910,16.2224,1.0000
1911,16.6702,1.0000
1912,17.3478,1.0000
1913,17.2029,1.0000
1914,16.3794,1.0000
1915,16.0600,1.0000
1916,17.6434,1.0000
1917,16.8821,1.0000
1918,17.8205,1.0000
1919,18.3602,1.0000
1920,17.6993,1.0000
1921,18.4033,1.0000
1922,21.2023,1.0000
1923,18.8046,1.0000
1924,17.4635,1.0000
1925,18.5771,1.0000
1926,16.6119,1.0000
1927,15.4482,1.0000
1928,14.1113,1.0000
1929,14.7627,1.0000
1930,14.6985,1.0000
1931,14.9389,1.0000
1932,14.8803,1.0000
1933,14.8116,1.0000
1934,15.4734,1.0000
1935,12.7950,1.0000
1936,11.5685,0.8943
1937,11.3583,0.8456
1938,11.1386,0.7966
1939,9.9516,0.5635
1940,9.9810,0.5687
1941,9.0609,0.4215
1942,8.1485,0.3022
1943,8.5308,0.3491
1944,8.6847,0.3692
1945,10.3234,0.6309
1946,10.4236,0.6499
1947,9.2558,0.4503
1948,9.9454,0.5624
1949,9.8976,0.5541
1950,10.5176,0.6681
1951,11.8544,0.9635
1952,10.9179,0.7492
1953,12.0006,1.0000
1954,11.9098,0.9773
1955,13.0064,1.0000
1956,12.2150,1.0000
1957,12.2253,1.0000
1958,10.7734,0.7192
1959,11.3518,0.8441
1960,11.1054,0.7893
1961,10.9454,0.7550
1962,9.9492,0.5631
1963,9.3146,0.4592
1964,9.8076,0.5387
1965,11.4917,0.8763
1966,12.0947,1.0000
1967,13.0126,1.0000
1968,13.6012,1.0000
1969,13.8305,1.0000
1970,11.9239,0.9808
1971,11.6650,0.9173
1972,10.8854,0.7424
1973,9.2292,0.4463
1974,8.9032,0.3990
1975,8.7356,0.3760
1976,10.4938,0.6635
1977,11.5508,0.8901
1978,11.5794,0.8969
1979,10.1864,0.6055
1980,8.9495,0.4055
1981,9.9007,0.5547
1982,10.7744,0.7194
1983,10.7717,0.7189
1984,10.2441,0.6161
1985,8.2635,0.3159
1986,6.6536,0.1573
1987,5.8200,0.1000
1988,6.6102,0.1539
1989,6.2387,0.1269
1990,6.0815,0.1164
1991,5.4895,0.0814
1992,6.6960,0.1606
1993,7.6226,0.2445
1994,7.0139,0.1870
1995,6.5493,0.1493
1996,9.0914,0.4259
1997,8.2806,0.3179
1998,7.0639,0.1913
1999,6.5856,0.1520
2000,8.0523,0.2911
2001,9.0947,0.4264
2002,8.7855,0.3828
2003,9.7314,0.5259
2004,9.3065,0.4580
2005,10.5240,0.6694
2006,11.1601,0.8013
2007,11.4786,0.8732
2008,9.4181,0.4752
2009,9.2833,0.4545
2010,9.6075,0.5055
2011,9.1065,0.4281
2012,7.8816,0.2720
2013,9.4896,0.4865
2014,11.3112,0.8349
2015,11.1650,0.8024
2016,12.2568,1.0000
2017,12.5014,1.0000
2018,13.5268,1.0000
2019,12.0212,1.0000
2020,10.2476,0.6168
2021,8.5166,0.3473
2022,10.8193,0.7287
2023,10.6638,0.6970
2024,9.8621,0.5480
2025,10.9523,0.7565
2026,11.1633,0.8020
2027,10.7697,0.7185
2028,10.1975,0.6075
2029,11.0223,0.7714
2030,9.7246,0.5248
2031,10.0873,0.5875
2032,6.7563,0.1654
2033,4.6290,0.0424
2034,4.9955,0.0574
2035,7.2731,0.2103
2036,7.4814,0.2303
2037,4.4748,0.0368
2038,2.9211,0.0000
2039,2.2886,0.0000
2040,2.0032,0.0000
2041,2.4883,0.0000
2042,1.9130,0.0000
2043,1.3470,0.0000
2044,1.8792,0.0000
2045,2.1697,0.0000
2046,1.5617,0.0000
2047,1.5695,0.0000
2048,1.9187,0.0000
2049,3.0470,0.0008
2050,4.3057,0.0311
2051,4.6069,0.0416
2052,5.4006,0.0767
2053,6.0847,0.1166
2054,5.9287,0.1066
2055,6.5294,0.1478
2056,4.8208,0.0500
2057,4.0776,0.0240
2058,4.0195,0.0223
2059,3.9349,0.0199
2060,5.4619,0.0799
2061,5.5538,0.0848
2062,6.2661,0.1288
2063,8.3484,0.3262
2064,8.3577,0.3273
2065,8.3080,0.3212
2066,6.5149,0.1467
2067,6.0129,0.1119
2068,5.7584,0.0964
2069,6.1226,0.1191
2070,5.6427,0.0897
2071,5.1886,0.0662
2072,7.2941,0.2123
2073,5.7240,0.0944
2074,6.8390,0.1722
2075,5.4833,0.0811
2076,5.4787,0.0808
2077,5.2417,0.0688
2078,5.0120,0.0581
2079,5.4211,0.0778
2080,4.7861,0.0486
2081,3.5864,0.0112
2082,3.2350,0.0040
2083,2.8547,0.0000
2084,3.8975,0.0189
2085,6.3675,0.1359
2086,5.6469,0.0900
2087,5.0310,0.0590
2088,4.3351,0.0320
2089,6.6144,0.1542
2090,5.9942,0.1107
2091,4.9565,0.0557
2092,5.5493,0.0846
2093,6.1733,0.1224
2094,5.8657,0.1028
2095,5.1377,0.0639
2096,4.7451,0.0469
2097,4.5406,0.0392
2098,6.1466,0.1206
2099,5.4117,0.0773
2100,5.3975,0.0766
2101,4.3148,0.0314
2102,4.4154,0.0347
2103,3.5743,0.0110
2104,3.4969,0.0093
2105,5.4614,0.0799
2106,7.0979,0.1944
2107,6.9296,0.1798
2108,7.6288,0.2451
2109,6.9935,0.1852
2110,7.6705,0.2495
2111,7.5837,0.2405
2112,9.0748,0.4235
2113,8.3444,0.3257
2114,9.1712,0.4376
2115,7.8529,0.2688
2116,6.5103,0.1463
2117,5.7093,0.0935
2118,6.4573,0.1424
2119,4.7069,0.0454
2120,3.2060,0.0035
2121,4.1715,0.0268
2122,4.3429,0.0323
2123,6.5194,0.1470
2124,5.3649,0.0749
2125,6.7417,0.1643
2126,6.6756,0.1590
2127,5.2765,0.0705
2128,5.1017,0.0622
2129,5.2705,0.0702
2130,5.0468,0.0597
2131,5.7145,0.0938
2132,7.2064,0.2041
2133,5.8663,0.1028
2134,7.2752,0.2105
2135,6.1550,0.1212
2136,5.0792,0.0612
2137,4.8518,0.0513
2138,3.8713,0.0182
2139,4.0588,0.0234
2140,4.6064,0.0416
2141,4.2730,0.0300
2142,4.2769,0.0301
2143,6.1291,0.1195
2144,6.6428,0.1565
2145,6.9131,0.1784
2146,7.9596,0.2806
2147,9.6839,0.5180
2148,7.8883,0.2727
2149,6.1140,0.1185
2150,5.3588,0.0746
2151,5.6240,0.0887
2152,6.1093,0.1182
2153,6.0302,0.1130
2154,6.0719,0.1157
2155,7.1288,0.1971
2156,8.1989,0.3081
2157,8.1204,0.2989
2158,9.2154,0.4442
2159,9.2470,0.4490
2160,7.0409,0.1893
2161,8.3438,0.3256
2162,8.7412,0.3768
2163,8.4875,0.3436
2164,9.7980,0.5371
2165,9.3498,0.4646
2166,10.6313,0.6905
2167,11.1430,0.7975
2168,10.8489,0.7348
2169,11.1841,0.8066
2170,9.8626,0.5481
2171,9.6189,0.5073
2172,9.0045,0.4133
2173,10.7798,0.7206
2174,10.7711,0.7188
2175,10.1990,0.6078
2176,10.0475,0.5804
2177,11.3819,0.8510
2178,11.4894,0.8758
2179,10.8306,0.7310
2180,8.4735,0.3418
2181,7.1360,0.1978
2182,5.9100,0.1055
2183,5.5767,0.0861
2184,7.1640,0.2003
2185,7.9939,0.2844
2186,8.4362,0.3371
2187,7.5235,0.2345
2188,8.0652,0.2925
2189,10.4206,0.6494
2190,8.7511,0.3781
2191,7.7511,0.2579
2192,8.4754,0.3420
2193,6.2101,0.1249
2194,6.3690,0.1360
2195,7.9876,0.2837
2196,8.4574,0.3398
2197,9.3994,0.4723
2198,8.4664,0.3409
2199,8.5513,0.3517
2200,7.9758,0.2824
2201,7.3494,0.2175
2202,5.8134,0.0996
2203,5.4510,0.0793
2204,4.9257,0.0544
2205,4.7633,0.0477
2206,5.3642,0.0749
2207,5.4696,0.0803
2208,6.1720,0.1223
2209,6.3762,0.1365
2210,5.2506,0.0692
2211,4.6051,0.0415
2212,4.5458,0.0394
2213,3.7721,0.0157
2214,3.0252,0.0004
2215,1.8337,0.0000
2216,2.1465,0.0000
2217,1.3357,0.0000
2218,2.4870,0.0000
2219,2.5157,0.0000
2220,2.8332,0.0000
2221,2.5205,0.0000
2222,2.0680,0.0000
2223,1.7889,0.0000
2224,2.5098,0.0000
2225,1.9919,0.0000
2226,1.8149,0.0000
2227,1.0720,0.0000
2228,2.2850,0.0000
2229,2.0504,0.0000
2230,2.4915,0.0000
2231,3.3461,0.0062
2232,3.9701,0.0209
2233,5.6379,0.0895
2234,5.3936,0.0764
2235,4.8169,0.0498
2236,4.0113,0.0221
2237,3.7818,0.0159
2238,3.5281,0.0099
2239,3.0087,0.0001
2240,2.4604,0.0000
2241,3.3403,0.0060
2242,3.6971,0.0138
2243,3.0798,0.0013
2244,3.4231,0.0077
2245,2.0062,0.0000
2246,1.5077,0.0000
2247,1.2273,0.0000
2248,1.1282,0.0000
2249,0.9802,0.0000
2250,1.0534,0.0000
2251,0.6735,0.0000
2252,0.8229,0.0000
2253,0.7918,0.0000
2254,1.7245,0.0000
2255,2.7810,0.0000
2256,5.1774,0.0657
2257,3.0034,0.0001
2258,3.6582,0.0129
2259,4.6794,0.0444
2260,4.5899,0.0410
2261,4.8224,0.0501
2262,6.4651,0.1430
2263,5.0571,0.0602
2264,6.5981,0.1530
2265,6.5012,0.1457
2266,6.0915,0.1170
2267,7.2764,0.2106
2268,6.4431,0.1414
2269,6.0022,0.1113
2270,6.2643,0.1286
2271,5.1807,0.0659
2272,5.1809,0.0659
2273,6.8898,0.1764
2274,6.3335,0.1335
2275,7.6794,0.2504
2276,7.0164,0.1872
2277,7.6898,0.2515
2278,7.5141,0.2335
2279,8.6891,0.3698
2280,8.3344,0.3245
2281,6.6523,0.1572
2282,6.4547,0.1422
2283,3.8833,0.0186
2284,3.5498,0.0104
2285,3.5361,0.0101
2286,4.0961,0.0245
2287,4.6608,0.0436
2288,5.1229,0.0632
2289,4.5413,0.0392
2290,3.8922,0.0188
2291,4.8074,0.0494
2292,5.0268,0.0588
2293,4.9672,0.0562
2294,4.6112,0.0418
2295,4.1224,0.0253
2296,5.2992,0.0716
2297,5.2072,0.0671
2298,6.2086,0.1248
2299,8.5429,0.3507
2300,9.4178,0.4752
2301,8.2895,0.3190
2302,7.7412,0.2568
2303,5.7034,0.0932
2304,4.3657,0.0330
2305,5.4877,0.0813
2306,5.8448,0.1015
2307,6.0246,0.1127
2308,7.6973,0.2522
2309,6.9299,0.1798
2310,7.7409,0.2568
2311,8.4838,0.3431
2312,8.1890,0.3070
2313,8.4205,0.3351
2314,7.8176,0.2650
2315,8.2167,0.3103
2316,7.1586,0.1998
2317,6.9526,0.1817
2318,6.9744,0.1836
2319,5.2270,0.0681
2320,6.5793,0.1516
2321,7.0514,0.1902
2322,6.6019,0.1533
2323,6.4872,0.1446
2324,4.9036,0.0534
2325,3.3224,0.0057
2326,3.7621,0.0154
2327,3.9741,0.0210
2328,5.0575,0.0602
2329,3.7024,0.0140
2330,3.2413,0.0041
2331,3.7630,0.0155
2332,3.8607,0.0180
2333,2.3600,0.0000
2334,1.9616,0.0000
2335,2.2954,0.0000
2336,3.2993,0.0052
2337,2.9557,0.0000
2338,2.4868,0.0000
2339,2.5746,0.0000
2340,2.2632,0.0000
2341,2.7764,0.0000
2342,1.9537,0.0000
2343,2.2493,0.0000
2344,2.1202,0.0000
2345,1.8927,0.0000
2346,1.8264,0.0000
2347,2.3001,0.0000
2348,1.2238,0.0000
2349,1.1637,0.0000
2350,1.1322,0.0000
2351,1.1817,0.0000
2352,1.5340,0.0000
2353,1.9859,0.0000
2354,2.5599,0.0000
2355,2.3091,0.0000
2356,2.1532,0.0000
2357,2.0463,0.0000
2358,2.0832,0.0000
2359,3.4299,0.0078
2360,2.8278,0.0000
2361,3.5372,0.0101
2362,3.6766,0.0133
2363,3.8824,0.0185
2364,3.3657,0.0065
2365,2.3844,0.0000
2366,3.1395,0.0023
2367,3.1340,0.0022
2368,3.3191,0.0056
2369,3.7817,0.0159
2370,4.1629,0.0265
2371,4.0607,0.0235
2372,3.3307,0.0059
2373,3.5532,0.0105
2374,4.4786,0.0369
2375,4.0036,0.0219
2376,4.6358,0.0427
2377,4.4983,0.0376
2378,5.0050,0.0578
2379,4.6429,0.0430
2380,3.1213,0.0020
2381,3.0218,0.0003
2382,3.8904,0.0187
2383,5.7859,0.0980
2384,5.8677,0.1029
2385,6.2359,0.1267
2386,5.2595,0.0697
2387,5.7415,0.0954
2388,5.1060,0.0624
2389,4.6486,0.0432
2390,5.7661,0.0968
2391,6.0574,0.1148
2392,6.3899,0.1375
2393,7.1497,0.1990
2394,6.9322,0.1800
2395,8.9722,0.4087
2396,7.6434,0.2466
2397,6.4852,0.1445
2398,3.9248,0.0197
2399,4.5038,0.0378
2400,5.1618,0.0650
2401,6.8864,0.1761
2402,7.5071,0.2328
2403,7.4459,0.2268
2404,6.9179,0.1788
2405,6.6488,0.1569
2406,6.3731,0.1363
2407,5.5415,0.0842
2408,6.2011,0.1243
2409,5.9290,0.1067
2410,6.1195,0.1189
2411,6.1750,0.1226
2412,5.1256,0.0633
2413,5.1633,0.0651
2414,6.5002,0.1456
2415,6.3362,0.1337
2416,6.1771,0.1227
2417,5.3346,0.0734
2418,6.3794,0.1368
2419,4.2431,0.0290
2420,4.9819,0.0568
2421,5.6609,0.0908
2422,4.3350,0.0320
2423,5.1019,0.0622
2424,4.1542,0.0263
2425,5.4383,0.0787
2426,7.0688,0.1918
2427,5.5326,0.0837
2428,5.3081,0.0721
2429,5.1848,0.0661
2430,4.6231,0.0422
2431,4.7317,0.0464
2432,5.0285,0.0589
2433,4.2637,0.0297
2434,3.6173,0.0120
2435,5.1358,0.0638
2436,4.6137,0.0419
2437,3.6722,0.0132
2438,3.3074,0.0054
2439,2.8564,0.0000
2440,1.3122,0.0000
2441,1.2633,0.0000
2442,1.5203,0.0000
2443,2.1129,0.0000
2444,1.1245,0.0000
2445,1.1402,0.0000
2446,1.6127,0.0000
2447,2.2082,0.0000
2448,2.8422,0.0000
2449,3.9945,0.0216
2450,5.8705,0.1031
2451,7.1807,0.2018
2452,7.0871,0.1934
2453,4.8598,0.0516
2454,6.0277,0.1129
2455,5.0551,0.0601
2456,4.8116,0.0496
2457,4.7787,0.0483
2458,4.8687,0.0520
2459,3.5953,0.0114
2460,2.6829,0.0000
2461,3.2351,0.0040
2462,3.1514,0.0025
2463,4.8951,0.0531
2464,6.6708,0.1586
2465,8.2734,0.3170
2466,6.5229,0.1473
2467,6.8738,0.1751
2468,6.6267,0.1552
2469,4.2630,0.0297
2470,5.1948,0.0665
2471,5.2532,0.0694
2472,2.7320,0.0000
2473,2.6701,0.0000
2474,3.9871,0.0214
2475,4.0681,0.0237
2476,4.8619,0.0517
2477,4.9373,0.0549
2478,5.5831,0.0864
2479,5.1122,0.0627
2480,5.2633,0.0698
2481,5.4828,0.0810
2482,5.5249,0.0833
2483,7.0737,0.1922
2484,6.2890,0.1304
2485,6.9461,0.1812
2486,8.6767,0.3682
2487,8.2830,0.3182
2488,9.3426,0.4635
2489,8.1059,0.2972
2490,8.5375,0.3500
2491,9.2554,0.4502
2492,8.3783,0.3299
2493,5.6222,0.0886
2494,6.1702,0.1222
2495,6.2431,0.1272
2496,6.6932,0.1604
2497,7.5135,0.2335
2498,7.7473,0.2575
2499,10.0086,0.5735
2500,12.2174,1.0000
2501,11.9700,0.9924
2502,11.4982,0.8778
2503,11.7455,0.9367
2504,10.8998,0.7454
2505,10.7100,0.7063
2506,12.3441,1.0000
2507,11.0047,0.7676
2508,11.8572,0.9642
2509,12.4352,1.0000
2510,13.5130,1.0000
2511,15.6014,1.0000
2512,15.4517,1.0000
2513,15.5660,1.0000
2514,14.4052,1.0000
2515,12.2494,1.0000
2516,12.4379,1.0000
2517,11.2163,0.8137
2518,11.1977,0.8096
2519,11.7223,0.9311
2520,11.3024,0.8329
2521,13.0192,1.0000
2522,14.0679,1.0000
2523,13.5831,1.0000
2524,12.2929,1.0000
2525,8.4185,0.3349
2526,10.0097,0.5737
2527,9.1535,0.4350
2528,10.5292,0.6704
2529,9.3562,0.4656
2530,8.0108,0.2863
2531,7.1994,0.2035
2532,8.7382,0.3764
2533,10.6713,0.6985
2534,11.2003,0.8101
2535,11.0786,0.7835
2536,12.8702,1.0000
2537,13.1058,1.0000
2538,11.7006,0.9259
2539,11.1213,0.7928
2540,10.0516,0.5812
2541,10.6660,0.6975
2542,9.2403,0.4480
2543,10.2271,0.6130
2544,9.8402,0.5443
2545,7.4748,0.2296
2546,6.6567,0.1575
2547,6.7525,0.1651
2548,4.9016,0.0534
2549,4.5340,0.0389
2550,3.9971,0.0217
2551,5.7269,0.0946
2552,4.9678,0.0562
2553,4.9474,0.0553
2554,5.0050,0.0578
2555,6.4559,0.1423
2556,6.8038,0.1693
2557,7.5777,0.2399
2558,4.5518,0.0396
2559,5.3823,0.0758
2560,6.0686,0.1155
2561,7.3055,0.2133
2562,6.2317,0.1264
2563,6.4934,0.1451
2564,7.5442,0.2366
2565,7.3373,0.2164
2566,7.7908,0.2621
2567,9.8412,0.5445
2568,10.4013,0.6457
2569,9.7759,0.5334
2570,9.7770,0.5336
2571,9.6981,0.5204
2572,8.7358,0.3760
2573,8.7624,0.3796
2574,10.4249,0.6502
2575,11.0729,0.7823
2576,11.6972,0.9250
2577,11.3752,0.8494
2578,12.0085,1.0000
2579,14.6694,1.0000
2580,14.6541,1.0000
2581,15.2256,1.0000
2582,14.6697,1.0000
2583,12.8894,1.0000
2584,12.1185,1.0000
2585,11.7377,0.9348
2586,11.8638,0.9658
2587,9.5978,0.5039
2588,10.2957,0.6257
2589,11.2326,0.8173
2590,10.4881,0.6624
2591,11.0257,0.7721
2592,12.8741,1.0000
2593,13.6856,1.0000
2594,13.7502,1.0000
2595,13.2720,1.0000
2596,12.4378,1.0000
2597,15.1243,1.0000
2598,16.0064,1.0000
2599,16.2010,1.0000
2600,14.2031,1.0000
2601,15.7150,1.0000
2602,15.9184,1.0000
2603,16.1292,1.0000
2604,14.5973,1.0000
2605,13.9119,1.0000
2606,12.7854,1.0000
2607,11.5793,0.8969
2608,9.7620,0.5310
2609,11.0666,0.7809
2610,11.1936,0.8087
2611,10.5765,0.6797
2612,8.2670,0.3163
2613,6.9722,0.1834
2614,8.2340,0.3123
2615,7.8983,0.2738
2616,8.1347,0.3006
2617,7.4582,0.2280
2618,6.6237,0.1550
2619,7.5785,0.2400
2620,6.9985,0.1856
2621,6.2463,0.1274
2622,6.0655,0.1153
2623,4.8898,0.0529
2624,3.3535,0.0063
2625,4.2619,0.0296
2626,3.4405,0.0081
2627,3.3522,0.0063
2628,2.6221,0.0000
2629,2.6414,0.0000
2630,3.8277,0.0171
2631,3.5327,0.0100
2632,2.8924,0.0000
2633,2.9377,0.0000
2634,2.9201,0.0000
2635,2.4010,0.0000
2636,2.0244,0.0000
2637,2.4106,0.0000
2638,3.3084,0.0054
2639,3.6753,0.0133
2640,3.8798,0.0185
2641,2.5966,0.0000
2642,2.3313,0.0000
2643,3.5730,0.0109
2644,3.8606,0.0180
2645,3.3204,0.0056
2646,3.3105,0.0055
2647,4.0569,0.0234
2648,2.5101,0.0000
2649,2.5485,0.0000
2650,2.0824,0.0000
2651,2.5303,0.0000
2652,2.6186,0.0000
2653,3.9175,0.0195
2654,2.6963,0.0000
2655,3.2025,0.0034
2656,2.8598,0.0000
2657,2.3773,0.0000
2658,2.3420,0.0000
2659,2.4677,0.0000
2660,3.7867,0.0160
2661,3.2263,0.0039
2662,2.9558,0.0000
2663,4.8107,0.0496
2664,4.1887,0.0273
2665,3.8512,0.0177
2666,4.2732,0.0300
2667,3.7809,0.0159
2668,5.0211,0.0585
2669,6.0595,0.1149
2670,7.8310,0.2665
2671,8.4514,0.3390
2672,9.9055,0.5555
2673,10.4920,0.6631
2674,8.5985,0.3579
2675,7.0036,0.1861
2676,7.8447,0.2679
2677,7.0400,0.1893
2678,5.3809,0.0757
2679,5.7382,0.0952
2680,6.3434,0.1342
2681,6.5654,0.1505
2682,7.7420,0.2569
2683,7.6501,0.2473
2684,5.8843,0.1039
2685,7.2103,0.2045
2686,6.0439,0.1139
2687,7.5724,0.2394
2688,7.0251,0.1879
2689,7.6023,0.2424
2690,9.2262,0.4458
2691,8.5044,0.3457
2692,8.6491,0.3645
2693,7.2362,0.2069
2694,5.3509,0.0742
2695,5.6953,0.0927
2696,7.0216,0.1876
2697,7.3582,0.2183
2698,6.5424,0.1488
2699,5.6604,0.0907
2700,5.6176,0.0883
2701,4.2875,0.0305
2702,2.5468,0.0000
2703,4.4952,0.0375
2704,3.4826,0.0090
2705,3.3929,0.0071
2706,3.7085,0.0141
2707,3.2137,0.0036
2708,4.2371,0.0288
2709,3.6580,0.0129
2710,3.4310,0.0079
2711,4.4161,0.0348
2712,4.0081,0.0220
2713,4.4944,0.0375
2714,4.1205,0.0253
2715,4.2147,0.0281
2716,3.9813,0.0212
2717,6.0911,0.1170
2718,7.2629,0.2094
2719,7.6958,0.2521
2720,8.5216,0.3479
2721,7.6488,0.2472
2722,5.5019,0.0820
2723,5.4483,0.0792
2724,7.2445,0.2076
2725,5.0489,0.0598
2726,4.6503,0.0432
2727,3.7375,0.0148
2728,3.3659,0.0065
2729,3.5241,0.0099
2730,2.8355,0.0000
2731,3.1176,0.0019
2732,3.0848,0.0014
2733,5.5803,0.0863
2734,4.6016,0.0414
2735,4.4351,0.0354
2736,5.0299,0.0589
2737,4.1923,0.0274
2738,4.3469,0.0324
2739,3.2594,0.0045
2740,4.1294,0.0255
2741,3.2587,0.0045
2742,2.6834,0.0000
2743,1.6286,0.0000
2744,3.5002,0.0093
2745,3.2552,0.0044
2746,3.3859,0.0069
2747,2.6906,0.0000
2748,3.6660,0.0131
2749,2.9570,0.0000
2750,3.2433,0.0042
2751,3.2885,0.0050
2752,2.8640,0.0000
2753,3.7935,0.0162
2754,3.3830,0.0069
2755,2.6771,0.0000
2756,2.4685,0.0000
2757,1.7304,0.0000
2758,0.9203,0.0000
2759,1.4159,0.0000
2760,2.2687,0.0000
2761,1.2037,0.0000
2762,0.8131,0.0000
2763,1.4175,0.0000
2764,0.7268,0.0000
2765,0.9262,0.0000
2766,0.8085,0.0000
2767,1.2158,0.0000
2768,0.9044,0.0000
2769,0.9222,0.0000
2770,1.5118,0.0000
2771,1.2083,0.0000
2772,0.8313,0.0000
2773,1.1155,0.0000
2774,1.0275,0.0000
2775,1.5924,0.0000
2776,2.1320,0.0000
2777,2.5243,0.0000
2778,3.4648,0.0086
2779,4.0116,0.0221
2780,3.0046,0.0001
2781,3.9709,0.0209
2782,4.3873,0.0338
2783,6.1002,0.1176
2784,6.0915,0.1170
2785,5.7398,0.0953
2786,4.6378,0.0428
2787,5.8270,0.1004
2788,7.0771,0.1925
2789,7.2842,0.2113
2790,7.7881,0.2618
2791,8.8491,0.3915
2792,9.8916,0.5531
2793,9.6739,0.5164
2794,12.3857,1.0000
2795,12.3654,1.0000
2796,11.0051,0.7677
2797,9.6470,0.5119
2798,9.7795,0.5340
2799,9.9919,0.5706
2800,9.7959,0.5368
2801,9.7955,0.5367
2802,10.6443,0.6931
2803,10.7703,0.7186
2804,9.8077,0.5388
2805,11.0387,0.7749
2806,12.4099,1.0000
2807,11.2114,0.8126
2808,11.3792,0.8504
2809,10.4802,0.6608
2810,10.2593,0.6190
2811,10.5065,0.6659
2812,11.1428,0.7975
2813,10.1889,0.6060
2814,10.5610,0.6766
2815,9.4730,0.4839
2816,8.5038,0.3456
2817,9.0668,0.4223
2818,11.1142,0.7912
2819,9.5602,0.4978
2820,10.1017,0.5901
2821,10.2925,0.6251
2822,9.6335,0.5097
2823,9.1124,0.4290
2824,8.3469,0.3260
2825,7.3777,0.2202
2826,7.8880,0.2727
2827,8.1097,0.2977
2828,9.7373,0.5269
2829,9.5442,0.4952
2830,9.4097,0.4739
2831,10.4895,0.6626
2832,9.4670,0.4829
2833,8.2627,0.3158
2834,9.4500,0.4802
2835,7.6403,0.2463
2836,9.1075,0.4282
2837,9.4642,0.4825
2838,10.1747,0.6034
2839,7.3789,0.2203
2840,7.2107,0.2045
2841,7.4123,0.2235
2842,6.8800,0.1756
2843,7.3776,0.2202
2844,7.7878,0.2618
2845,7.2815,0.2111
2846,8.1209,0.2990
2847,7.8678,0.2704
2848,7.7845,0.2615
2849,7.1988,0.2034
2850,7.8215,0.2654
2851,8.5750,0.3548
2852,9.2108,0.4435
2853,8.5795,0.3554
2854,8.4696,0.3413
2855,7.4276,0.2250
2856,8.6141,0.3599
2857,11.1139,0.7912
2858,11.3270,0.8385
2859,11.2498,0.8211
2860,12.8606,1.0000
2861,12.0639,1.0000
2862,11.3864,0.8520
2863,12.2680,1.0000
2864,12.3156,1.0000
2865,12.6522,1.0000
2866,12.7745,1.0000
2867,12.2725,1.0000
2868,12.1397,1.0000
2869,11.0764,0.7830
2870,12.6591,1.0000
2871,12.7228,1.0000
2872,11.0786,0.7835
2873,12.7408,1.0000
2874,12.6451,1.0000
2875,16.0677,1.0000
2876,15.0858,1.0000
2877,15.1650,1.0000
2878,14.7986,1.0000
2879,14.7281,1.0000
2880,16.2395,1.0000
2881,15.0902,1.0000
2882,13.9639,1.0000
2883,14.4715,1.0000
2884,15.5380,1.0000
2885,15.6249,1.0000
2886,12.5901,1.0000
2887,14.4071,1.0000
2888,13.5911,1.0000
2889,11.2185,0.8142
2890,11.3975,0.8545
2891,11.2631,0.8241
2892,7.9954,0.2846
2893,8.7298,0.3752
2894,9.5054,0.4890
2895,9.4938,0.4872
2896,8.2817,0.3181
2897,7.4710,0.2293
2898,5.9892,0.1104
2899,7.8236,0.2657
2900,7.8062,0.2638
2901,8.7916,0.3836
2902,7.2505,0.2082
2903,6.4797,0.1441
2904,8.3188,0.3226
2905,8.1872,0.3068
2906,7.1197,0.1963
2907,7.3488,0.2174
2908,9.1260,0.4309
2909,9.4135,0.4745
2910,8.6999,0.3712
2911,8.7068,0.3722
2912,9.3223,0.4604
2913,10.0902,0.5881
2914,11.0464,0.7765
2915,12.1163,1.0000
2916,11.2194,0.8144
2917,11.6386,0.9110
2918,12.7360,1.0000
2919,10.4809,0.6610
2920,8.3461,0.3259
2921,8.0174,0.2871
2922,6.0504,0.1143
2923,6.5614,0.1502
2924,6.4930,0.1451
2925,6.9634,0.1826
2926,7.1482,0.1989
2927,7.9645,0.2811
2928,9.1704,0.4375
2929,7.5022,0.2324
2930,8.7972,0.3844
2931,9.8846,0.5519
2932,8.6367,0.3629
2933,9.2454,0.4487
2934,10.4095,0.6472
2935,11.5276,0.8847
2936,13.0492,1.0000
2937,12.4640,1.0000
2938,10.5935,0.6830
2939,11.3700,0.8483
2940,10.2916,0.6250
2941,10.2058,0.6091
2942,11.7571,0.9396
2943,13.0247,1.0000
2944,13.3020,1.0000
2945,11.4038,0.8560
2946,13.0205,1.0000
2947,14.4479,1.0000
2948,15.5027,1.0000
2949,14.0582,1.0000
2950,13.5096,1.0000
2951,13.9320,1.0000
2952,15.1067,1.0000
2953,15.0676,1.0000
2954,15.1114,1.0000
2955,13.8091,1.0000
2956,13.3056,1.0000
2957,10.3134,0.6290
2958,8.3445,0.3257
2959,8.9666,0.4079
2960,9.6850,0.5182
2961,10.1790,0.6041
2962,8.5653,0.3536
2963,9.1971,0.4415
2964,8.7619,0.3796
2965,8.7694,0.3806
2966,8.8336,0.3894
2967,8.8909,0.3973
2968,9.7737,0.5330
2969,10.3866,0.6429
2970,9.9518,0.5636
2971,11.4034,0.8559
2972,13.2168,1.0000
2973,12.8708,1.0000
2974,12.4507,1.0000
2975,11.5116,0.8809
2976,12.1270,1.0000
2977,12.8325,1.0000
2978,15.6489,1.0000
2979,15.1647,1.0000
2980,17.3432,1.0000
2981,17.3193,1.0000
2982,17.7842,1.0000
2983,17.3671,1.0000
2984,16.3525,1.0000
2985,15.0748,1.0000
2986,14.9511,1.0000
2987,14.0656,1.0000
2988,14.4727,1.0000
2989,15.3405,1.0000
2990,14.6230,1.0000
2991,13.2172,1.0000
2992,14.4731,1.0000
2993,15.6554,1.0000
2994,13.9160,1.0000
2995,14.1060,1.0000
2996,14.8030,1.0000
2997,13.5390,1.0000
2998,12.4644,1.0000
2999,13.3919,1.0000
3000,12.2235,1.0000
3001,14.6940,1.0000
3002,13.5246,1.0000
3003,12.8595,1.0000
3004,11.6784,0.9205
3005,13.5202,1.0000
3006,15.1678,1.0000
3007,13.8152,1.0000
3008,12.1457,1.0000
3009,9.9598,0.5650
3010,9.0000,0.4127
3011,8.6733,0.3677
3012,7.7110,0.2537
3013,9.2095,0.4433
3014,9.6101,0.5059
3015,11.1309,0.7949
3016,9.3967,0.4719
3017,9.3174,0.4597
3018,8.8803,0.3958
3019,9.5735,0.5000
3020,10.0258,0.5766
3021,11.8453,0.9612
3022,10.3786,0.6413
3023,9.1505,0.4346
3024,8.4563,0.3396
3025,8.6298,0.3620
3026,10.0743,0.5852
3027,9.5295,0.4929
3028,9.3372,0.4627
3029,8.9479,0.4053
3030,7.5437,0.2365
3031,8.9918,0.4115
3032,7.9570,0.2803
3033,7.3756,0.2200
3034,8.6497,0.3646
3035,8.4139,0.3343
3036,9.3478,0.4643
3037,9.6041,0.5049
3038,12.5132,1.0000
3039,11.9157,0.9787
3040,9.0075,0.4138
3041,9.6884,0.5188
3042,9.0847,0.4249
3043,10.1178,0.5930
3044,10.7280,0.7100
3045,10.9031,0.7461
3046,10.3836,0.6423
3047,9.2941,0.4561
3048,10.0345,0.5781
3049,10.4060,0.6466
3050,8.8522,0.3919
3051,9.7805,0.5342
3052,11.1968,0.8094
3053,12.2838,1.0000
3054,14.7809,1.0000
3055,13.1604,1.0000
3056,12.4730,1.0000
3057,11.0859,0.7851
3058,11.4515,0.8670
3059,9.5766,0.5005
3060,10.8192,0.7287
3061,12.3788,1.0000
3062,12.5588,1.0000
3063,12.2563,1.0000
3064,10.3264,0.6315
3065,10.2324,0.6140
3066,11.5288,0.8850
3067,10.0436,0.5797
3068,10.1406,0.5972
3069,10.4267,0.6505
3070,9.1429,0.4334
3071,9.6099,0.5059
3072,8.4200,0.3351
3073,7.7967,0.2628
3074,8.2130,0.3098
3075,8.8198,0.3875
3076,9.0240,0.4161
3077,10.3770,0.6410
3078,10.3281,0.6318
3079,11.4389,0.8641
3080,9.8662,0.5487
3081,10.0964,0.5892
3082,13.5350,1.0000
3083,12.4725,1.0000
3084,14.0150,1.0000
3085,14.7599,1.0000
3086,15.4758,1.0000
3087,15.6640,1.0000
3088,13.9045,1.0000
3089,13.7503,1.0000
3090,12.8183,1.0000
3091,11.3042,0.8333
3092,10.8564,0.7364
3093,10.3227,0.6308
3094,9.7345,0.5264
3095,10.0470,0.5803
3096,9.9710,0.5669
3097,9.2527,0.4498
3098,9.6117,0.5062
3099,12.3546,1.0000
3100,15.5914,1.0000
3101,14.8263,1.0000
3102,13.8480,1.0000
3103,13.1219,1.0000
3104,12.9181,1.0000
3105,12.4874,1.0000
3106,12.0056,1.0000
3107,9.7710,0.5325
3108,10.4234,0.6499
3109,10.2869,0.6241
3110,11.5987,0.9014
3111,12.8185,1.0000
3112,12.4503,1.0000
3113,11.5897,0.8993
3114,14.5374,1.0000
3115,13.0384,1.0000
3116,13.3254,1.0000
3117,13.2150,1.0000
3118,11.4104,0.8575
3119,11.2429,0.8196
3120,12.3372,1.0000
3121,12.4002,1.0000
3122,11.8712,0.9676
3123,10.0545,0.5817
3124,10.3361,0.6333
3125,10.2827,0.6233
3126,10.1026,0.5903
3127,10.8959,0.7446
3128,11.2922,0.8306
3129,8.9844,0.4105
3130,9.7685,0.5321
3131,10.1166,0.5928
3132,8.4666,0.3409
3133,10.5662,0.6776
3134,10.7642,0.7173
3135,8.8179,0.3872
3136,6.4837,0.1444
3137,6.8852,0.1760
3138,7.3388,0.2165
3139,7.0213,0.1876
3140,7.2290,0.2062
3141,5.5756,0.0860
3142,5.1562,0.0647
3143,4.5835,0.0407
3144,3.1506,0.0025
3145,2.0698,0.0000
3146,1.8003,0.0000
3147,1.5200,0.0000
3148,2.3588,0.0000
3149,2.2619,0.0000
3150,2.2099,0.0000
3151,2.0399,0.0000
3152,2.6627,0.0000
3153,2.0830,0.0000
3154,2.9305,0.0000
3155,3.7182,0.0143
3156,4.5186,0.0384
3157,3.9833,0.0213
3158,2.3457,0.0000
3159,2.8786,0.0000
3160,3.4704,0.0087
3161,3.6109,0.0118
3162,2.6569,0.0000
3163,3.4234,0.0077
3164,5.6480,0.0900
3165,7.9138,0.2755
3166,7.8445,0.2679
3167,8.5068,0.3460
3168,10.5732,0.6790
3169,9.7847,0.5349
3170,11.3898,0.8528
3171,10.8387,0.7327
3172,12.7597,1.0000
3173,13.0696,1.0000
3174,10.9282,0.7514
3175,9.4586,0.4816
3176,9.3926,0.4713
3177,9.8025,0.5379
3178,11.3567,0.8452
3179,13.1280,1.0000
3180,13.7570,1.0000
3181,14.4616,1.0000
3182,14.5424,1.0000
3183,14.6871,1.0000
3184,14.3434,1.0000
3185,14.3617,1.0000
3186,13.5841,1.0000
3187,14.8097,1.0000
3188,15.8280,1.0000
3189,15.9471,1.0000
3190,12.7703,1.0000
3191,12.8359,1.0000
3192,12.5278,1.0000
3193,11.6386,0.9109
3194,12.5752,1.0000
3195,11.5498,0.8899
3196,10.6005,0.6844
3197,9.4601,0.4818
3198,8.4745,0.3419
3199,7.8602,0.2696
3200,6.8165,0.1703
3201,6.2027,0.1244
3202,5.8883,0.1042
3203,5.9652,0.1089
3204,5.1851,0.0661
3205,5.0071,0.0579
3206,5.5452,0.0844
3207,4.9451,0.0552
3208,2.7181,0.0000
3209,1.7778,0.0000
3210,1.5065,0.0000
3211,1.7886,0.0000
3212,3.2371,0.0041
3213,2.8806,0.0000
3214,2.6192,0.0000
3215,3.3152,0.0055
3216,2.5654,0.0000
3217,3.1368,0.0023
3218,1.8952,0.0000
3219,1.4153,0.0000
3220,1.3687,0.0000
3221,1.9836,0.0000
3222,2.8348,0.0000
3223,3.3536,0.0063
3224,3.7640,0.0155
3225,4.2529,0.0293
3226,3.1567,0.0026
3227,2.8047,0.0000
3228,2.1069,0.0000
3229,1.8727,0.0000
3230,3.3725,0.0067
3231,4.0251,0.0225
3232,3.2834,0.0049
3233,3.5610,0.0107
3234,4.2254,0.0285
3235,3.2259,0.0039
3236,2.9955,0.0000
3237,2.7833,0.0000
3238,3.3949,0.0071
3239,2.3001,0.0000
3240,2.7516,0.0000
3241,3.8792,0.0184
3242,3.9371,0.0200
3243,4.1659,0.0266
3244,3.7051,0.0140
3245,3.5568,0.0106
3246,4.0284,0.0226
3247,3.4201,0.0076
3248,3.4111,0.0075
3249,4.6160,0.0419
3250,3.7060,0.0140
3251,3.9673,0.0208
3252,3.2769,0.0048
3253,4.9034,0.0534
3254,4.7425,0.0468
3255,2.9775,0.0000
3256,3.3839,0.0069
3257,3.1558,0.0026
3258,2.9735,0.0000
3259,3.8345,0.0173
3260,3.0319,0.0005
3261,3.1046,0.0017
3262,2.9407,0.0000
3263,1.4022,0.0000
3264,2.1117,0.0000
3265,1.5489,0.0000
3266,1.3056,0.0000
3267,1.7155,0.0000
3268,1.8668,0.0000
3269,2.1616,0.0000
3270,2.0844,0.0000
3271,2.4122,0.0000
3272,3.6578,0.0129
3273,4.2716,0.0299
3274,3.8166,0.0168
3275,3.3559,0.0063
3276,2.7881,0.0000
3277,2.7661,0.0000
3278,2.7969,0.0000
3279,2.6422,0.0000
3280,2.2918,0.0000
3281,1.7833,0.0000
3282,1.1128,0.0000
3283,1.0218,0.0000
3284,1.2798,0.0000
3285,0.9816,0.0000
3286,1.5295,0.0000
3287,2.6800,0.0000
3288,2.1799,0.0000
3289,3.2350,0.0040
3290,3.7896,0.0161
3291,3.9963,0.0216
3292,5.5398,0.0841
3293,4.6338,0.0426
3294,2.9052,0.0000
3295,2.5062,0.0000
3296,2.6061,0.0000
3297,1.6732,0.0000
3298,2.1088,0.0000
3299,1.7551,0.0000
3300,2.0890,0.0000
3301,2.4945,0.0000
3302,2.5387,0.0000
3303,2.1040,0.0000
3304,3.0740,0.0012
3305,2.2732,0.0000
3306,1.6323,0.0000
3307,2.3907,0.0000
3308,2.6836,0.0000
3309,2.9509,0.0000
3310,2.1106,0.0000
3311,2.6321,0.0000
3312,2.4796,0.0000
3313,1.8717,0.0000
3314,2.5351,0.0000
3315,2.6234,0.0000
3316,2.4149,0.0000
3317,1.9060,0.0000
3318,1.4392,0.0000
3319,1.6370,0.0000
3320,1.1744,0.0000
3321,1.1019,0.0000
3322,0.8587,0.0000
3323,1.4315,0.0000
3324,1.8507,0.0000
3325,1.5232,0.0000
3326,1.9967,0.0000
3327,2.4379,0.0000
3328,3.2886,0.0050
3329,2.6433,0.0000
3330,2.6734,0.0000
3331,3.5276,0.0099
3332,4.2858,0.0304
3333,3.6898,0.0137
3334,3.5315,0.0100
3335,3.9586,0.0206
3336,3.9986,0.0217
3337,3.5182,0.0097
3338,3.6410,0.0125
3339,4.0497,0.0232
3340,4.6335,0.0426
3341,4.5900,0.0410
3342,4.8122,0.0496
3343,5.9751,0.1095
3344,5.5905,0.0868
3345,5.8439,0.1015
3346,7.5279,0.2349
3347,7.3960,0.2220
3348,8.2304,0.3119
3349,8.6603,0.3660
3350,6.3899,0.1375
3351,6.5090,0.1462
3352,7.0025,0.1860
3353,9.5913,0.5028
3354,8.9414,0.4044
3355,9.8409,0.5444
3356,10.2954,0.6257
3357,9.3852,0.4701
3358,8.5360,0.3498
3359,6.1522,0.1210
3360,6.7216,0.1627
3361,7.9308,0.2774
3362,8.4564,0.3396
3363,8.1401,0.3012
3364,10.0541,0.5816
3365,8.8303,0.3889
3366,8.3559,0.3271
3367,6.9703,0.1832
3368,8.5141,0.3470
3369,8.5527,0.3519
3370,9.1776,0.4386
3371,7.8151,0.2647
3372,4.8727,0.0521
3373,5.0202,0.0585
3374,6.8034,0.1693
3375,6.4615,0.1427
3376,6.5882,0.1522
3377,7.1490,0.1989
3378,7.4521,0.2274
3379,8.3991,0.3325
3380,8.2568,0.3150
3381,7.6746,0.2499
3382,6.4845,0.1444
3383,5.6833,0.0920
3384,6.1024,0.1177
3385,5.5800,0.0863
3386,4.0779,0.0240
3387,4.1047,0.0248
3388,5.0096,0.0580
3389,5.4378,0.0787
3390,5.7334,0.0949
3391,5.7005,0.0930
3392,7.6339,0.2457
3393,7.9429,0.2787
3394,8.9493,0.4055
3395,7.3405,0.2167
3396,6.0113,0.1118
3397,6.5624,0.1503
3398,4.2741,0.0300
3399,4.0748,0.0239
3400,5.7497,0.0959
3401,6.1102,0.1182
3402,5.6656,0.0910
3403,6.1548,0.1212
3404,6.8446,0.1726
3405,6.1110,0.1183
3406,7.7237,0.2550
3407,6.7210,0.1626
3408,7.9770,0.2825
3409,7.1660,0.2005
3410,6.3069,0.1316
3411,6.2920,0.1306
3412,6.8097,0.1698
3413,5.8834,0.1038
3414,6.6619,0.1579
3415,5.4453,0.0790
3416,3.6040,0.0116
3417,4.7696,0.0479
3418,5.2075,0.0671
3419,4.3023,0.0309
3420,3.0123,0.0002
3421,2.5145,0.0000
3422,2.5848,0.0000
3423,3.0205,0.0003
3424,2.9896,0.0000
3425,4.1868,0.0273
3426,4.8915,0.0529
3427,4.5398,0.0391
3428,4.9374,0.0549
3429,5.5945,0.0871
3430,4.6748,0.0442
3431,5.3797,0.0757
3432,6.7845,0.1677
3433,6.3626,0.1356
3434,7.6519,0.2475
3435,7.1504,0.1991
3436,8.0700,0.2931
3437,7.9070,0.2747
3438,9.6928,0.5195
3439,7.2398,0.2072
3440,5.9945,0.1108
3441,5.5628,0.0853
3442,6.8557,0.1736
3443,5.3239,0.0728
3444,3.8279,0.0171
3445,3.4147,0.0075
3446,5.2275,0.0681
3447,4.4977,0.0376
3448,3.4393,0.0080
3449,3.4315,0.0079
3450,4.6000,0.0413
3451,5.0979,0.0620
3452,6.9981,0.1856
3453,8.2351,0.3125
3454,9.2036,0.4424
3455,9.4348,0.4779
3456,10.2535,0.6179
3457,10.5057,0.6658
3458,9.6448,0.5116
3459,10.9520,0.7564
3460,11.8597,0.9648
3461,11.4073,0.8568
3462,12.0086,1.0000
3463,11.9133,0.9781
3464,12.7026,1.0000
3465,13.3324,1.0000
3466,10.8865,0.7426
3467,11.1897,0.8078
3468,11.9723,0.9930
3469,12.1225,1.0000
3470,12.1164,1.0000
3471,13.5209,1.0000
3472,13.0380,1.0000
3473,13.5559,1.0000
3474,13.3135,1.0000
3475,14.3804,1.0000
3476,13.7168,1.0000
3477,13.9734,1.0000
3478,14.6365,1.0000
3479,14.2540,1.0000
3480,11.4085,0.8571
3481,10.1886,0.6059
3482,9.1279,0.4312
3483,9.9095,0.5562
3484,8.7986,0.3846
3485,9.5647,0.4985
3486,10.8410,0.7332
3487,10.5143,0.6675
3488,12.5486,1.0000
3489,10.8508,0.7352
3490,12.7807,1.0000
3491,13.3762,1.0000
3492,12.1210,1.0000
3493,10.5685,0.6781
3494,11.1488,0.7988
3495,10.7789,0.7204
3496,11.1377,0.7964
3497,10.5278,0.6701
3498,9.6013,0.5045
3499,8.8182,0.3872
3500,9.8231,0.5414
3501,9.6331,0.5096
3502,9.3934,0.4714
3503,11.9396,0.9847
3504,9.9302,0.5598
3505,10.7094,0.7062
3506,7.7604,0.2589
3507,6.8338,0.1717
3508,6.4030,0.1385
3509,7.2513,0.2083
3510,6.9809,0.1841
3511,6.3479,0.1345
3512,5.9729,0.1094
3513,6.3503,0.1347
3514,6.7890,0.1681
3515,6.3704,0.1361
3516,8.0396,0.2896
3517,9.4854,0.4858
3518,10.5480,0.6741
3519,12.0163,1.0000
3520,10.0663,0.5838
3521,9.3442,0.4638
3522,8.9762,0.4093
3523,7.2111,0.2046
3524,6.8875,0.1762
3525,5.2124,0.0674
3526,4.7563,0.0474
3527,3.9311,0.0198
3528,3.4865,0.0090
3529,5.1573,0.0648
3530,5.0659,0.0606
3531,4.4774,0.0369
3532,4.0729,0.0238
3533,4.4118,0.0346
3534,4.1480,0.0261
3535,5.2435,0.0689
3536,6.1207,0.1189
3537,6.9184,0.1788
3538,8.2270,0.3115
3539,7.5005,0.2322
3540,7.3549,0.2180
3541,8.3588,0.3275
3542,8.7509,0.3781
3543,8.5012,0.3453
3544,7.7153,0.2541
3545,9.5232,0.4919
3546,9.6021,0.5046
3547,9.4094,0.4739
3548,8.6847,0.3692
3549,6.1772,0.1227
3550,7.4172,0.2240
3551,7.2069,0.2042
3552,7.1970,0.2033
3553,7.0024,0.1860
3554,7.2584,0.2089
3555,6.2763,0.1295
3556,6.9441,0.1810
3557,6.1696,0.1222
3558,7.9966,0.2847
3559,8.4394,0.3375
3560,8.0643,0.2924
3561,8.6198,0.3606
3562,8.6018,0.3583
3563,7.1088,0.1953
3564,7.9349,0.2778
3565,7.0722,0.1921
3566,7.9450,0.2790
3567,8.0334,0.2889
3568,7.1499,0.1990
3569,7.9411,0.2785
3570,5.8860,0.1040
3571,5.6072,0.0878
3572,6.5826,0.1518
3573,5.3628,0.0748
3574,5.2225,0.0679
3575,6.1920,0.1237
3576,6.9771,0.1838
3577,6.5275,0.1476
3578,5.6811,0.0919
3579,7.1819,0.2019
3580,6.4804,0.1441
3581,6.9019,0.1774
3582,6.8479,0.1729
3583,6.7588,0.1656
3584,8.6234,0.3611
3585,8.0884,0.2952
3586,8.4743,0.3419
3587,10.5556,0.6756
3588,10.3236,0.6310
3589,7.4506,0.2273
3590,9.6023,0.5046
3591,8.0800,0.2942
3592,8.4430,0.3380
3593,7.9220,0.2764
3594,7.8826,0.2721
3595,9.1806,0.4390
3596,10.1443,0.5978
3597,9.5448,0.4953
3598,8.4144,0.3344
3599,8.0135,0.2867
3600,7.1118,0.1956
3601,8.2071,0.3091
3602,8.9845,0.4105
3603,7.2244,0.2058
3604,9.5925,0.5030
3605,10.0896,0.5880
3606,8.8656,0.3938
3607,8.8831,0.3962
3608,8.6728,0.3676
3609,8.0638,0.2924
3610,9.9318,0.5601
3611,10.4369,0.6525
3612,8.8965,0.3981
3613,8.9378,0.4039
3614,7.6686,0.2492
3615,8.0752,0.2937
3616,7.0649,0.1914
3617,5.8655,0.1028
3618,8.4207,0.3352
3619,9.3892,0.4707
3620,10.3026,0.6270
3621,11.7937,0.9485
3622,11.6375,0.9107
3623,9.6953,0.5199
3624,12.0070,1.0000
3625,14.9191,1.0000
3626,13.7493,1.0000
3627,14.3724,1.0000
3628,14.6037,1.0000
3629,14.4735,1.0000
3630,15.0587,1.0000
3631,13.1571,1.0000
3632,12.1630,1.0000
3633,13.1101,1.0000
3634,11.8630,0.9656
3635,12.7776,1.0000
3636,14.5330,1.0000
3637,15.4532,1.0000
3638,14.9459,1.0000
3639,13.1010,1.0000
3640,13.4895,1.0000
3641,14.5546,1.0000
3642,14.4874,1.0000
3643,14.6219,1.0000
3644,14.5944,1.0000
3645,14.0503,1.0000
3646,13.3248,1.0000
3647,14.2283,1.0000
3648,13.9904,1.0000
3649,12.4474,1.0000
3650,15.9076,1.0000
3651,16.2183,1.0000
3652,17.1561,1.0000
3653,18.0647,1.0000
3654,21.4272,1.0000
3655,20.4516,1.0000
3656,19.5585,1.0000
3657,16.6035,1.0000
3658,17.0810,1.0000
3659,14.4493,1.0000
3660,14.9164,1.0000
3661,13.4936,1.0000
3662,12.3348,1.0000
3663,12.8835,1.0000
3664,13.0358,1.0000
3665,12.6858,1.0000
3666,10.8027,0.7253
3667,10.7472,0.7139
3668,10.2971,0.6260
3669,10.6250,0.6893
3670,9.3307,0.4617
3671,8.6267,0.3616
3672,8.4259,0.3358
3673,6.3896,0.1375
3674,7.1499,0.1990
3675,9.4061,0.4734
3676,11.0255,0.7721
3677,10.8194,0.7287
3678,10.5936,0.6830
3679,11.4244,0.8607
3680,10.2780,0.6224
3681,11.8163,0.9541
3682,11.0967,0.7874
3683,10.3699,0.6397
3684,11.1799,0.8056
3685,10.5951,0.6833
3686,8.3278,0.3237
3687,9.1590,0.4358
3688,8.9632,0.4075
3689,9.0653,0.4221
3690,10.1018,0.5902
3691,8.4358,0.3371
3692,8.8612,0.3932
3693,7.7412,0.2569
3694,7.5987,0.2421
3695,6.7381,0.1640
3696,6.3632,0.1356
3697,6.6617,0.1579
3698,6.4165,0.1394
3699,6.2744,0.1293
3700,8.7143,0.3732
3701,8.3608,0.3277
3702,8.7590,0.3792
3703,8.8245,0.3881
3704,8.1161,0.2984
3705,7.7149,0.2541
3706,8.4522,0.3391
3707,9.1331,0.4320
3708,10.2445,0.6162
3709,9.5138,0.4904
3710,10.0442,0.5799
3711,10.6131,0.6869
3712,11.0928,0.7866
3713,10.5621,0.6768
3714,11.1841,0.8066
3715,12.3564,1.0000
3716,11.9540,0.9884
3717,11.2115,0.8126
3718,12.0587,1.0000
3719,11.5083,0.8802
3720,11.7559,0.9393
3721,11.0810,0.7840
3722,11.1274,0.7941
3723,12.0208,1.0000
3724,13.1588,1.0000
3725,12.5496,1.0000
3726,13.4481,1.0000
3727,16.8411,1.0000
3728,17.1985,1.0000
3729,19.6892,1.0000
3730,18.6177,1.0000
3731,18.6296,1.0000
3732,17.9908,1.0000
3733,16.1993,1.0000
3734,14.6094,1.0000
3735,16.1178,1.0000
3736,15.0694,1.0000
3737,13.4898,1.0000
3738,13.4169,1.0000
3739,14.1751,1.0000
3740,11.9728,0.9931
3741,12.4596,1.0000
3742,11.8851,0.9711
3743,12.2527,1.0000
3744,10.9885,0.7642
3745,8.3215,0.3229
3746,10.6380,0.6919
3747,11.7605,0.9404
3748,12.9610,1.0000
3749,11.3639,0.8469
3750,10.9269,0.7511
3751,10.0755,0.5854
3752,6.0682,0.1155
3753,6.9916,0.1850
3754,7.9959,0.2847
3755,6.8101,0.1698
3756,6.6176,0.1545
3757,6.3537,0.1349
3758,7.8871,0.2726
3759,6.8623,0.1741
3760,6.8721,0.1749
3761,4.8088,0.0495
3762,4.9804,0.0568
3763,7.1236,0.1966
3764,6.7342,0.1637
3765,7.0240,0.1879
3766,6.6370,0.1560
3767,7.4812,0.2303
3768,7.0223,0.1877
3769,7.9962,0.2847
3770,10.0454,0.5801
3771,9.4491,0.4801
3772,10.7078,0.7059
3773,12.5187,1.0000
3774,12.2920,1.0000
3775,12.2129,1.0000
3776,11.3864,0.8520
3777,12.9435,1.0000
3778,12.4214,1.0000
3779,11.9359,0.9838
3780,10.8290,0.7307
3781,11.6006,0.9019
3782,13.1143,1.0000
3783,12.7494,1.0000
3784,11.7078,0.9276
3785,10.2856,0.6238
3786,7.0642,0.1914
3787,6.9368,0.1804
3788,7.1852,0.2022
3789,7.6576,0.2481
3790,8.2324,0.3121
3791,9.4849,0.4858
3792,7.7731,0.2602
3793,6.2790,0.1297
3794,5.7306,0.0948
3795,6.1124,0.1184
3796,7.6369,0.2460
3797,6.6992,0.1609
3798,6.5105,0.1464
3799,5.5522,0.0848
3800,8.4950,0.3445
3801,8.0209,0.2875
3802,7.9253,0.2768
3803,4.6669,0.0439
3804,5.2419,0.0688
3805,5.0151,0.0583
3806,4.7866,0.0486
3807,5.2189,0.0677
3808,3.2725,0.0047
3809,3.9587,0.0206
3810,3.2328,0.0040
3811,3.2303,0.0039
3812,3.4497,0.0083
3813,3.8481,0.0176
3814,3.6417,0.0125
3815,4.3264,0.0317
3816,4.2224,0.0284
3817,3.0869,0.0014
3818,3.8211,0.0169
3819,3.7211,0.0144
3820,4.8957,0.0531
3821,6.6345,0.1558
3822,8.0268,0.2882
3823,8.0214,0.2876
3824,7.0225,0.1877
3825,6.2764,0.1295
3826,6.4942,0.1451
3827,5.7941,0.0985
3828,6.1260,0.1193
3829,5.8452,0.1015
3830,5.5264,0.0834
3831,6.5391,0.1485
3832,8.4287,0.3362
3833,6.6421,0.1564
3834,8.0155,0.2869
3835,7.3418,0.2168
3836,5.7398,0.0953
3837,6.8098,0.1698
3838,7.5715,0.2393
3839,7.7742,0.2604
3840,7.8514,0.2687
3841,7.3680,0.2193
3842,8.4296,0.3363
3843,7.8381,0.2672
3844,7.3076,0.2135
3845,8.9988,0.4125
3846,8.3359,0.3247
3847,7.5264,0.2348
3848,6.8104,0.1698
3849,6.3473,0.1345
3850,6.5323,0.1480
3851,5.5263,0.0833
3852,5.8209,0.1001
3853,5.0831,0.0613
3854,3.9089,0.0192
3855,4.4734,0.0368
3856,6.5283,0.1477
3857,5.2912,0.0712
3858,4.1997,0.0277
3859,4.5281,0.0387
3860,4.1158,0.0251
3861,3.2418,0.0042
3862,3.1491,0.0025
3863,3.8743,0.0183
3864,4.0977,0.0246
3865,5.1920,0.0664
3866,4.9165,0.0540
3867,4.3791,0.0335
3868,4.5517,0.0396
3869,5.3701,0.0752
3870,5.2336,0.0684
3871,4.1390,0.0258
3872,5.8183,0.0999
3873,5.2647,0.0699
3874,5.3923,0.0763
3875,5.5013,0.0820
3876,5.1512,0.0645
3877,4.2975,0.0308
3878,4.5883,0.0409
3879,4.8449,0.0510
3880,4.7344,0.0465
3881,3.4267,0.0078
3882,4.0410,0.0229
3883,4.7925,0.0488
3884,2.7222,0.0000
3885,2.1529,0.0000
3886,1.9032,0.0000
3887,2.4554,0.0000
3888,2.5878,0.0000
3889,1.5289,0.0000
3890,1.5403,0.0000
3891,2.1110,0.0000
3892,2.6683,0.0000
3893,2.5043,0.0000
3894,3.2172,0.0037
3895,2.3895,0.0000
3896,3.4783,0.0089
3897,3.4736,0.0088
3898,2.2528,0.0000
3899,2.1343,0.0000
3900,1.3797,0.0000
3901,1.6169,0.0000
3902,1.7263,0.0000
3903,1.7943,0.0000
3904,1.4180,0.0000
3905,2.2707,0.0000
3906,2.2961,0.0000
3907,2.5208,0.0000
3908,4.1596,0.0264
3909,4.3790,0.0335
3910,4.6007,0.0414
3911,4.9967,0.0575
3912,3.9267,0.0197
3913,4.2397,0.0289
3914,5.7393,0.0953
3915,7.3201,0.2147
3916,6.2908,0.1305
3917,6.5779,0.1515
3918,7.1737,0.2012
3919,7.5254,0.2347
3920,8.2260,0.3114
3921,5.6686,0.0912
3922,6.2531,0.1279
3923,8.9212,0.4015
3924,8.3710,0.3290
3925,6.6768,0.1591
3926,6.9552,0.1819
3927,7.5467,0.2368
3928,7.4344,0.2257
3929,7.8999,0.2740
3930,6.9901,0.1849
3931,7.9173,0.2759
3932,8.6259,0.3614
3933,7.6873,0.2512
3934,8.1295,0.3000
3935,8.4208,0.3352
3936,10.0935,0.5887
3937,9.9153,0.5572
3938,8.7495,0.3779
3939,9.0455,0.4192
3940,7.5976,0.2420
3941,7.3961,0.2220
3942,6.1419,0.1203
3943,7.9262,0.2769
3944,8.7540,0.3785
3945,8.4630,0.3405
3946,10.2647,0.6200
3947,9.9542,0.5640
3948,9.9658,0.5660
3949,8.6960,0.3707
3950,11.4043,0.8561
3951,10.8594,0.7370
3952,10.6260,0.6895
3953,11.5273,0.8846
3954,11.4826,0.8742
3955,10.5869,0.6817
3956,10.5942,0.6832
3957,9.5616,0.4980
3958,10.1036,0.5905
3959,10.8843,0.7422
3960,8.8832,0.3962
3961,10.2866,0.6240
3962,9.9569,0.5644
3963,9.8878,0.5525
3964,8.3845,0.3306
3965,8.5542,0.3521
3966,8.8399,0.3902
3967,8.3479,0.3261
3968,7.5844,0.2406
3969,7.4430,0.2265
3970,6.4206,0.1397
3971,6.8716,0.1749
3972,5.9235,0.1063
3973,4.9827,0.0569
3974,5.5580,0.0851
3975,4.1058,0.0248
3976,3.8523,0.0177
3977,3.3341,0.0059
3978,2.5804,0.0000
3979,1.9965,0.0000
3980,1.8101,0.0000
3981,1.6882,0.0000
3982,1.7099,0.0000
3983,1.5583,0.0000
3984,1.8128,0.0000
3985,1.8995,0.0000
3986,2.1611,0.0000
3987,1.7989,0.0000
3988,2.0875,0.0000
3989,2.6585,0.0000
3990,2.5226,0.0000
3991,3.1681,0.0028
3992,2.8494,0.0000
3993,3.9126,0.0193
3994,3.1827,0.0031
3995,3.5774,0.0110
3996,3.2464,0.0042
3997,4.0625,0.0235
3998,4.5828,0.0407
3999,4.9261,0.0544
4000,4.1364,0.0257
4001,4.3209,0.0316
4002,5.7715,0.0972
4003,6.7522,0.1651
4004,6.3782,0.1367
4005,7.0900,0.1937
4006,6.3695,0.1360
4007,7.4902,0.2312
4008,8.3255,0.3234
4009,6.6422,0.1564
4010,6.5873,0.1522
4011,5.1737,0.0655
4012,4.1407,0.0259
4013,3.3807,0.0068
4014,4.0756,0.0239
4015,2.5446,0.0000
4016,2.5452,0.0000
4017,2.6938,0.0000
4018,3.8587,0.0179
4019,4.0767,0.0240
4020,4.1614,0.0265
4021,4.7820,0.0484
4022,6.3599,0.1354
4023,7.1444,0.1985
4024,7.3133,0.2141
4025,8.7309,0.3754
4026,9.0748,0.4235
4027,8.2581,0.3152
4028,6.4641,0.1429
4029,6.1351,0.1199
4030,5.4173,0.0776
4031,7.1722,0.2010
4032,6.1696,0.1222
4033,7.3550,0.2180
4034,7.2749,0.2105
4035,7.0611,0.1911
4036,4.6421,0.0429
4037,5.7404,0.0953
4038,6.2992,0.1311
4039,6.6250,0.1551
4040,6.1873,0.1234
4041,5.5266,0.0834
4042,6.6656,0.1582
4043,7.3223,0.2149
4044,7.1491,0.1989
4045,7.1527,0.1993
4046,8.1416,0.3014
4047,7.3036,0.2132
4048,7.7361,0.2563
4049,8.3071,0.3211
4050,8.9138,0.4005
4051,9.3953,0.4717
4052,10.2112,0.6101
4053,11.3742,0.8492
4054,12.5156,1.0000
4055,12.3970,1.0000
4056,12.6708,1.0000
4057,11.8809,0.9701
4058,12.2280,1.0000
4059,11.9385,0.9845
4060,12.1999,1.0000
4061,12.7087,1.0000
4062,11.7735,0.9436
4063,10.8726,0.7397
4064,11.9675,0.9918
4065,10.7367,0.7117
4066,11.6930,0.9240
4067,10.9363,0.7531
4068,10.6071,0.6857
4069,11.4641,0.8699
4070,11.5015,0.8786
4071,11.6021,0.9023
4072,9.8788,0.5509
4073,9.4067,0.4735
4074,10.6378,0.6918
4075,9.3318,0.4619
4076,9.3788,0.4691
4077,9.0420,0.4187
4078,7.0109,0.1867
4079,7.0447,0.1897
4080,6.1978,0.1241
4081,7.6624,0.2486
4082,8.5643,0.3534
4083,10.6335,0.6910
4084,10.0076,0.5734
4085,9.2360,0.4473
4086,7.6332,0.2456
4087,5.8574,0.1023
4088,5.1341,0.0637
4089,7.2597,0.2091
4090,6.4106,0.1390
4091,7.7620,0.2591
4092,7.6457,0.2469
4093,7.4077,0.2231
4094,8.5561,0.3524
4095,7.3879,0.2212
4096,6.8673,0.1745
4097,8.0124,0.2865
4098,7.0863,0.1933
4099,7.0048,0.1862
4100,7.6130,0.2435
4101,8.6987,0.3711
4102,9.0432,0.4189
4103,9.5595,0.4977
4104,8.3539,0.3269
4105,7.1345,0.1976
4106,7.6219,0.2444
4107,9.9965,0.5714
4108,9.3636,0.4668
4109,9.3996,0.4724
4110,8.0297,0.2885
4111,8.0215,0.2876
4112,6.8760,0.1752
4113,5.6222,0.0886
4114,5.6402,0.0896
4115,5.4386,0.0787
4116,7.0308,0.1884
4117,6.5973,0.1529
4118,6.4503,0.1419
4119,5.2218,0.0678
4120,4.4620,0.0364
4121,3.8419,0.0175
4122,3.8937,0.0188
4123,4.5846,0.0408
4124,5.9598,0.1086
4125,6.3933,0.1378
4126,5.4730,0.0805
4127,6.3891,0.1375
4128,7.0819,0.1929
4129,7.4352,0.2258
4130,7.5661,0.2388
4131,5.9310,0.1068
4132,4.3997,0.0342
4133,5.2022,0.0669
4134,5.4998,0.0819
4135,5.5851,0.0865
4136,6.0199,0.1124
4137,5.8488,0.1018
4138,5.6810,0.0919
4139,6.8161,0.1703
4140,6.5415,0.1487
4141,5.5485,0.0845
4142,6.7017,0.1611
4143,6.6798,0.1593
4144,6.5961,0.1528
4145,7.7445,0.2572
4146,8.8197,0.3874
4147,7.1825,0.2020
4148,6.7631,0.1660
4149,6.5354,0.1482
4150,8.1655,0.3042
4151,6.3934,0.1378
4152,5.4362,0.0786
4153,4.7824,0.0484
4154,6.7737,0.1668
4155,5.5143,0.0827
4156,4.2202,0.0283
4157,4.3991,0.0342
4158,3.7301,0.0146
4159,5.6223,0.0886
4160,8.0328,0.2888
4161,9.5719,0.4997
4162,11.0606,0.7796
4163,9.0676,0.4224
4164,8.7513,0.3781
4165,9.0636,0.4218
4166,8.4426,0.3379
4167,10.3607,0.6380
4168,9.8496,0.5459
4169,9.1500,0.4345
4170,10.5863,0.6816
4171,9.6269,0.5086
4172,8.7225,0.3743
4173,8.2010,0.3084
4174,9.5535,0.4967
4175,9.8156,0.5401
4176,9.1406,0.4331
4177,10.7046,0.7052
4178,9.8983,0.5543
4179,9.7829,0.5345
4180,12.0190,1.0000
4181,10.6625,0.6968
4182,11.1272,0.7941
4183,11.2421,0.8194
4184,10.1338,0.5959
4185,9.0992,0.4270
4186,8.3131,0.3219
4187,8.1688,0.3046
4188,7.9261,0.2769
4189,6.7435,0.1644
4190,8.4459,0.3383
4191,9.1325,0.4319
4192,10.5594,0.6763
4193,10.3469,0.6353
4194,12.7522,1.0000
4195,12.3730,1.0000
4196,12.5431,1.0000
4197,13.8386,1.0000
4198,13.1458,1.0000
4199,13.5951,1.0000
4200,12.5972,1.0000
4201,11.9336,0.9832
4202,12.2984,1.0000
4203,10.2185,0.6114
4204,10.6918,0.7027
4205,11.5188,0.8826
4206,12.2216,1.0000
4207,13.1213,1.0000
4208,14.8120,1.0000
4209,15.6453,1.0000
4210,17.1567,1.0000
4211,15.4637,1.0000
4212,13.9938,1.0000
4213,12.8388,1.0000
4214,14.2685,1.0000
4215,12.2269,1.0000
4216,10.8302,0.7309
4217,9.4580,0.4815
4218,10.0407,0.5792
4219,10.3773,0.6411
4220,9.1442,0.4336
4221,7.0824,0.1930
4222,7.0742,0.1923
4223,7.0837,0.1931
4224,6.1910,0.1236
4225,4.8528,0.0513
4226,5.0576,0.0602
4227,6.7930,0.1684
4228,6.5485,0.1492
4229,5.9602,0.1086
4230,6.1969,0.1240
4231,6.6382,0.1561
4232,5.7247,0.0944
4233,4.8192,0.0499
4234,4.4545,0.0361
4235,4.5846,0.0408
4236,3.3977,0.0072
4237,3.5811,0.0111
4238,3.6501,0.0127
4239,3.9177,0.0195
4240,4.3171,0.0314
4241,1.9615,0.0000
4242,2.8319,0.0000
4243,3.2787,0.0048
4244,2.9417,0.0000
4245,3.1837,0.0031
4246,2.8494,0.0000
4247,2.0525,0.0000
4248,1.9630,0.0000
4249,1.8504,0.0000
4250,2.0878,0.0000
4251,2.5151,0.0000
4252,1.8456,0.0000
4253,1.5790,0.0000
4254,2.0338,0.0000
4255,2.7775,0.0000
4256,3.5583,0.0106
4257,2.8034,0.0000
4258,3.1767,0.0030
4259,3.9099,0.0193
4260,3.9586,0.0206
4261,4.7113,0.0456
4262,4.9762,0.0566
4263,5.1379,0.0639
4264,5.0883,0.0616
4265,3.8123,0.0167
4266,4.1931,0.0275
4267,3.5280,0.0099
4268,4.1549,0.0263
4269,2.7398,0.0000
4270,2.4693,0.0000
4271,2.0886,0.0000
4272,1.6930,0.0000
4273,2.4311,0.0000
4274,1.3264,0.0000
4275,2.3440,0.0000
4276,1.9513,0.0000
4277,2.4797,0.0000
4278,3.6601,0.0130
4279,4.6771,0.0443
4280,5.5527,0.0848
4281,5.1894,0.0663
4282,4.5444,0.0393
4283,5.1198,0.0630
4284,5.0861,0.0615
4285,4.8377,0.0507
4286,4.6021,0.0414
4287,5.0047,0.0578
4288,5.9848,0.1101
4289,5.0867,0.0615
4290,5.1905,0.0663
4291,6.5803,0.1516
4292,6.1452,0.1206
4293,5.1359,0.0638
4294,5.5108,0.0825
4295,4.0927,0.0244
4296,4.6164,0.0420
4297,5.2780,0.0706
4298,7.3958,0.2219
4299,5.0365,0.0592
4300,4.1726,0.0268
4301,4.7257,0.0462
4302,4.5721,0.0403
4303,4.3356,0.0320
4304,5.0149,0.0583
4305,5.4526,0.0794
4306,4.7534,0.0473
4307,4.5051,0.0379
4308,3.7288,0.0146
4309,3.9168,0.0195
4310,4.2253,0.0285
4311,3.7530,0.0152
4312,4.2752,0.0301
4313,5.4421,0.0789
4314,4.6021,0.0414
4315,4.5051,0.0379
4316,3.9344,0.0199
4317,4.0038,0.0219
4318,4.6839,0.0445
4319,5.1980,0.0667
4320,4.5747,0.0404
4321,4.9682,0.0562
4322,4.7696,0.0479
4323,6.1760,0.1226
4324,6.6927,0.1604
4325,7.3376,0.2164
4326,8.6321,0.3623
4327,8.0300,0.2885
4328,7.9999,0.2851
4329,7.4008,0.2224
4330,8.4363,0.3371
4331,8.5678,0.3539
4332,8.9804,0.4099
4333,8.8886,0.3970
4334,8.8057,0.3855
4335,8.1238,0.2993
4336,9.5600,0.4978
4337,8.8706,0.3945
4338,9.7845,0.5348
4339,9.6912,0.5192
4340,10.6158,0.6874
4341,11.0327,0.7736
4342,9.7500,0.5290
4343,7.8642,0.2701
4344,7.0680,0.1917
4345,5.8277,0.1005
4346,5.8871,0.1041
4347,5.7768,0.0975
4348,4.0271,0.0225
4349,4.9807,0.0568
4350,4.5771,0.0405
4351,4.5669,0.0401
4352,5.9259,0.1065
4353,5.7720,0.0972
4354,6.2863,0.1302
4355,6.1972,0.1241
4356,8.3110,0.3216
4357,8.0328,0.2888
4358,8.6093,0.3593
4359,8.2182,0.3104
4360,8.3276,0.3236
4361,7.8952,0.2735
4362,8.1653,0.3042
4363,8.5001,0.3452
4364,7.6195,0.2442
4365,7.6937,0.2519
4366,8.1651,0.3041
4367,10.1637,0.6014
4368,10.5069,0.6660
4369,11.2575,0.8229
4370,11.1816,0.8060
4371,11.6318,0.9093
4372,10.4973,0.6642
4373,11.4837,0.8744
4374,13.8150,1.0000
4375,13.2516,1.0000
4376,13.1318,1.0000
4377,11.5840,0.8980
4378,9.7022,0.5210
4379,9.8599,0.5477
4380,10.0793,0.5861
4381,12.0137,1.0000
4382,13.7768,1.0000
4383,15.5006,1.0000
4384,15.8495,1.0000
4385,16.1102,1.0000
4386,16.1975,1.0000
4387,17.3008,1.0000
4388,16.5925,1.0000
4389,15.7398,1.0000
4390,12.9122,1.0000
4391,10.7954,0.7238
4392,10.3351,0.6331
4393,9.7479,0.5287
4394,12.4314,1.0000
4395,12.8198,1.0000
4396,11.7242,0.9316
4397,11.8421,0.9604
4398,12.8597,1.0000
4399,12.7484,1.0000
4400,13.1253,1.0000
4401,13.1927,1.0000
4402,13.9297,1.0000
4403,12.9009,1.0000
4404,12.0046,1.0000
4405,12.5121,1.0000
4406,11.9096,0.9772
4407,9.5779,0.5007
4408,10.7113,0.7066
4409,9.3615,0.4664
4410,6.5456,0.1490
4411,6.6608,0.1579
4412,7.5433,0.2365
4413,7.5915,0.2413
4414,7.8134,0.2646
4415,8.2509,0.3143
4416,7.8476,0.2682
4417,6.7917,0.1683
4418,6.8247,0.1710
4419,6.7394,0.1641
4420,6.0271,0.1128
4421,5.8150,0.0997
4422,5.5015,0.0820
4423,6.1089,0.1181
4424,5.1365,0.0638
4425,4.7310,0.0464
4426,4.0140,0.0221
4427,5.2652,0.0699
4428,3.6750,0.0133
4429,4.2605,0.0296
4430,4.4930,0.0374
4431,2.9406,0.0000
4432,5.2299,0.0682
4433,4.9388,0.0549
4434,4.4701,0.0366
4435,5.2144,0.0675
4436,5.7551,0.0962
4437,5.2785,0.0706
4438,5.0277,0.0588
4439,5.1533,0.0646
4440,5.2110,0.0673
4441,7.0735,0.1922
4442,6.5100,0.1463
4443,5.4864,0.0812
4444,4.4024,0.0343
4445,5.1216,0.0631
4446,7.0390,0.1892
4447,6.6625,0.1580
4448,6.1201,0.1189
4449,6.7351,0.1637
4450,7.7070,0.2533
4451,9.4290,0.4769
4452,10.1352,0.5962
4453,11.7548,0.9390
4454,10.6469,0.6936
4455,9.8889,0.5526
4456,9.7855,0.5350
4457,7.8116,0.2644
4458,7.4956,0.2317
4459,6.0033,0.1113
4460,5.6640,0.0909
4461,6.8842,0.1759
4462,6.4157,0.1394
4463,8.8231,0.3879
4464,6.5527,0.1495
4465,9.3297,0.4616
4466,9.5066,0.4892
4467,11.0669,0.7810
4468,8.8435,0.3907
4469,7.9297,0.2773
4470,8.7666,0.3802
4471,11.3647,0.8470
4472,10.7595,0.7164
4473,10.8134,0.7275
4474,10.5170,0.6680
4475,10.5163,0.6679
4476,10.9315,0.7521
4477,10.0949,0.5889
4478,7.5391,0.2360
4479,6.9213,0.1790
4480,6.6640,0.1581
4481,6.6998,0.1609
4482,6.3019,0.1313
4483,5.7747,0.0973
4484,4.7640,0.0477
4485,5.1505,0.0645
4486,6.0576,0.1148
4487,7.1521,0.1992
4488,6.0920,0.1170
4489,6.7302,0.1633
4490,6.0267,0.1128
4491,7.0737,0.1922
4492,6.6759,0.1590
4493,4.0071,0.0220
4494,3.0744,0.0012
4495,1.9419,0.0000
4496,1.4486,0.0000
4497,1.7900,0.0000
4498,1.1925,0.0000
4499,0.8902,0.0000
4500,1.1991,0.0000
4501,0.9286,0.0000
4502,1.3763,0.0000
4503,1.1826,0.0000
4504,1.5235,0.0000
4505,2.0228,0.0000
4506,2.0130,0.0000
4507,2.7660,0.0000
4508,4.1266,0.0254
4509,4.3111,0.0312
4510,3.4626,0.0085
4511,4.2242,0.0284
4512,3.4707,0.0087
4513,3.9432,0.0202
4514,5.2217,0.0678
4515,6.1091,0.1182
4516,6.5477,0.1492
4517,8.2973,0.3199
4518,9.6990,0.5205
4519,10.0348,0.5782
4520,8.3842,0.3306
4521,8.2800,0.3179
4522,8.5571,0.3525
4523,7.4305,0.2253
4524,6.2373,0.1268
4525,7.4139,0.2237
4526,6.8734,0.1750
4527,7.0749,0.1923
4528,10.4975,0.6642
4529,9.1166,0.4296
4530,9.6169,0.5070
4531,9.3539,0.4653
4532,9.1087,0.4284
4533,9.5641,0.4984
4534,8.6653,0.3666
4535,7.8229,0.2656
4536,8.1375,0.3009
4537,6.7895,0.1681
4538,7.3854,0.2209
4539,8.2229,0.3110
4540,8.4333,0.3367
4541,6.0609,0.1150
4542,5.9997,0.1111
4543,6.3002,0.1311
4544,7.6116,0.2434
4545,7.3807,0.2205
4546,6.6863,0.1599
4547,7.0475,0.1899
4548,8.7601,0.3793
4549,7.5964,0.2418
4550,7.9756,0.2824
4551,8.0711,0.2932
4552,10.1384,0.5968
4553,9.3269,0.4611
4554,7.6724,0.2496
4555,7.3776,0.2202
4556,7.1237,0.1967
4557,9.1341,0.4321
4558,8.6633,0.3664
4559,7.6652,0.2489
4560,8.2928,0.3194
4561,9.6593,0.5140
4562,10.9185,0.7493
4563,9.9468,0.5627
4564,9.1565,0.4355
4565,8.4542,0.3394
4566,8.4467,0.3384
4567,8.9245,0.4020
4568,8.8196,0.3874
4569,10.0417,0.5794
4570,10.1764,0.6037
4571,9.4312,0.4773
4572,7.1328,0.1975
4573,7.3118,0.2139
4574,8.1699,0.3047
4575,8.7458,0.3774
4576,9.5176,0.4910
4577,8.3271,0.3236
4578,8.0616,0.2921
4579,8.7419,0.3769
4580,9.5206,0.4915
4581,8.0927,0.2957
4582,6.4939,0.1451
4583,5.2929,0.0713
4584,4.6554,0.0434
4585,4.2469,0.0292
4586,3.1355,0.0023
4587,4.3052,0.0310
4588,3.1231,0.0020
4589,3.6809,0.0134
4590,3.7209,0.0144
4591,3.4378,0.0080
4592,3.3257,0.0058
4593,2.9961,0.0000
4594,3.3748,0.0067
4595,3.1221,0.0020
4596,2.9289,0.0000
4597,4.0554,0.0233
4598,5.1267,0.0633
4599,4.7793,0.0483
4600,3.8762,0.0184
4601,5.0295,0.0589
4602,6.0063,0.1115
4603,7.6089,0.2431
4604,7.9671,0.2814
4605,8.0286,0.2884
4606,9.2740,0.4530
4607,8.5015,0.3454
4608,7.3738,0.2198
4609,8.0508,0.2909
4610,8.3740,0.3294
4611,7.7603,0.2589
4612,8.1065,0.2973
4613,8.1602,0.3036
4614,8.6480,0.3644
4615,10.1883,0.6059
4616,9.6230,0.5080
4617,9.8031,0.5380
4618,10.3836,0.6423
4619,10.4797,0.6608
4620,10.0463,0.5802
4621,12.5032,1.0000
4622,10.1991,0.6078
4623,9.3758,0.4687
4624,8.6468,0.3642
4625,8.4630,0.3405
4626,6.7013,0.1610
4627,7.2076,0.2043
4628,7.7380,0.2565
4629,8.3349,0.3245
4630,9.8458,0.5452
4631,11.0287,0.7727
4632,9.4838,0.4856
4633,9.8887,0.5526
4634,8.7594,0.3792
4635,8.2378,0.3128
4636,9.5410,0.4947
4637,7.8759,0.2713
4638,7.8070,0.2639
4639,8.3403,0.3252
4640,9.2502,0.4495
4641,10.0935,0.5887
4642,9.8721,0.5497
4643,9.3752,0.4686
4644,8.7211,0.3741
4645,8.3350,0.3245
4646,9.8737,0.5500
4647,9.2028,0.4423
4648,7.7244,0.2551
4649,7.6874,0.2512
4650,8.4749,0.3420
4651,10.0992,0.5897
4652,8.5818,0.3557
4653,7.4657,0.2288
4654,6.6746,0.1589
4655,8.3784,0.3299
4656,9.3084,0.4583
4657,8.5877,0.3565
4658,7.8372,0.2671
4659,6.8471,0.1728
4660,7.7560,0.2584
4661,6.2113,0.1250
4662,6.9520,0.1817
4663,6.4949,0.1452
4664,6.6124,0.1541
4665,7.1133,0.1957
4666,8.4584,0.3399
4667,8.9406,0.4043
4668,6.5544,0.1497
4669,6.9894,0.1849
4670,7.1742,0.2012
4671,7.1759,0.2014
4672,7.4659,0.2288
4673,5.8561,0.1022
4674,4.7425,0.0468
4675,3.8881,0.0187
4676,3.4759,0.0088
4677,4.6503,0.0432
4678,4.4239,0.0350
4679,3.4880,0.0091
4680,4.3986,0.0342
4681,3.6067,0.0117
4682,3.0669,0.0011
4683,2.3908,0.0000
4684,1.6418,0.0000
4685,1.5210,0.0000
4686,1.1467,0.0000
4687,1.1492,0.0000
4688,1.1453,0.0000
4689,1.5386,0.0000
4690,1.5738,0.0000
4691,1.0763,0.0000
4692,1.5536,0.0000
4693,1.4344,0.0000
4694,1.6641,0.0000
4695,2.3413,0.0000
4696,1.5856,0.0000
4697,2.1402,0.0000
4698,2.0865,0.0000
4699,2.5707,0.0000
4700,2.6625,0.0000
4701,2.5860,0.0000
4702,2.5520,0.0000
4703,2.8926,0.0000
4704,2.3730,0.0000
4705,2.6251,0.0000
4706,2.9582,0.0000
4707,3.9591,0.0206
4708,4.5194,0.0384
4709,4.4252,0.0351
4710,4.7254,0.0462
4711,4.2491,0.0292
4712,5.0041,0.0578
4713,5.4128,0.0774
4714,4.5870,0.0409
4715,4.7300,0.0463
4716,4.9584,0.0558
4717,7.2481,0.2080
4718,7.3883,0.2212
4719,7.3452,0.2171
4720,7.5588,0.2380
4721,8.6246,0.3613
4722,10.9378,0.7534
4723,10.2567,0.6185
4724,9.2841,0.4546
4725,8.9753,0.4092
4726,10.0034,0.5726
4727,9.9765,0.5679
4728,9.1571,0.4355
4729,8.5884,0.3565
4730,7.4834,0.2305
4731,5.7621,0.0966
4732,7.1697,0.2008
4733,7.0887,0.1935
4734,6.0110,0.1118
4735,6.2116,0.1250
4736,5.3342,0.0734
4737,3.7539,0.0152
4738,4.1818,0.0271
4739,4.0156,0.0222
4740,4.6616,0.0437
4741,5.6863,0.0922
4742,5.2846,0.0709
4743,4.6736,0.0441
4744,5.4276,0.0781
4745,6.4538,0.1422
4746,6.6195,0.1546
4747,6.7375,0.1639
4748,7.6073,0.2429
4749,5.3638,0.0748
4750,5.6461,0.0899
4751,5.6489,0.0901
4752,7.2900,0.2119
4753,7.7201,0.2546
4754,8.7516,0.3782
4755,8.8883,0.3969
4756,8.5228,0.3481
4757,10.2525,0.6177
4758,10.4855,0.6619
4759,9.9439,0.5622
4760,9.6195,0.5074
4761,10.4258,0.6504
4762,9.8901,0.5528
4763,8.8188,0.3873
4764,9.6198,0.5075
4765,10.1882,0.6058
4766,9.0851,0.4250
4767,8.2945,0.3196
4768,11.3268,0.8384
4769,10.4071,0.6468
4770,9.8087,0.5389
4771,9.8087,0.5389
4772,10.1919,0.6065
4773,12.9615,1.0000
4774,12.4123,1.0000
4775,13.0992,1.0000
4776,13.2669,1.0000
4777,15.5112,1.0000
4778,15.2048,1.0000
4779,13.4154,1.0000
4780,14.1041,1.0000
4781,12.8469,1.0000
4782,12.1553,1.0000
4783,12.1100,1.0000
4784,11.3222,0.8374
4785,10.1777,0.6039
4786,10.1022,0.5902
4787,11.9699,0.9924
4788,11.2244,0.8155
4789,11.1434,0.7976
4790,12.8123,1.0000
4791,12.4520,1.0000
4792,11.4280,0.8616
4793,10.8469,0.7344
4794,10.9110,0.7478
4795,11.1507,0.7992
4796,10.1405,0.5971
4797,10.6787,0.7000
4798,9.8552,0.5468
4799,9.4693,0.4833
4800,10.0574,0.5822
4801,9.7144,0.5231
4802,8.9948,0.4120
4803,9.3788,0.4691
4804,9.0491,0.4198
4805,9.7494,0.5289
4806,8.9543,0.4062
4807,9.4588,0.4816
4808,7.2910,0.2120
4809,7.6685,0.2492
4810,8.0220,0.2876
4811,9.2148,0.4441
4812,8.2935,0.3195
4813,8.2583,0.3152
4814,9.4013,0.4726
4815,8.6182,0.3604
4816,10.2868,0.6241
4817,9.1683,0.4372
4818,9.6524,0.5128
4819,9.9456,0.5625
4820,9.9682,0.5664
4821,11.8617,0.9653
4822,14.3891,1.0000
4823,15.5699,1.0000
4824,13.1096,1.0000
4825,13.7334,1.0000
4826,14.4764,1.0000
4827,14.4889,1.0000
4828,13.0409,1.0000
4829,12.8422,1.0000
4830,12.7107,1.0000
4831,12.9870,1.0000
4832,13.7648,1.0000
4833,14.0629,1.0000
4834,12.2752,1.0000
4835,11.4358,0.8633
4836,9.7037,0.5213
4837,10.4743,0.6597
4838,9.2263,0.4458
4839,9.6825,0.5178
4840,11.3536,0.8445
4841,12.2401,1.0000
4842,12.4393,1.0000
4843,10.5234,0.6692
4844,10.3766,0.6410
4845,10.0301,0.5773
4846,10.9570,0.7575
4847,9.6452,0.5116
4848,11.2799,0.8279
4849,11.2105,0.8124
4850,11.3643,0.8470
4851,12.7128,1.0000
4852,12.3664,1.0000
4853,11.5391,0.8874
4854,11.7263,0.9321
4855,10.0995,0.5897
4856,7.6104,0.2433
4857,6.4032,0.1385
4858,8.1426,0.3015
4859,6.8102,0.1698
4860,6.3324,0.1334
4861,8.1792,0.3058
4862,9.8650,0.5485
4863,7.4421,0.2264
4864,7.8386,0.2673
4865,5.5016,0.0820
4866,5.6282,0.0889
4867,5.6732,0.0915
4868,5.6468,0.0900
4869,5.6893,0.0924
4870,5.6283,0.0889
4871,7.4076,0.2231
4872,8.4554,0.3395
4873,9.4999,0.4882
4874,9.1106,0.4287
4875,10.0247,0.5764
4876,9.8883,0.5525
4877,9.8436,0.5449
4878,9.0635,0.4218
4879,11.6331,0.9096
4880,9.7907,0.5359
4881,9.3619,0.4665
4882,9.9578,0.5646
4883,10.4345,0.6520
4884,8.8534,0.3921
4885,8.1927,0.3074
4886,10.1984,0.6077
4887,10.2985,0.6262
4888,10.5416,0.6728
4889,11.6706,0.9186
4890,11.5354,0.8865
4891,12.0396,1.0000
4892,9.9547,0.5641
4893,7.9471,0.2792
4894,7.6766,0.2501
4895,9.0670,0.4223
4896,11.5161,0.8820
4897,11.2738,0.8265
4898,12.2731,1.0000
4899,11.8506,0.9625
4900,12.3989,1.0000
4901,12.2920,1.0000
4902,11.7990,0.9498
4903,14.1137,1.0000
4904,14.4633,1.0000
4905,14.9317,1.0000
4906,14.1393,1.0000
4907,13.5226,1.0000
4908,10.8882,0.7430
4909,8.3686,0.3287
4910,8.9990,0.4126
4911,9.3036,0.4575
4912,9.1100,0.4286
4913,9.9246,0.5588
4914,9.3830,0.4698
4915,9.5411,0.4947
4916,7.0629,0.1913
4917,8.6917,0.3701
4918,10.5062,0.6659
4919,9.1099,0.4286
4920,9.5208,0.4915
4921,8.5863,0.3563
4922,6.6791,0.1593
4923,7.1287,0.1971
4924,8.7556,0.3787
4925,9.0782,0.4240
4926,7.9924,0.2843
4927,6.8065,0.1695
4928,5.9195,0.1061
4929,7.2195,0.2053
4930,6.2532,0.1279
4931,7.0431,0.1895
4932,4.8122,0.0496
4933,5.4000,0.0767
4934,7.0826,0.1930
4935,6.3320,0.1334
4936,6.0388,0.1136
4937,5.1149,0.0628
4938,4.2551,0.0294
4939,3.9605,0.0206
4940,3.7533,0.0152
4941,3.7014,0.0139
4942,4.4006,0.0342
4943,4.9149,0.0539
4944,4.7279,0.0463
4945,4.9013,0.0533
4946,5.6313,0.0891
4947,5.7190,0.0941
4948,4.8511,0.0512
4949,4.2760,0.0301
4950,4.8097,0.0495
4951,3.9072,0.0192
4952,3.9247,0.0197
4953,2.9657,0.0000
4954,2.2674,0.0000
4955,1.8966,0.0000
4956,1.3556,0.0000
4957,1.3535,0.0000
4958,1.6404,0.0000
4959,1.8076,0.0000
4960,2.7063,0.0000
4961,2.7242,0.0000
4962,3.0655,0.0011
4963,2.0050,0.0000
4964,2.6653,0.0000
4965,2.7713,0.0000
4966,3.3344,0.0059
4967,3.6510,0.0127
4968,3.3525,0.0063
4969,2.2916,0.0000
4970,2.7523,0.0000
4971,3.1968,0.0033
4972,4.1763,0.0269
4973,4.8115,0.0496
4974,4.2103,0.0280
4975,6.4640,0.1429
4976,6.6229,0.1549
4977,4.5597,0.0399
4978,5.0662,0.0606
4979,5.4717,0.0804
4980,4.3797,0.0335
4981,5.1298,0.0635
4982,5.6962,0.0928
4983,5.5391,0.0840
4984,5.5217,0.0831
4985,6.8736,0.1750
4986,4.6657,0.0438
4987,5.6498,0.0901
4988,6.4057,0.1387
4989,5.9493,0.1079
4990,4.4564,0.0362
4991,4.6079,0.0416
4992,5.5115,0.0826
4993,5.8407,0.1013
4994,4.4927,0.0374
4995,4.4206,0.0349
4996,4.3766,0.0334
4997,3.9056,0.0192
4998,4.3813,0.0336
4999,2.5067,0.0000
5000,2.0393,0.0000
5001,2.1507,0.0000
5002,2.7933,0.0000
5003,2.8108,0.0000
5004,2.8949,0.0000
5005,3.0828,0.0014
5006,2.0985,0.0000
5007,1.9518,0.0000
5008,2.0627,0.0000
5009,2.2331,0.0000
5010,1.4793,0.0000
5011,0.8320,0.0000
5012,0.6988,0.0000
5013,0.5854,0.0000
5014,0.4418,0.0000
5015,0.7335,0.0000
5016,1.5287,0.0000
5017,2.0430,0.0000
5018,2.9195,0.0000
5019,2.7468,0.0000
5020,2.7985,0.0000
5021,1.9922,0.0000
5022,2.0836,0.0000
5023,2.5035,0.0000
5024,1.8773,0.0000
5025,2.2842,0.0000
5026,1.8456,0.0000
5027,1.9547,0.0000
5028,1.7810,0.0000
5029,1.8375,0.0000
5030,2.0202,0.0000
5031,2.0517,0.0000
5032,1.6697,0.0000
5033,1.7158,0.0000
5034,3.6247,0.0121
5035,6.2227,0.1258
5036,7.3448,0.2171
5037,7.8583,0.2694
5038,6.9135,0.1784
5039,8.1690,0.3046
5040,7.4552,0.2277
5041,7.4162,0.2239
5042,5.2741,0.0704
5043,5.5511,0.0847
5044,7.0083,0.1865
5045,7.9684,0.2816
5046,8.7452,0.3773
5047,7.9178,0.2759
5048,6.9022,0.1774
5049,6.6347,0.1558
5050,5.0916,0.0617
5051,5.3965,0.0765
5052,4.9455,0.0552
5053,6.7472,0.1647
5054,7.7093,0.2535
5055,8.7699,0.3807
5056,8.5617,0.3531
5057,9.5339,0.4936
5058,10.1851,0.6053
5059,9.7495,0.5289
5060,7.6408,0.2464
5061,6.5345,0.1482
5062,8.3117,0.3217
5063,8.3927,0.3317
5064,7.6675,0.2491
5065,7.3456,0.2171
5066,7.2942,0.2123
5067,8.7262,0.3748
5068,9.2809,0.4541
5069,10.1182,0.5931
5070,11.4119,0.8578
5071,11.4665,0.8704
5072,12.5145,1.0000
5073,11.7139,0.9291
5074,12.7525,1.0000
5075,13.2243,1.0000
5076,14.5251,1.0000
5077,13.8101,1.0000
5078,11.8941,0.9733
5079,12.6309,1.0000
5080,13.5561,1.0000
5081,14.2485,1.0000
5082,14.7040,1.0000
5083,15.3352,1.0000
5084,14.6627,1.0000
5085,13.5214,1.0000
5086,10.4703,0.6589
5087,10.8685,0.7389
5088,9.9025,0.5550
5089,8.7001,0.3713
5090,8.5996,0.3580
5091,8.0962,0.2961
5092,6.6386,0.1561
5093,5.7619,0.0966
5094,4.3919,0.0339
5095,3.8109,0.0167
5096,4.6354,0.0427
5097,4.3322,0.0319
5098,4.7146,0.0457
5099,4.8286,0.0503
5100,5.2475,0.0691
5101,5.4159,0.0775
5102,5.8824,0.1038
5103,5.0230,0.0586
5104,5.2322,0.0683
5105,6.5924,0.1526
5106,8.0598,0.2919
5107,6.9123,0.1783
5108,7.7912,0.2622
5109,7.3165,0.2144
5110,8.0284,0.2883
5111,7.0132,0.1869
5112,7.9698,0.2817
5113,7.3471,0.2173
5114,7.5470,0.2368
5115,7.1375,0.1979
5116,7.9526,0.2798
5117,7.1781,0.2016
5118,7.2602,0.2091
5119,7.4824,0.2304
5120,7.5566,0.2378
5121,8.9456,0.4050
5122,9.1926,0.4408
5123,8.1222,0.2991
5124,9.8423,0.5446
5125,9.7422,0.5277
5126,7.8391,0.2673
5127,6.4793,0.1440
5128,5.3985,0.0766
5129,5.2132,0.0674
5130,6.9515,0.1816
5131,5.4695,0.0803
5132,4.6637,0.0438
5133,5.5710,0.0858
5134,4.6684,0.0439
5135,3.4186,0.0076
5136,3.9601,0.0206
5137,4.1149,0.0251
5138,3.3226,0.0057
5139,4.7482,0.0471
5140,6.2812,0.1298
5141,8.4238,0.3355
5142,8.6071,0.3590
5143,8.6090,0.3592
5144,7.8328,0.2666
5145,10.9296,0.7517
5146,10.7982,0.7243
5147,9.5113,0.4900
5148,9.4908,0.4867
5149,8.8866,0.3967
5150,11.9033,0.9756
5151,10.5740,0.6792
5152,9.6227,0.5079
5153,10.0765,0.5856
5154,11.6976,0.9251
5155,12.7211,1.0000
5156,13.9785,1.0000
5157,13.2421,1.0000
5158,11.4691,0.8711
5159,12.4735,1.0000
5160,14.3525,1.0000
5161,12.7234,1.0000
5162,12.4589,1.0000
5163,11.3060,0.8337
5164,11.3675,0.8477
5165,8.8643,0.3936
5166,8.8862,0.3966
5167,7.9701,0.2818
5168,6.9304,0.1798
5169,7.0787,0.1926
5170,5.7893,0.0982
5171,6.6514,0.1571
5172,6.9948,0.1853
5173,6.9494,0.1814
5174,7.9451,0.2790
5175,7.7985,0.2630
5176,7.8535,0.2689
5177,8.2170,0.3103
5178,7.4716,0.2293
5179,9.2740,0.4530
5180,9.7868,0.5352
5181,8.0057,0.2858
5182,7.7829,0.2613
5183,8.7797,0.3820
5184,8.7023,0.3716
5185,10.3056,0.6276
5186,10.2620,0.6194
5187,9.5245,0.4921
5188,8.1542,0.3029
5189,7.2327,0.2066
5190,8.7440,0.3772
5191,9.3832,0.4698
5192,8.1817,0.3061
5193,7.2675,0.2098
5194,8.3253,0.3234
5195,7.9236,0.2766
5196,9.4643,0.4825
5197,10.9033,0.7462
5198,11.0956,0.7872
5199,10.2009,0.6082
5200,8.7216,0.3741
5201,7.2843,0.2114
5202,6.9090,0.1780
5203,8.7502,0.3780
5204,9.0608,0.4214
5205,9.5000,0.4882
5206,10.7816,0.7209
5207,13.4380,1.0000
5208,11.9138,0.9783
5209,12.2426,1.0000
5210,12.5819,1.0000
5211,13.2177,1.0000
5212,14.0205,1.0000
5213,13.6494,1.0000
5214,15.1563,1.0000
5215,16.1731,1.0000
5216,14.3973,1.0000
5217,14.1682,1.0000
5218,15.0059,1.0000
5219,15.0535,1.0000
5220,17.1706,1.0000
5221,16.0706,1.0000
5222,16.2707,1.0000
5223,16.0770,1.0000
5224,13.1059,1.0000
5225,12.3268,1.0000
5226,10.8479,0.7346
5227,11.3634,0.8467
5228,11.4276,0.8614
5229,12.0482,1.0000
5230,10.2646,0.6199
5231,9.4211,0.4757
5232,7.9737,0.2822
5233,7.0595,0.1910
5234,8.3786,0.3299
5235,9.1302,0.4316
5236,8.9915,0.4115
5237,6.1657,0.1219
5238,5.5552,0.0849
5239,7.0584,0.1909
5240,6.0329,0.1132
5241,6.1183,0.1188
5242,6.5715,0.1510
5243,6.2759,0.1294
5244,5.2857,0.0709
5245,6.4470,0.1417
5246,5.0167,0.0584
5247,4.9315,0.0546
5248,4.0607,0.0235
5249,3.8211,0.0169
5250,4.7839,0.0485
5251,4.6321,0.0426
5252,3.4423,0.0081
5253,1.5189,0.0000
5254,1.8863,0.0000
5255,2.8725,0.0000
5256,4.0207,0.0223
5257,2.9816,0.0000
5258,3.1733,0.0029
5259,3.2492,0.0043
5260,2.2165,0.0000
5261,1.2169,0.0000
5262,0.8766,0.0000
5263,0.5314,0.0000
5264,0.5837,0.0000
5265,0.9630,0.0000
5266,1.2600,0.0000
5267,1.4046,0.0000
5268,1.4064,0.0000
5269,1.6430,0.0000
5270,2.1269,0.0000
5271,2.3474,0.0000
5272,2.4713,0.0000
5273,2.9294,0.0000
5274,2.9354,0.0000
5275,1.9460,0.0000
5276,2.1260,0.0000
5277,1.5558,0.0000
5278,1.8927,0.0000
5279,1.4024,0.0000
5280,1.1622,0.0000
5281,1.3344,0.0000
5282,1.3266,0.0000
5283,2.1338,0.0000
5284,2.1446,0.0000
5285,1.4402,0.0000
5286,2.8202,0.0000
5287,4.0954,0.0245
5288,3.9147,0.0194
5289,2.7787,0.0000
5290,2.6648,0.0000
5291,3.3620,0.0065
5292,2.5665,0.0000
5293,2.7749,0.0000
5294,3.0801,0.0013
5295,2.4205,0.0000
5296,2.9267,0.0000
5297,2.0779,0.0000
5298,2.9984,0.0000
5299,2.1141,0.0000
5300,1.3087,0.0000
5301,0.9955,0.0000
5302,1.1801,0.0000
5303,1.1502,0.0000
5304,1.7426,0.0000
5305,1.6050,0.0000
5306,1.8435,0.0000
5307,1.5942,0.0000
5308,1.7097,0.0000
5309,1.7773,0.0000
5310,1.1647,0.0000
5311,1.9154,0.0000
5312,2.3688,0.0000
5313,2.8798,0.0000
5314,4.0173,0.0222
5315,4.3561,0.0327
5316,4.4207,0.0349
5317,4.8824,0.0525
5318,3.9886,0.0214
5319,3.8404,0.0174
5320,3.7559,0.0153
5321,4.3498,0.0325
5322,4.5833,0.0407
5323,3.7004,0.0139
5324,3.1896,0.0032
5325,2.9650,0.0000
5326,2.5324,0.0000
5327,2.2243,0.0000
5328,3.0217,0.0003
5329,2.5179,0.0000
5330,3.7228,0.0145
5331,2.7568,0.0000
5332,4.4122,0.0346
5333,4.3617,0.0329
5334,4.4524,0.0360
5335,3.1546,0.0026
5336,2.6753,0.0000
5337,2.5526,0.0000
5338,2.0584,0.0000
5339,1.9146,0.0000
5340,2.1211,0.0000
5341,1.9487,0.0000
5342,1.5175,0.0000
5343,2.0538,0.0000
5344,2.1720,0.0000
5345,2.4703,0.0000
5346,1.8232,0.0000
5347,1.6043,0.0000
5348,1.9606,0.0000
5349,1.7318,0.0000
5350,0.9136,0.0000
5351,1.0110,0.0000
5352,1.6636,0.0000
5353,2.0311,0.0000
5354,1.5750,0.0000
5355,2.5944,0.0000
5356,1.6290,0.0000
5357,1.1362,0.0000
5358,1.0430,0.0000
5359,1.3099,0.0000
5360,1.4145,0.0000
5361,1.6077,0.0000
5362,1.7388,0.0000
5363,1.7940,0.0000
5364,2.1859,0.0000
5365,2.9981,0.0000
5366,3.7880,0.0161
5367,3.5692,0.0109
5368,3.6266,0.0122
5369,4.6543,0.0434
5370,4.0893,0.0243
5371,4.0798,0.0240
5372,5.3905,0.0762
5373,6.1478,0.1207
5374,6.1021,0.1177
5375,6.3771,0.1366
5376,5.8192,0.1000
5377,8.1520,0.3026
5378,9.2904,0.4555
5379,10.6965,0.7036
5380,9.3989,0.4722
5381,9.8953,0.5537
5382,9.1131,0.4291
5383,8.6186,0.3605
5384,7.1824,0.2019
5385,6.3468,0.1344
5386,6.9978,0.1856
5387,8.5563,0.3524
5388,7.9910,0.2841
5389,6.7974,0.1688
5390,7.4144,0.2237
5391,7.9834,0.2833
5392,8.2697,0.3166
5393,8.3627,0.3280
5394,8.9164,0.4009
5395,6.6444,0.1566
5396,7.1691,0.2007
5397,6.5539,0.1496
5398,6.5513,0.1494
5399,5.7805,0.0977
5400,4.0732,0.0239
5401,4.0377,0.0228
5402,4.3974,0.0341
5403,3.8003,0.0164
5404,3.6458,0.0126
5405,2.9051,0.0000
5406,2.5679,0.0000
5407,2.1905,0.0000
5408,2.1506,0.0000
5409,1.8387,0.0000
5410,2.9462,0.0000
5411,2.5772,0.0000
5412,2.1243,0.0000
5413,2.9095,0.0000
5414,3.4327,0.0079
5415,4.0525,0.0233
5416,5.1686,0.0653
5417,5.1255,0.0633
5418,4.5710,0.0403
5419,4.6267,0.0424
5420,4.3840,0.0337
5421,3.8679,0.0181
5422,2.6147,0.0000
5423,3.8411,0.0174
5424,3.2022,0.0034
5425,4.2552,0.0294
5426,3.9196,0.0195
5427,4.3037,0.0310
5428,4.7708,0.0480
5429,5.3865,0.0760
5430,7.0455,0.1897
5431,9.2221,0.4452
5432,10.2966,0.6259
5433,8.5024,0.3455
5434,7.4820,0.2304
5435,9.2653,0.4517
5436,8.5417,0.3505
5437,7.7878,0.2618
5438,7.4555,0.2278
5439,6.1511,0.1209
5440,6.1726,0.1224
5441,6.8043,0.1693
5442,5.2111,0.0673
5443,5.8100,0.0994
5444,5.7527,0.0960
5445,5.6226,0.0886
5446,5.6009,0.0874
5447,6.0733,0.1158
5448,5.1252,0.0633
5449,5.4765,0.0807
5450,5.4768,0.0807
5451,5.0418,0.0595
5452,3.9265,0.0197
5453,3.6311,0.0123
5454,3.2707,0.0047
5455,3.2786,0.0048
5456,3.6332,0.0123
5457,4.6342,0.0426
5458,4.5570,0.0398
5459,5.3898,0.0762
5460,5.5538,0.0848
5461,5.6328,0.0892
5462,6.6838,0.1597
5463,6.8183,0.1705
5464,7.4696,0.2291
5465,9.3092,0.4584
5466,9.7958,0.5367
5467,8.8038,0.3853
5468,9.5240,0.4920
5469,8.5438,0.3508
5470,6.9058,0.1777
5471,7.9387,0.2783
5472,9.0175,0.4152
5473,8.2437,0.3135
5474,7.5447,0.2366
5475,9.3770,0.4689
5476,8.8650,0.3937
5477,7.8601,0.2696
5478,8.5604,0.3529
5479,8.4742,0.3419
5480,8.5125,0.3468
5481,9.7714,0.5326
5482,10.8692,0.7390
5483,9.3206,0.4601
5484,9.4781,0.4847
5485,8.0541,0.2913
5486,8.7448,0.3773
5487,9.2503,0.4495
5488,8.2173,0.3103
5489,9.5437,0.4952
5490,10.8337,0.7317
5491,12.7845,1.0000
5492,12.0827,1.0000
5493,13.0212,1.0000
5494,13.3367,1.0000
5495,13.5668,1.0000
5496,12.9507,1.0000
5497,13.0525,1.0000
5498,14.2099,1.0000
5499,14.8035,1.0000
5500,15.7660,1.0000
5501,15.3754,1.0000
5502,14.1518,1.0000
5503,15.2167,1.0000
5504,13.7495,1.0000
5505,13.7582,1.0000
5506,11.7016,0.9261
5507,12.0136,1.0000
5508,10.6392,0.6921
5509,12.0779,1.0000
5510,11.3575,0.8454
5511,11.4729,0.8719
5512,13.1413,1.0000
5513,12.2808,1.0000
5514,11.6933,0.9241
5515,10.3401,0.6341
5516,10.8739,0.7400
5517,9.9847,0.5693
5518,9.5754,0.5003
5519,9.7183,0.5237
5520,9.4821,0.4853
5521,10.0282,0.5770
5522,9.6570,0.5136
5523,9.4312,0.4773
5524,9.8809,0.5513
5525,9.1057,0.4280
5526,9.0009,0.4128
5527,11.3178,0.8364
5528,12.0785,1.0000
5529,13.0060,1.0000
5530,12.5492,1.0000
5531,12.6610,1.0000
5532,11.2025,0.8106
5533,10.4131,0.6479
5534,11.3140,0.8355
5535,10.1613,0.6009
5536,8.8849,0.3965
5537,8.2993,0.3202
5538,8.2200,0.3107
5539,8.0364,0.2893
5540,7.3284,0.2155
5541,9.2406,0.4480
5542,9.0841,0.4248
5543,8.8827,0.3962
5544,6.4273,0.1402
5545,4.3732,0.0333
5546,5.1049,0.0623
5547,4.4361,0.0354
5548,3.7487,0.0151
5549,4.1072,0.0249
5550,4.8113,0.0496
5551,4.4332,0.0353
5552,4.4613,0.0363
5553,3.1603,0.0027
5554,3.0178,0.0003
5555,3.4967,0.0093
5556,3.3888,0.0070
5557,4.3018,0.0309
5558,4.1146,0.0251
5559,3.7005,0.0139
5560,4.8494,0.0512
5561,4.0356,0.0228
5562,4.8334,0.0505
5563,3.8487,0.0176
5564,3.7353,0.0148
5565,2.3621,0.0000
5566,2.2052,0.0000
5567,2.6488,0.0000
5568,3.2138,0.0036
5569,3.9049,0.0191
5570,2.3624,0.0000
5571,1.4638,0.0000
5572,2.1594,0.0000
5573,3.0750,0.0012
5574,2.6652,0.0000
5575,2.5243,0.0000
5576,2.7662,0.0000
5577,2.6550,0.0000
5578,3.7967,0.0163
5579,2.8902,0.0000
5580,2.0917,0.0000
5581,2.3534,0.0000
5582,3.2264,0.0039
5583,3.8704,0.0182
5584,4.1295,0.0255
5585,5.6549,0.0904
5586,4.9646,0.0561
5587,4.7580,0.0475
5588,4.8128,0.0497
5589,4.6967,0.0450
5590,5.1981,0.0667
5591,4.1700,0.0268
5592,4.0830,0.0241
5593,6.4687,0.1433
5594,6.1271,0.1194
5595,6.9965,0.1855
5596,6.6255,0.1551
5597,7.0384,0.1891
5598,7.0907,0.1937
5599,8.1278,0.2998
5600,8.2720,0.3169
5601,8.9433,0.4046
5602,8.4946,0.3445
5603,7.4263,0.2249
5604,10.4310,0.6514
5605,10.7941,0.7235
5606,13.3860,1.0000
5607,15.3791,1.0000
5608,15.9944,1.0000
5609,15.8336,1.0000
5610,17.4837,1.0000
5611,14.8797,1.0000
5612,14.1877,1.0000
5613,14.1523,1.0000
5614,14.1901,1.0000
5615,13.1669,1.0000
5616,11.1016,0.7885
5617,11.3404,0.8415
5618,9.7618,0.5310
5619,10.7120,0.7067
5620,13.7844,1.0000
5621,13.0659,1.0000
5622,12.4178,1.0000
5623,11.0603,0.7795
5624,9.3864,0.4703
5625,9.0624,0.4217
5626,10.8302,0.7309
5627,11.0203,0.7710
5628,11.1333,0.7954
5629,10.1171,0.5929
5630,10.0461,0.5802
5631,11.5006,0.8784
5632,12.0381,1.0000
5633,11.2903,0.8302
5634,11.6820,0.9214
5635,10.9082,0.7472
5636,10.7921,0.7231
5637,11.4039,0.8560
5638,10.8570,0.7365
5639,10.9939,0.7653
5640,11.5828,0.8977
5641,10.0558,0.5819
5642,10.2558,0.6183
5643,8.5231,0.3481
5644,7.9436,0.2788
5645,9.2024,0.4423
5646,7.2238,0.2057
5647,6.0335,0.1133
5648,7.0959,0.1942
5649,8.4782,0.3424
5650,9.2677,0.4521
5651,10.2272,0.6130
5652,10.7942,0.7235
5653,10.5758,0.6795
5654,10.4528,0.6555
5655,9.0998,0.4271
5656,10.1944,0.6070
5657,10.8107,0.7269
5658,13.1441,1.0000
5659,12.3395,1.0000
5660,11.1192,0.7923
5661,12.0593,1.0000
5662,10.0383,0.5788
5663,11.4505,0.8667
5664,12.0596,1.0000
5665,9.0372,0.4180
5666,9.8032,0.5380
5667,10.1494,0.5988
5668,8.9486,0.4054
5669,11.4031,0.8558
5670,13.0437,1.0000
5671,11.7252,0.9318
5672,11.3205,0.8370
5673,9.9703,0.5668
5674,10.1909,0.6063
5675,10.3471,0.6354
5676,11.3044,0.8334
5677,10.5478,0.6740
5678,12.0477,1.0000
5679,11.6812,0.9212
5680,9.3252,0.4609
5681,11.2886,0.8298
5682,12.2374,1.0000
5683,12.8872,1.0000
5684,11.1658,0.8025
5685,9.0645,0.4220
5686,6.7311,0.1634
5687,7.3613,0.2186
5688,8.4186,0.3349
5689,8.7677,0.3804
5690,8.0981,0.2963
5691,8.7339,0.3758
5692,10.0441,0.5798
5693,9.0692,0.4227
5694,9.5258,0.4923
5695,10.1341,0.5960
5696,9.3811,0.4695
5697,5.9673,0.1090
5698,4.2421,0.0290
5699,4.7952,0.0489
5700,4.9861,0.0570
5701,4.8522,0.0513
5702,5.3704,0.0752
5703,6.0327,0.1132
5704,5.4516,0.0794
5705,6.3710,0.1362
5706,5.5389,0.0840
5707,5.5247,0.0833
5708,3.9736,0.0210
5709,4.3738,0.0333
5710,4.4794,0.0370
5711,5.4559,0.0796
5712,5.9704,0.1092
5713,6.3007,0.1312
5714,5.2624,0.0698
5715,6.6402,0.1563
5716,5.1002,0.0621
5717,4.0806,0.0241
5718,4.0403,0.0229
5719,4.1072,0.0249
5720,4.6465,0.0431
5721,3.4224,0.0077
5722,2.0702,0.0000
5723,2.1245,0.0000
5724,3.7658,0.0155
5725,3.7173,0.0143
5726,4.1173,0.0252
5727,4.4677,0.0366
5728,4.8482,0.0511
5729,4.5902,0.0410
5730,4.7285,0.0463
5731,6.9460,0.1811
5732,6.1589,0.1215
5733,4.4724,0.0367
5734,5.1525,0.0645
5735,5.0315,0.0590
5736,4.4513,0.0360
5737,4.4835,0.0371
5738,3.6990,0.0139
5739,4.4330,0.0353
5740,6.9709,0.1833
5741,6.4097,0.1389
5742,6.5544,0.1497
5743,6.2093,0.1249
5744,8.7708,0.3808
5745,9.0802,0.4243
5746,10.7128,0.7069
5747,11.0182,0.7705
5748,9.8906,0.5529
5749,9.8351,0.5434
5750,11.1135,0.7911
5751,11.0528,0.7779
5752,10.0200,0.5756
5753,11.9015,0.9752
5754,14.2464,1.0000
5755,14.0955,1.0000
5756,12.5456,1.0000
5757,12.4124,1.0000
5758,12.4256,1.0000
5759,12.2059,1.0000
5760,11.6215,0.9069
5761,11.4599,0.8689
5762,12.2570,1.0000
5763,10.7727,0.7191
5764,11.0810,0.7840
5765,11.3820,0.8510
5766,9.9554,0.5642
5767,9.9828,0.5690
5768,8.6650,0.3666
5769,7.1927,0.2029
5770,8.3361,0.3247
5771,8.1380,0.3010
5772,8.5171,0.3473
5773,10.0539,0.5816
5774,10.4188,0.6490
5775,9.5914,0.5029
5776,10.4182,0.6489
5777,8.7230,0.3743
5778,7.8970,0.2737
5779,7.9693,0.2817
5780,6.7383,0.1640
5781,7.9341,0.2778
5782,7.0957,0.1942
5783,5.6439,0.0898
5784,5.3707,0.0752
5785,5.3962,0.0765
5786,4.5300,0.0388
5787,4.6659,0.0438
5788,4.8926,0.0530
5789,6.4782,0.1440
5790,7.0140,0.1870
5791,6.3655,0.1358
5792,5.0675,0.0606
5793,6.8837,0.1759
5794,6.0186,0.1123
5795,4.2274,0.0285
5796,3.3580,0.0064
5797,2.8065,0.0000
5798,3.1382,0.0023
5799,3.1837,0.0031
5800,2.5675,0.0000
5801,2.4841,0.0000
5802,3.7812,0.0159
5803,4.4928,0.0374
5804,3.5371,0.0101
5805,4.9751,0.0565
5806,4.9072,0.0536
5807,3.4978,0.0093
5808,4.4561,0.0361
5809,4.6861,0.0446
5810,4.4121,0.0346
5811,5.8939,0.1045
5812,7.0075,0.1864
5813,7.7695,0.2598
5814,8.8621,0.3933
5815,8.4669,0.3410
5816,9.8707,0.5495
5817,7.6207,0.2443
5818,8.6839,0.3691
5819,9.1830,0.4394
5820,8.2804,0.3179
5821,8.7202,0.3740
5822,8.4229,0.3354
5823,8.1969,0.3079
5824,9.1086,0.4284
5825,8.0581,0.2917
5826,7.7448,0.2572
5827,7.1561,0.1996
5828,4.9220,0.0542
5829,5.4549,0.0795
5830,5.5239,0.0832
5831,5.9705,0.1092
5832,4.9905,0.0572
5833,3.0602,0.0010
5834,1.5828,0.0000
5835,1.8630,0.0000
5836,2.2457,0.0000
5837,1.7277,0.0000
5838,1.5800,0.0000
5839,1.5804,0.0000
5840,1.0399,0.0000
5841,1.5115,0.0000
5842,1.3254,0.0000
5843,2.3781,0.0000
5844,2.4869,0.0000
5845,2.6204,0.0000
5846,2.3405,0.0000
5847,2.5285,0.0000
5848,3.3183,0.0056
5849,2.4804,0.0000
5850,1.9871,0.0000
5851,2.3676,0.0000
5852,2.1067,0.0000
5853,2.0291,0.0000
5854,1.4679,0.0000
5855,2.8881,0.0000
5856,3.6196,0.0120
5857,2.3057,0.0000
5858,3.2999,0.0053
5859,2.4917,0.0000
5860,2.3766,0.0000
5861,1.3128,0.0000
5862,1.2107,0.0000
5863,0.8864,0.0000
5864,1.0632,0.0000
5865,1.6229,0.0000
5866,1.2395,0.0000
5867,1.9421,0.0000
5868,2.0621,0.0000
5869,2.3963,0.0000
5870,2.3868,0.0000
5871,2.0004,0.0000
5872,3.0049,0.0001
5873,2.8921,0.0000
5874,2.5505,0.0000
5875,2.7789,0.0000
5876,2.5599,0.0000
5877,2.5799,0.0000
5878,2.0851,0.0000
5879,1.9017,0.0000
5880,1.6479,0.0000
5881,2.2153,0.0000
5882,2.9124,0.0000
5883,4.9509,0.0555
5884,3.8612,0.0180
5885,4.3645,0.0330
5886,4.2116,0.0280
5887,3.1091,0.0018
5888,2.1275,0.0000
5889,3.1104,0.0018
5890,3.5740,0.0110
5891,3.2414,0.0041
5892,4.5003,0.0377
5893,6.7212,0.1626
5894,6.3261,0.1330
5895,5.7653,0.0968
5896,5.0510,0.0599
5897,4.6130,0.0418
5898,4.9441,0.0552
5899,4.4117,0.0346
5900,3.9610,0.0207
5901,3.6706,0.0132
5902,4.7004,0.0452
5903,4.7348,0.0465
5904,6.5068,0.1461
5905,8.2264,0.3114
5906,9.1747,0.4381
5907,11.9687,0.9921
5908,10.2647,0.6200
5909,10.2328,0.6140
5910,10.3842,0.6424
5911,12.2793,1.0000
5912,13.6739,1.0000
5913,15.5671,1.0000
5914,13.5811,1.0000
5915,11.2677,0.8251
5916,11.2223,0.8150
5917,13.9228,1.0000
5918,14.0872,1.0000
5919,13.7673,1.0000
5920,13.1708,1.0000
5921,13.5402,1.0000
5922,12.0556,1.0000
5923,13.5124,1.0000
5924,12.8582,1.0000
5925,11.4967,0.8775
5926,11.1764,0.8049
5927,12.4523,1.0000
5928,13.2375,1.0000
5929,13.0898,1.0000
5930,10.7603,0.7166
5931,9.5528,0.4966
5932,9.6289,0.5090
5933,9.7899,0.5357
5934,7.4719,0.2294
5935,6.9056,0.1777
5936,6.2386,0.1269
5937,5.8048,0.0991
5938,4.6737,0.0441
5939,3.6152,0.0119
5940,3.6186,0.0120
5941,2.9654,0.0000
5942,2.5682,0.0000
5943,3.1412,0.0023
5944,3.7397,0.0149
5945,4.3254,0.0317
5946,4.0468,0.0231
5947,3.9440,0.0202
5948,5.3366,0.0735
5949,6.9296,0.1798
5950,8.4865,0.3434
5951,7.7014,0.2527
5952,7.3421,0.2168
5953,7.3406,0.2167
5954,7.1185,0.1962
5955,6.3160,0.1322
5956,6.5983,0.1530
5957,6.2436,0.1272
5958,6.5779,0.1515
5959,5.9975,0.1110
5960,6.4577,0.1424
5961,7.5331,0.2354
5962,7.6931,0.2518
5963,7.3671,0.2192
5964,6.8478,0.1729
5965,5.8063,0.0992
5966,7.0554,0.1906
5967,8.7338,0.3758
5968,8.7009,0.3714
5969,7.6560,0.2479
5970,8.8070,0.3857
5971,10.5411,0.6727
5972,10.3902,0.6436
5973,11.0594,0.7794
5974,10.2977,0.6261
5975,9.9935,0.5709
5976,8.2811,0.3180
5977,6.9450,0.1811
5978,7.5020,0.2323
5979,7.0798,0.1928
5980,8.3394,0.3251
5981,8.7293,0.3752
5982,10.7202,0.7084
5983,12.2809,1.0000
5984,12.5244,1.0000
5985,12.5537,1.0000
5986,11.7828,0.9458
5987,10.2835,0.6234
5988,10.5141,0.6674
5989,9.4510,0.4804
5990,8.5342,0.3495
5991,10.3957,0.6446
5992,9.0947,0.4264
5993,8.3587,0.3275
5994,6.4662,0.1431
5995,6.5167,0.1468
5996,9.0346,0.4177
5997,10.3293,0.6320
5998,8.7354,0.3760
5999,8.2958,0.3198
6000,11.4075,0.8568
6001,10.5369,0.6719
6002,10.5763,0.6796
6003,10.3413,0.6343
6004,12.3293,1.0000
6005,12.7552,1.0000
6006,11.7129,0.9288
6007,11.5521,0.8904
6008,12.7248,1.0000
6009,13.4867,1.0000
6010,14.3965,1.0000
6011,15.2618,1.0000
6012,13.7884,1.0000
6013,12.5791,1.0000
6014,14.9635,1.0000
6015,13.4705,1.0000
6016,14.5600,1.0000
6017,14.1802,1.0000
6018,12.9027,1.0000
6019,12.4454,1.0000
6020,10.4572,0.6564
6021,11.0147,0.7697
6022,10.8463,0.7343
6023,9.6967,0.5201
6024,8.9588,0.4068
6025,7.2647,0.2095
6026,9.1645,0.4366
6027,7.8429,0.2677
6028,7.8257,0.2659
6029,8.2430,0.3134
6030,9.8831,0.5516
6031,8.5991,0.3579
6032,10.0488,0.5807
6033,12.4834,1.0000
6034,11.5471,0.8893
6035,10.5132,0.6672
6036,9.8481,0.5456
6037,9.7645,0.5315
6038,10.9524,0.7565
6039,8.9062,0.3994
6040,8.3519,0.3266
6041,9.1267,0.4310
6042,7.2842,0.2113
6043,6.7015,0.1611
6044,5.6938,0.0926
6045,5.7073,0.0934
6046,4.3288,0.0318
6047,3.7225,0.0145
6048,4.6496,0.0432
6049,4.3447,0.0323
6050,3.6559,0.0129
6051,4.2419,0.0290
6052,4.4282,0.0352
6053,4.1248,0.0254
6054,4.1252,0.0254
6055,2.7676,0.0000
6056,2.6777,0.0000
6057,3.1402,0.0023
6058,2.8578,0.0000
6059,3.9172,0.0195
6060,3.0901,0.0015
6061,4.1186,0.0252
6062,5.6412,0.0897
6063,5.4192,0.0777
6064,5.2334,0.0684
6065,6.2087,0.1248
6066,5.5848,0.0865
6067,5.1351,0.0637
6068,5.3061,0.0720
6069,5.7846,0.0979
6070,4.7000,0.0452
6071,6.1201,0.1189
6072,5.6848,0.0921
6073,5.1952,0.0666
6074,7.1865,0.2023
6075,7.6705,0.2494
6076,7.5650,0.2387
6077,7.6917,0.2517
6078,6.4901,0.1448
6079,8.5881,0.3565
6080,9.1246,0.4308
6081,9.6806,0.5175
6082,7.8278,0.2661
6083,7.8277,0.2661
6084,10.2100,0.6098
6085,9.2602,0.4510
6086,8.1791,0.3058
6087,9.7916,0.5360
6088,10.3544,0.6368
6089,10.3810,0.6418
6090,10.5961,0.6835
6091,9.7572,0.5302
6092,8.8383,0.3900
6093,9.1677,0.4371
6094,8.2677,0.3164
6095,7.5120,0.2333
6096,6.9405,0.1807
6097,7.0814,0.1929
6098,7.8819,0.2720
6099,9.4301,0.4771
6100,10.4503,0.6551
6101,11.4013,0.8554
6102,11.1952,0.8090
6103,12.3565,1.0000
6104,13.4493,1.0000
6105,13.2063,1.0000
6106,13.8769,1.0000
6107,12.7708,1.0000
6108,15.1352,1.0000
6109,14.9503,1.0000
6110,13.3040,1.0000
6111,12.2225,1.0000
6112,11.6244,0.9076
6113,10.8670,0.7386
6114,11.2584,0.8231
6115,12.3027,1.0000
6116,11.9539,0.9883
6117,12.8227,1.0000
6118,13.1714,1.0000
6119,13.9881,1.0000
6120,14.5146,1.0000
6121,13.6031,1.0000
6122,13.4007,1.0000
6123,11.9879,0.9969
6124,10.6953,0.7034
6125,9.9149,0.5571
6126,10.6278,0.6898
6127,10.1852,0.6053
6128,9.5729,0.4999
6129,9.0496,0.4198
6130,9.1271,0.4311
6131,8.6629,0.3663
6132,8.7757,0.3814
6133,9.2554,0.4502
6134,10.8960,0.7446
6135,11.2098,0.8122
6136,9.9215,0.5583
6137,8.6557,0.3654
6138,9.9136,0.5569
6139,11.0782,0.7834
6140,10.3672,0.6392
6141,11.7057,0.9271
6142,12.2621,1.0000
6143,11.6519,0.9141
6144,11.6398,0.9112
6145,12.4696,1.0000
6146,12.4908,1.0000
6147,12.6922,1.0000
6148,11.7345,0.9341
6149,11.7194,0.9304
6150,11.8057,0.9515
6151,12.2901,1.0000
6152,13.5067,1.0000
6153,14.9809,1.0000
6154,14.9791,1.0000
6155,14.9707,1.0000
6156,14.9450,1.0000
6157,13.9323,1.0000
6158,15.7436,1.0000
6159,16.0435,1.0000
6160,14.0120,1.0000
6161,14.6320,1.0000
6162,13.4127,1.0000
6163,12.5276,1.0000
6164,10.7917,0.7230
6165,12.5127,1.0000
6166,9.8793,0.5510
6167,9.1694,0.4374
6168,10.0247,0.5764
6169,10.3366,0.6334
6170,10.9021,0.7459
6171,11.1976,0.8095
6172,11.7948,0.9488
6173,11.4623,0.8695
6174,9.5407,0.4947
6175,10.1615,0.6010
6176,9.1829,0.4394
6177,9.4492,0.4801
6178,8.5579,0.3526
6179,7.6072,0.2429
6180,9.1678,0.4371
6181,8.6092,0.3593
6182,9.1585,0.4357
6183,9.4796,0.4849
6184,6.5536,0.1496
6185,6.3334,0.1335
6186,6.0326,0.1132
6187,5.7802,0.0977
6188,7.5682,0.2390
6189,9.6024,0.5046
6190,11.2088,0.8120
6191,11.0825,0.7844
6192,11.0168,0.7702
6193,8.7682,0.3804
6194,8.0026,0.2854
6195,10.1952,0.6071
6196,9.9256,0.5590
6197,10.0117,0.5741
6198,8.5005,0.3452
6199,9.1484,0.4342
6200,8.9225,0.4017
6201,10.1164,0.5928
6202,8.6371,0.3629
6203,6.6097,0.1539
6204,7.4480,0.2270
6205,7.0115,0.1868
6206,8.6576,0.3656
6207,8.3309,0.3240
6208,8.7806,0.3821
6209,7.3657,0.2191
6210,8.2074,0.3091
6211,9.5306,0.4931
6212,10.2931,0.6252
6213,12.8571,1.0000
6214,14.9153,1.0000
6215,15.2453,1.0000
6216,17.4393,1.0000
6217,17.2218,1.0000
6218,18.6052,1.0000
6219,17.1344,1.0000
6220,19.1709,1.0000
6221,17.1764,1.0000
6222,19.0708,1.0000
6223,20.1281,1.0000
6224,19.3314,1.0000
6225,19.8208,1.0000
6226,16.9139,1.0000
6227,16.3182,1.0000
6228,14.6302,1.0000
6229,14.4651,1.0000
6230,11.9565,0.9890
6231,14.0429,1.0000
6232,13.5626,1.0000
6233,13.8333,1.0000
6234,13.4233,1.0000
6235,13.9773,1.0000
6236,13.3546,1.0000
6237,10.4645,0.6578
6238,10.1031,0.5904
6239,10.2568,0.6185
6240,8.4841,0.3431
6241,11.3134,0.8354
6242,9.3245,0.4607
6243,9.4668,0.4829
6244,8.3426,0.3255
6245,8.0472,0.2905
6246,8.6320,0.3623
6247,8.8300,0.3889
6248,8.5199,0.3477
6249,9.7402,0.5274
6250,7.9713,0.2819
6251,6.9255,0.1794
6252,6.3238,0.1328
6253,7.0779,0.1926
6254,7.7491,0.2577
6255,5.5312,0.0836
6256,6.3401,0.1340
6257,5.6923,0.0926
6258,5.8925,0.1044
6259,5.8099,0.0994
6260,4.6679,0.0439
6261,4.5216,0.0385
6262,3.8988,0.0190
6263,4.2569,0.0295
6264,4.0821,0.0241
6265,4.7927,0.0488
6266,4.9923,0.0573
6267,4.3376,0.0321
6268,4.3764,0.0334
6269,4.9208,0.0542
6270,4.9454,0.0552
6271,5.1191,0.0630
6272,5.0014,0.0577
6273,6.2868,0.1302
6274,7.4263,0.2249
6275,7.6418,0.2465
6276,6.8303,0.1715
6277,7.9953,0.2846
6278,6.7515,0.1651
6279,5.1639,0.0651
6280,5.1090,0.0625
6281,5.6097,0.0879
6282,6.0144,0.1120
6283,5.9041,0.1051
6284,5.6832,0.0920
6285,6.1472,0.1207
6286,4.5857,0.0408
6287,5.4245,0.0780
6288,5.0001,0.0576
6289,6.7337,0.1636
6290,7.1574,0.1997
6291,8.2905,0.3191
6292,8.3944,0.3319
6293,9.9811,0.5687
6294,8.4923,0.3442
6295,8.3930,0.3317
6296,9.5736,0.5000
6297,9.4328,0.4775
6298,10.7131,0.7070
6299,11.2229,0.8151
6300,8.1995,0.3082
6301,8.2909,0.3192
6302,8.0400,0.2897
6303,7.5315,0.2353
6304,6.1886,0.1235
6305,5.7624,0.0966
6306,5.1910,0.0664
6307,3.5450,0.0103
6308,2.7674,0.0000
6309,4.3117,0.0313
6310,3.3433,0.0061
6311,2.6834,0.0000
6312,1.8603,0.0000
6313,1.7430,0.0000
6314,2.2621,0.0000
6315,2.4250,0.0000
6316,3.3136,0.0055
6317,4.4479,0.0359
6318,2.9161,0.0000
6319,2.4394,0.0000
6320,2.0427,0.0000
6321,2.7425,0.0000
6322,3.2864,0.0050
6323,2.8349,0.0000
6324,3.0389,0.0006
6325,2.9063,0.0000
6326,2.4008,0.0000
6327,2.0954,0.0000
6328,3.3257,0.0058
6329,3.9689,0.0209
6330,4.1218,0.0253
6331,4.8275,0.0503
6332,6.0017,0.1112
6333,5.2659,0.0700
6334,4.5914,0.0410
6335,4.9692,0.0563
6336,5.4329,0.0784
6337,6.8478,0.1729
6338,5.4651,0.0801
6339,5.9453,0.1077
6340,5.8844,0.1039
6341,7.1068,0.1951
6342,5.8258,0.1004
6343,6.5484,0.1492
6344,5.1261,0.0633
6345,4.8757,0.0523
6346,4.9665,0.0561
6347,4.0633,0.0236
6348,2.6040,0.0000
6349,2.8122,0.0000
6350,2.8686,0.0000
6351,3.6108,0.0118
6352,2.1194,0.0000
6353,1.7680,0.0000
6354,1.0153,0.0000
6355,0.8176,0.0000
6356,0.9606,0.0000
6357,1.4968,0.0000
6358,1.7231,0.0000
6359,2.7026,0.0000
6360,3.6647,0.0131
6361,6.1427,0.1204
6362,4.7689,0.0479
6363,4.0652,0.0236
6364,5.1892,0.0663
6365,4.5341,0.0389
6366,3.2190,0.0037
6367,2.4156,0.0000
6368,2.8102,0.0000
6369,2.7034,0.0000
6370,3.2099,0.0036
6371,2.5241,0.0000
6372,2.6817,0.0000
6373,3.2279,0.0039
6374,5.1244,0.0632
6375,5.3354,0.0734
6376,4.5621,0.0399
6377,4.4836,0.0371
6378,4.5883,0.0409
6379,3.9877,0.0214
6380,5.6319,0.0891
6381,6.0853,0.1166
6382,7.1900,0.2026
6383,5.9968,0.1109
6384,4.7692,0.0479
6385,3.4830,0.0090
6386,2.7847,0.0000
6387,2.4461,0.0000
6388,5.0962,0.0619
6389,3.8268,0.0171
6390,3.8767,0.0184
6391,5.6691,0.0912
6392,5.9955,0.1108
6393,7.0866,0.1934
6394,9.3243,0.4607
6395,9.8297,0.5425
6396,9.5396,0.4945
6397,9.6142,0.5066
6398,9.8834,0.5517
6399,8.9561,0.4065
6400,8.5536,0.3520
6401,10.2601,0.6191
6402,11.4757,0.8726
6403,12.3879,1.0000
6404,10.8568,0.7364
6405,9.6986,0.5205
6406,8.2059,0.3090
6407,8.7443,0.3772
6408,8.3194,0.3226
6409,7.5503,0.2372
6410,8.3739,0.3293
6411,9.4673,0.4830
6412,10.5565,0.6757
6413,12.2947,1.0000
6414,13.3018,1.0000
6415,15.3815,1.0000
6416,15.1840,1.0000
6417,13.8064,1.0000
6418,12.9215,1.0000
6419,11.5806,0.8972
6420,11.8292,0.9572
6421,9.8860,0.5521
6422,8.9163,0.4009
6423,6.9243,0.1793
6424,8.2650,0.3160
6425,9.8344,0.5433
6426,9.2183,0.4447
6427,8.7638,0.3798
6428,6.0636,0.1152
6429,6.1281,0.1194
6430,4.5227,0.0385
6431,4.7084,0.0455
6432,4.1503,0.0262
6433,3.9246,0.0197
6434,4.0428,0.0230
6435,4.2231,0.0284
6436,4.9118,0.0538
6437,4.3206,0.0315
6438,3.9890,0.0214
6439,4.3474,0.0324
6440,4.7938,0.0489
6441,4.7349,0.0465
6442,5.9613,0.1087
6443,5.9221,0.1062
6444,6.4819,0.1442
6445,7.3131,0.2141
6446,8.3853,0.3307
6447,10.0574,0.5822
6448,12.3517,1.0000
6449,11.4366,0.8635
6450,13.3129,1.0000
6451,14.0167,1.0000
6452,13.2765,1.0000
6453,10.6765,0.6996
6454,12.1253,1.0000
6455,10.8303,0.7309
6456,9.9437,0.5621
6457,10.2326,0.6140
6458,7.5673,0.2389
6459,7.0770,0.1925
6460,7.1946,0.2031
6461,7.0163,0.1872
6462,7.5708,0.2392
6463,7.6497,0.2473
6464,7.6181,0.2440
6465,6.7099,0.1617
6466,8.1582,0.3033
6467,8.2414,0.3132
6468,6.2416,0.1271
6469,6.5323,0.1480
6470,6.9713,0.1833
6471,6.3647,0.1357
6472,8.0151,0.2868
6473,8.5481,0.3513
6474,8.3780,0.3298
6475,9.6278,0.5088
6476,13.0950,1.0000
6477,13.0700,1.0000
6478,13.6250,1.0000
6479,13.5972,1.0000
6480,13.5516,1.0000
6481,13.4017,1.0000
6482,11.9609,0.9901
6483,12.0549,1.0000
6484,12.7541,1.0000
6485,12.1617,1.0000
6486,10.0973,0.5893
6487,9.4494,0.4802
6488,10.2454,0.6164
6489,9.9781,0.5682
6490,11.0581,0.7791
6491,7.7609,0.2589
6492,7.4790,0.2301
6493,8.0006,0.2852
6494,7.7097,0.2535
6495,7.2091,0.2044
6496,7.0637,0.1913
6497,6.5289,0.1477
6498,4.8803,0.0525
6499,5.1150,0.0628
6500,2.9763,0.0000
6501,1.8934,0.0000
6502,1.8707,0.0000
6503,1.1746,0.0000
6504,2.3054,0.0000
6505,1.7877,0.0000
6506,1.5492,0.0000
6507,1.5327,0.0000
6508,2.2287,0.0000
6509,1.9185,0.0000
6510,0.9503,0.0000
6511,0.7432,0.0000
6512,0.9458,0.0000
6513,0.8754,0.0000
6514,1.2055,0.0000
6515,0.5004,0.0000
6516,0.6458,0.0000
6517,1.0575,0.0000
6518,1.2823,0.0000
6519,1.2303,0.0000
6520,1.4104,0.0000
6521,1.5246,0.0000
6522,1.7139,0.0000
6523,1.5122,0.0000
6524,1.1269,0.0000
6525,0.8767,0.0000
6526,1.4534,0.0000
6527,1.5511,0.0000
6528,0.9636,0.0000
6529,1.1064,0.0000
6530,1.8310,0.0000
6531,1.4258,0.0000
6532,1.1581,0.0000
6533,2.0238,0.0000
6534,2.0785,0.0000
6535,3.7892,0.0161
6536,3.0975,0.0016
6537,2.7660,0.0000
6538,2.5803,0.0000
6539,3.4430,0.0081
6540,3.3491,0.0062
6541,4.9860,0.0570
6542,4.6613,0.0437
6543,5.4728,0.0805
6544,7.0744,0.1923
6545,6.4474,0.1417
6546,7.2609,0.2092
6547,7.6449,0.2468
6548,6.4950,0.1452
6549,6.9303,0.1798
6550,6.4010,0.1383
6551,6.9457,0.1811
6552,6.8562,0.1736
6553,6.7226,0.1627
6554,7.1943,0.2030
6555,6.5883,0.1522
6556,7.8540,0.2689
6557,7.9859,0.2835
6558,8.7095,0.3725
6559,10.1778,0.6039
6560,9.4553,0.4811
6561,10.4188,0.6490
6562,11.3008,0.8326
6563,11.9180,0.9793
6564,10.1245,0.5942
6565,10.6203,0.6883
6566,10.9568,0.7574
6567,9.9213,0.5583
6568,9.1681,0.4372
6569,7.7477,0.2575
6570,7.7674,0.2596
6571,7.4227,0.2245
6572,6.4100,0.1390
6573,5.8982,0.1048
6574,6.6653,0.1582
6575,6.4789,0.1440
6576,7.2387,0.2071
6577,8.9302,0.4028
6578,8.6932,0.3704
6579,8.1536,0.3028
6580,7.7684,0.2597
6581,8.5951,0.3574
6582,9.9912,0.5705
6583,10.5451,0.6735
6584,12.6771,1.0000
6585,11.8064,0.9516
6586,10.9914,0.7648
6587,10.9296,0.7517
6588,10.5948,0.6833
6589,11.5722,0.8952
6590,10.9015,0.7458
6591,10.3193,0.6301
6592,10.1279,0.5949
6593,8.7130,0.3730
6594,7.1372,0.1979
6595,7.5586,0.2380
6596,8.2683,0.3164
6597,8.0678,0.2928
6598,8.0076,0.2860
6599,8.1596,0.3035
6600,6.8051,0.1694
6601,7.0263,0.1881
6602,8.3540,0.3269
6603,10.4322,0.6516
6604,10.9706,0.7604
6605,11.5370,0.8869
6606,10.6793,0.7001
6607,11.0431,0.7759
6608,12.9826,1.0000
6609,12.2976,1.0000
6610,12.7148,1.0000
6611,11.9085,0.9769
6612,13.0095,1.0000
6613,12.6319,1.0000
6614,12.1046,1.0000
6615,10.7385,0.7121
6616,9.0013,0.4129
6617,8.5846,0.3561
6618,8.2791,0.3177
6619,7.6162,0.2438
6620,6.6925,0.1604
6621,7.1035,0.1948
6622,8.9220,0.4016
6623,8.0225,0.2877
6624,9.4264,0.4765
6625,7.8666,0.2703
6626,7.5773,0.2399
6627,7.8218,0.2655
6628,8.2873,0.3187
6629,8.6665,0.3668
6630,7.6905,0.2515
6631,8.0821,0.2945
6632,9.3176,0.4597
6633,8.5751,0.3548
6634,8.0829,0.2946
6635,7.6501,0.2473
6636,7.9646,0.2812
6637,9.8307,0.5427
6638,9.4749,0.4842
6639,10.3305,0.6323
6640,8.6089,0.3592
6641,7.9616,0.2808
6642,7.5401,0.2361
6643,7.6931,0.2518
6644,7.7459,0.2573
6645,8.0740,0.2936
6646,8.0063,0.2858
6647,9.0388,0.4183
6648,9.3715,0.4680
6649,7.0470,0.1899
6650,8.6145,0.3600
6651,10.0765,0.5856
6652,9.8470,0.5454
6653,11.2478,0.8207
6654,8.6265,0.3615
6655,7.8794,0.2717
6656,7.3089,0.2137
6657,7.6801,0.2504
6658,7.5050,0.2326
6659,8.3069,0.3211
6660,7.7489,0.2577
6661,7.5968,0.2419
6662,7.0466,0.1898
6663,9.8232,0.5414
6664,9.6933,0.5196
6665,9.7216,0.5243
6666,9.0607,0.4214
6667,9.8270,0.5420
6668,13.4143,1.0000
6669,14.2852,1.0000
6670,12.0670,1.0000
6671,10.9377,0.7534
6672,8.5379,0.3500
6673,7.1858,0.2023
6674,7.7779,0.2608
6675,8.0743,0.2936
6676,6.9712,0.1833
6677,6.0257,0.1128
6678,6.1229,0.1191
6679,6.4604,0.1426
6680,7.0875,0.1934
6681,6.7071,0.1615
6682,5.9022,0.1050
6683,3.7050,0.0140
6684,4.3547,0.0327
6685,3.5895,0.0113
6686,3.2403,0.0041
6687,4.5722,0.0403
6688,4.3328,0.0319
6689,4.4103,0.0346
6690,3.7792,0.0159
6691,3.3412,0.0061
6692,4.3137,0.0313
6693,4.8692,0.0520
6694,3.5804,0.0111
6695,4.2090,0.0280
6696,3.7710,0.0157
6697,3.4610,0.0085
6698,4.5427,0.0392
6699,4.8109,0.0496
6700,4.5224,0.0385
6701,3.5629,0.0107
6702,2.7770,0.0000
6703,3.9398,0.0201
6704,3.8014,0.0164
6705,3.0966,0.0016
6706,3.5388,0.0102
6707,4.2924,0.0306
6708,3.3347,0.0059
6709,2.6858,0.0000
6710,2.9143,0.0000
6711,2.3218,0.0000
6712,2.4804,0.0000
6713,2.6158,0.0000
6714,2.1247,0.0000
6715,2.6014,0.0000
6716,2.6769,0.0000
6717,1.8957,0.0000
6718,1.8247,0.0000
6719,2.4651,0.0000
6720,1.8778,0.0000
6721,1.7476,0.0000
6722,1.8597,0.0000
6723,2.6606,0.0000
6724,3.9454,0.0202
6725,4.5578,0.0398
6726,4.4372,0.0355
6727,3.6025,0.0116
6728,2.7338,0.0000
6729,3.4300,0.0079
6730,1.7045,0.0000
6731,2.0586,0.0000
6732,2.7329,0.0000
6733,3.2880,0.0050
6734,3.4307,0.0079
6735,3.2669,0.0046
6736,3.7125,0.0142
6737,3.4918,0.0092
6738,3.5827,0.0112
6739,3.1044,0.0017
6740,2.6558,0.0000
6741,2.0730,0.0000
6742,2.6865,0.0000
6743,2.7133,0.0000
6744,2.8767,0.0000
6745,2.7289,0.0000
6746,3.1879,0.0032
6747,2.9217,0.0000
6748,3.4065,0.0074
6749,3.8248,0.0170
6750,3.5614,0.0107
6751,4.0336,0.0227
6752,4.5080,0.0380
6753,3.6688,0.0132
6754,3.9773,0.0211
6755,3.4795,0.0089
6756,4.3737,0.0333
6757,4.4351,0.0354
6758,5.4025,0.0768
6759,6.7209,0.1626
6760,6.5461,0.1490
6761,7.2320,0.2065
6762,6.9682,0.1830
6763,6.7840,0.1677
6764,6.8351,0.1719
6765,7.3839,0.2208
6766,8.4809,0.3427
6767,7.4966,0.2318
6768,6.1383,0.1201
6769,5.8404,0.1012
6770,4.3282,0.0318
6771,3.8323,0.0172
6772,2.9963,0.0000
6773,3.3356,0.0059
6774,2.6561,0.0000
6775,2.0185,0.0000
6776,1.7006,0.0000
6777,1.5366,0.0000
6778,1.4025,0.0000
6779,1.6260,0.0000
6780,2.2013,0.0000
6781,2.7875,0.0000
6782,2.7690,0.0000
6783,2.1048,0.0000
6784,2.7980,0.0000
6785,2.7405,0.0000
6786,2.0325,0.0000
6787,2.1757,0.0000
6788,2.8112,0.0000
6789,4.0319,0.0227
6790,4.0220,0.0224
6791,3.2945,0.0051
6792,4.3527,0.0326
6793,3.3823,0.0069
6794,2.8844,0.0000
6795,2.6984,0.0000
6796,3.2372,0.0041
6797,3.4135,0.0075
6798,3.2173,0.0037
6799,2.3640,0.0000
6800,2.7895,0.0000
6801,1.8491,0.0000
6802,3.0468,0.0008
6803,2.6495,0.0000
6804,2.3884,0.0000
6805,2.2239,0.0000
6806,1.9678,0.0000
6807,3.5732,0.0109
6808,4.7051,0.0454
6809,4.4278,0.0352
6810,4.6581,0.0435
6811,5.5676,0.0856
6812,6.7152,0.1621
6813,5.6859,0.0922
6814,6.1154,0.1186
6815,8.1500,0.3024
6816,7.4887,0.2310
6817,6.7525,0.1651
6818,7.4743,0.2296
6819,7.4269,0.2250
6820,6.5959,0.1528
6821,6.1545,0.1212
6822,6.5275,0.1476
6823,6.7617,0.1659
6824,6.2238,0.1259
6825,6.8034,0.1693
6826,7.0524,0.1903
6827,7.1931,0.2029
6828,6.2447,0.1273
6829,7.3490,0.2175
6830,8.5532,0.3520
6831,8.5162,0.3472
6832,8.8396,0.3902
6833,9.0400,0.4184
6834,8.8173,0.3871
6835,10.1130,0.5922
6836,8.9450,0.4049
6837,7.4128,0.2236
6838,5.8492,0.1018
6839,5.2965,0.0715
6840,5.0299,0.0589
6841,5.2300,0.0682
6842,7.0200,0.1875
6843,8.9546,0.4062
6844,7.7478,0.2575
6845,7.8736,0.2711
6846,8.0795,0.2942
6847,6.4353,0.1408
6848,6.3806,0.1368
6849,6.0984,0.1175
6850,8.2474,0.3139
6851,8.4201,0.3351
6852,8.3969,0.3322
6853,9.2984,0.4568
6854,10.9826,0.7629
6855,9.5161,0.4907
6856,11.9034,0.9757
6857,11.5103,0.8806
6858,12.9026,1.0000
6859,14.0057,1.0000
6860,14.8950,1.0000
6861,15.1750,1.0000
6862,15.3218,1.0000
6863,14.4754,1.0000
6864,12.4431,1.0000
6865,11.9974,0.9993
6866,9.8399,0.5442
6867,9.9913,0.5705
6868,10.9494,0.7559
6869,10.6327,0.6908
6870,11.2187,0.8142
6871,12.0282,1.0000
6872,11.8865,0.9714
6873,12.0586,1.0000
6874,12.7805,1.0000
6875,12.2416,1.0000
6876,12.9230,1.0000
6877,10.9626,0.7587
6878,11.1213,0.7928
6879,10.2622,0.6195
6880,9.8682,0.5491
6881,12.1029,1.0000
6882,13.4502,1.0000
6883,14.7017,1.0000
6884,15.5411,1.0000
6885,14.7069,1.0000
6886,15.5670,1.0000
6887,14.6166,1.0000
6888,13.4203,1.0000
6889,13.9232,1.0000
6890,13.9992,1.0000
6891,12.6130,1.0000
6892,12.7086,1.0000
6893,12.3726,1.0000
6894,14.7061,1.0000
6895,14.8123,1.0000
6896,16.1146,1.0000
6897,14.3522,1.0000
6898,16.2728,1.0000
6899,13.6762,1.0000
6900,13.5520,1.0000
6901,12.9415,1.0000
6902,13.3553,1.0000
6903,13.6592,1.0000
6904,13.2630,1.0000
6905,12.2669,1.0000
6906,8.6769,0.3682
6907,9.2921,0.4558
6908,9.3582,0.4659
6909,7.6941,0.2519
6910,7.3998,0.2223
6911,8.0472,0.2905
6912,9.0134,0.4146
6913,7.7174,0.2543
6914,7.9160,0.2757
6915,8.0300,0.2885
6916,8.4184,0.3349
6917,9.0078,0.4138
6918,9.1857,0.4398
6919,7.6290,0.2452
6920,6.8107,0.1699
6921,9.3357,0.4625
6922,8.0114,0.2864
6923,8.0692,0.2930
6924,8.0936,0.2958
6925,9.1542,0.4351
6926,8.1254,0.2995
6927,8.5758,0.3549
6928,9.1779,0.4386
6929,10.0340,0.5780
6930,8.4921,0.3442
6931,8.3204,0.3228
6932,8.7740,0.3812
6933,8.5242,0.3483
6934,10.2632,0.6197
6935,10.4882,0.6624
6936,9.9048,0.5554
6937,10.0256,0.5765
6938,9.7816,0.5343
6939,8.7750,0.3813
6940,9.7493,0.5289
6941,9.7881,0.5354
6942,10.8030,0.7253
6943,10.6005,0.6844
6944,9.3418,0.4634
6945,9.1797,0.4389
6946,8.6845,0.3692
6947,9.8430,0.5448
6948,9.5559,0.4971
6949,8.2754,0.3173
6950,8.9661,0.4079
6951,8.2880,0.3188
6952,7.9937,0.2844
6953,8.0519,0.2910
6954,8.6226,0.3610
6955,7.7989,0.2630
6956,6.8939,0.1767
6957,7.0761,0.1924
6958,5.3711,0.0752
6959,5.5551,0.0849
6960,5.1511,0.0645
6961,5.5879,0.0867
6962,7.9267,0.2769
6963,5.9213,0.1062
6964,4.9909,0.0572
6965,4.9097,0.0537
6966,5.9631,0.1088
6967,5.9293,0.1067
6968,7.6370,0.2460
6969,7.1255,0.1968
6970,6.8789,0.1755
6971,7.7218,0.2548
6972,7.1061,0.1951
6973,7.8354,0.2669
6974,8.2764,0.3174
6975,9.3883,0.4706
6976,7.7894,0.2620
6977,8.4193,0.3350
6978,8.2333,0.3122
6979,7.6503,0.2474
6980,8.0781,0.2940
6981,10.0447,0.5799
6982,10.8504,0.7351
6983,8.7459,0.3774
6984,9.1743,0.4381
6985,9.7884,0.5355
6986,10.1561,0.6000
6987,9.3047,0.4577
6988,11.1916,0.8082
6989,9.7229,0.5245
6990,9.5430,0.4950
6991,9.9999,0.5720
6992,10.6812,0.7005
6993,11.0931,0.7866
6994,12.6782,1.0000
6995,11.2166,0.8137
6996,11.3452,0.8426
6997,11.9353,0.9837
6998,11.4432,0.8651
6999,12.2830,1.0000
7000,12.6188,1.0000
7001,12.2500,1.0000
7002,9.9972,0.5715
7003,10.8384,0.7326
7004,9.9340,0.5604
7005,8.9108,0.4001
7006,9.1008,0.4273
7007,8.4122,0.3341
7008,8.2077,0.3092
7009,6.7840,0.1677
7010,7.1189,0.1962
7011,6.4326,0.1406
7012,5.4864,0.0812
7013,7.3673,0.2192
7014,6.6661,0.1583
7015,7.0200,0.1875
7016,7.3646,0.2189
7017,5.6035,0.0876
7018,5.1744,0.0656
7019,4.9061,0.0536
7020,4.7380,0.0467
7021,3.6716,0.0132
7022,4.6714,0.0441
7023,2.8020,0.0000
7024,3.4613,0.0085
7025,2.5505,0.0000
7026,2.7743,0.0000
7027,3.8443,0.0175
7028,3.9926,0.0215
7029,4.7013,0.0452
7030,5.3553,0.0744
7031,4.2389,0.0289
7032,4.8748,0.0522
7033,2.9268,0.0000
7034,2.4637,0.0000
7035,3.0871,0.0014
7036,4.1209,0.0253
7037,5.1495,0.0644
7038,5.3443,0.0739
7039,4.3036,0.0310
7040,4.8536,0.0513
7041,4.1654,0.0266
7042,2.8165,0.0000
7043,3.2044,0.0035
7044,3.0972,0.0016
7045,2.0786,0.0000
7046,3.7083,0.0141
7047,4.2527,0.0293
7048,3.8690,0.0182
7049,2.9113,0.0000
7050,3.1939,0.0033
7051,3.3045,0.0053
7052,4.0100,0.0220
7053,5.1245,0.0632
7054,3.4905,0.0091
7055,3.8660,0.0181
7056,4.2911,0.0306
7057,3.6255,0.0121
7058,3.5882,0.0113
7059,5.5249,0.0833
7060,5.9956,0.1108
7061,5.1905,0.0663
7062,4.3479,0.0324
7063,5.3602,0.0747
7064,4.8351,0.0506
7065,5.6775,0.0917
7066,6.1402,0.1202
7067,6.6642,0.1581
7068,6.4278,0.1403
7069,4.3297,0.0318
7070,3.4308,0.0079
7071,4.0295,0.0226
7072,4.3978,0.0341
7073,4.8630,0.0517
7074,5.2335,0.0684
7075,7.4073,0.2231
7076,8.5784,0.3552
7077,9.7160,0.5233
7078,12.3471,1.0000
7079,10.7119,0.7067
7080,10.7726,0.7191
7081,11.6803,0.9209
7082,12.2498,1.0000
7083,12.0736,1.0000
7084,10.4438,0.6538
7085,11.6687,0.9182
7086,13.1345,1.0000
7087,16.3972,1.0000
7088,14.7595,1.0000
7089,14.0417,1.0000
7090,14.2757,1.0000
7091,14.8933,1.0000
7092,14.6682,1.0000
7093,12.1173,1.0000
7094,12.5910,1.0000
7095,12.6255,1.0000
7096,11.2176,0.8140
7097,11.7109,0.9283
7098,11.4012,0.8554
7099,12.4662,1.0000
7100,10.5517,0.6748
7101,7.8149,0.2647
7102,10.3316,0.6325
7103,10.8080,0.7263
7104,10.7518,0.7148
7105,9.6681,0.5154
7106,9.9846,0.5693
7107,10.7039,0.7051
7108,10.1078,0.5912
7109,10.7970,0.7241
7110,13.3108,1.0000
7111,13.6100,1.0000
7112,13.5113,1.0000
7113,10.9207,0.7498
7114,11.0617,0.7798
7115,9.8847,0.5519
7116,9.7858,0.5350
7117,9.9177,0.5576
7118,9.8247,0.5416
7119,9.8697,0.5493
7120,9.5172,0.4909
7121,10.9190,0.7494
7122,10.2852,0.6238
7123,9.8296,0.5425
7124,10.2022,0.6084
7125,11.0898,0.7859
7126,11.0897,0.7859
7127,9.3202,0.4601
7128,7.6005,0.2422
7129,6.7299,0.1633
7130,6.8268,0.1712
7131,8.6092,0.3593
7132,9.4741,0.4841
7133,9.6492,0.5123
7134,10.3392,0.6339
7135,9.8792,0.5510
7136,10.0315,0.5776
7137,12.0072,1.0000
7138,12.4323,1.0000
7139,12.8206,1.0000
7140,12.7380,1.0000
7141,11.8852,0.9711
7142,12.5881,1.0000
7143,11.2383,0.8186
7144,10.5774,0.6798
7145,8.1643,0.3041
7146,10.3520,0.6363
7147,8.6522,0.3649
7148,10.0334,0.5779
7149,9.5930,0.5031
7150,9.9042,0.5553
7151,9.8187,0.5406
7152,7.7774,0.2607
7153,7.1340,0.1976
7154,5.0690,0.0607
7155,4.0986,0.0246
7156,3.1824,0.0031
7157,2.7611,0.0000
7158,2.7415,0.0000
7159,3.2009,0.0034
7160,4.4250,0.0351
7161,4.6374,0.0428
7162,5.2715,0.0702
7163,5.4572,0.0797
7164,4.4921,0.0374
7165,4.9157,0.0540
7166,5.6412,0.0897
7167,6.3186,0.1324
7168,6.3181,0.1324
7169,7.9356,0.2779
7170,8.4458,0.3383
7171,8.9626,0.4074
7172,7.2839,0.2113
7173,7.7114,0.2537
7174,9.0953,0.4265
7175,11.0162,0.7701
7176,10.2053,0.6090
7177,10.1468,0.5983
7178,10.0548,0.5817
7179,9.2110,0.4436
7180,8.6896,0.3699
7181,7.9830,0.2832
7182,8.1096,0.2977
7183,8.0283,0.2883
7184,9.0032,0.4132
7185,8.2350,0.3124
7186,9.6017,0.5045
7187,9.8364,0.5436
7188,10.0578,0.5823
7189,9.0810,0.4244
7190,7.2744,0.2104
7191,7.0838,0.1931
7192,7.6713,0.2495
7193,7.3262,0.2153
7194,6.9636,0.1826
7195,7.0700,0.1919
7196,7.1367,0.1978
7197,6.7612,0.1658
7198,6.0341,0.1133
7199,6.0559,0.1147
7200,5.1346,0.0637
7201,4.1218,0.0253
7202,5.1140,0.0628
7203,3.6598,0.0129
7204,4.0228,0.0224
7205,3.4042,0.0073
7206,2.7946,0.0000
7207,3.4836,0.0090
7208,5.0393,0.0594
7209,3.6877,0.0136
7210,2.4823,0.0000
7211,3.1579,0.0026
7212,3.3487,0.0062
7213,4.1579,0.0264
7214,3.6132,0.0119
7215,2.4899,0.0000
7216,2.3183,0.0000
7217,2.8762,0.0000
7218,1.9277,0.0000
7219,2.6023,0.0000
7220,2.4051,0.0000
7221,2.7295,0.0000
7222,2.9082,0.0000
7223,2.5694,0.0000
7224,3.4143,0.0075
7225,4.9075,0.0536
7226,4.3634,0.0330
7227,6.5523,0.1495
7228,6.8784,0.1754
7229,8.0834,0.2946
7230,7.2728,0.2103
7231,7.4727,0.2294
7232,7.6446,0.2468
7233,8.6851,0.3693
7234,9.6302,0.5092
7235,8.2026,0.3086
7236,7.4272,0.2250
7237,7.6659,0.2490
7238,8.1243,0.2994
7239,7.8567,0.2692
7240,8.0675,0.2928
7241,8.6232,0.3611
7242,8.0610,0.2921
7243,9.8964,0.5539
7244,9.6451,0.5116
7245,8.9843,0.4105
7246,8.8128,0.3865
7247,8.3756,0.3295
7248,8.4593,0.3400
7249,7.2875,0.2117
7250,7.5543,0.2376
7251,7.1302,0.1972
7252,6.5155,0.1467
7253,6.3129,0.1320
7254,6.1004,0.1176
7255,5.5277,0.0834
7256,4.1791,0.0270
7257,3.4857,0.0090
7258,4.1754,0.0269
7259,4.0250,0.0225
7260,2.9933,0.0000
7261,2.6126,0.0000
7262,2.5442,0.0000
7263,2.9270,0.0000
7264,3.2951,0.0052
7265,2.8957,0.0000
7266,2.3164,0.0000
7267,1.1000,0.0000
7268,1.5334,0.0000
7269,1.7754,0.0000
7270,3.0737,0.0012
7271,3.9879,0.0214
7272,2.8771,0.0000
7273,2.6693,0.0000
7274,2.9892,0.0000
7275,2.8039,0.0000
7276,3.5729,0.0109
7277,4.4885,0.0373
7278,4.7663,0.0478
7279,4.9589,0.0558
7280,4.3235,0.0316
7281,5.2759,0.0705
7282,5.4931,0.0816
7283,3.9288,0.0198
7284,4.1278,0.0255
7285,4.3438,0.0323
7286,5.2400,0.0687
7287,3.9798,0.0212
7288,3.1726,0.0029
7289,1.6646,0.0000
7290,2.4959,0.0000
7291,3.4125,0.0075
7292,2.7630,0.0000
7293,2.8034,0.0000
7294,3.5490,0.0104
7295,4.6753,0.0442
7296,4.9147,0.0539
7297,4.2963,0.0307
7298,4.0298,0.0226
7299,4.0623,0.0235
7300,3.7165,0.0143
7301,2.9871,0.0000
7302,2.7777,0.0000
7303,3.2367,0.0041
7304,3.2402,0.0041
7305,3.4205,0.0077
7306,1.9741,0.0000
7307,1.8925,0.0000
7308,2.7963,0.0000
7309,3.6846,0.0135
7310,3.9237,0.0196
7311,3.1802,0.0030
7312,3.5865,0.0112
7313,4.5662,0.0401
7314,5.0260,0.0588
7315,4.6042,0.0415
7316,4.1446,0.0260
7317,3.3248,0.0057
7318,2.6470,0.0000
7319,1.7303,0.0000
7320,2.0160,0.0000
7321,2.0525,0.0000
7322,2.1084,0.0000
7323,2.2075,0.0000
7324,1.8491,0.0000
7325,1.5622,0.0000
7326,1.4043,0.0000
7327,1.1096,0.0000
7328,1.0332,0.0000
7329,1.0810,0.0000
7330,1.0779,0.0000
7331,0.4964,0.0000
7332,0.6956,0.0000
7333,1.7041,0.0000
7334,1.8308,0.0000
7335,2.0114,0.0000
7336,2.3822,0.0000
7337,2.1465,0.0000
7338,2.4457,0.0000
7339,2.2294,0.0000
7340,3.7094,0.0141
7341,5.8648,0.1027
7342,5.2356,0.0685
7343,7.4679,0.2290
7344,6.4419,0.1413
7345,7.7414,0.2569
7346,8.0673,0.2928
7347,9.3644,0.4669
7348,9.9956,0.5712
7349,10.4516,0.6553
7350,11.8244,0.9561
7351,11.1982,0.8097
7352,11.4265,0.8612
7353,12.3211,1.0000
7354,12.6508,1.0000
7355,11.3798,0.8505
7356,12.3509,1.0000
7357,13.3250,1.0000
7358,12.0090,1.0000
7359,14.2965,1.0000
7360,12.6999,1.0000
7361,12.1020,1.0000
7362,11.4327,0.8626
7363,11.5615,0.8926
7364,14.5294,1.0000
7365,15.5322,1.0000
7366,14.7295,1.0000
7367,15.7838,1.0000
7368,15.0332,1.0000
7369,15.9587,1.0000
7370,16.5244,1.0000
7371,17.3416,1.0000
7372,15.5681,1.0000
7373,15.2660,1.0000
7374,15.6713,1.0000
7375,13.9758,1.0000
7376,15.2901,1.0000
7377,14.8619,1.0000
7378,14.2841,1.0000
7379,13.5890,1.0000
7380,11.9727,0.9931
7381,9.8535,0.5466
7382,10.5349,0.6715
7383,9.1758,0.4383
7384,6.2825,0.1299
7385,6.9669,0.1829
7386,6.5308,0.1479
7387,7.8414,0.2676
7388,8.7256,0.3747
7389,9.4070,0.4735
7390,9.7355,0.5266
7391,10.6977,0.7039
7392,10.9927,0.7650
7393,9.6719,0.5160
7394,8.5701,0.3542
7395,9.8887,0.5526
7396,12.3471,1.0000
7397,13.6849,1.0000
7398,14.2292,1.0000
7399,16.6191,1.0000
7400,18.6032,1.0000
7401,17.6393,1.0000
7402,19.8945,1.0000
7403,20.2337,1.0000
7404,19.4643,1.0000
7405,20.1600,1.0000
7406,19.9933,1.0000
7407,17.5583,1.0000
7408,17.5273,1.0000
7409,18.9418,1.0000
7410,17.4962,1.0000
7411,16.6362,1.0000
7412,14.3261,1.0000
7413,13.7879,1.0000
7414,12.5346,1.0000
7415,12.1116,1.0000
7416,13.1427,1.0000
7417,12.8297,1.0000
7418,12.6791,1.0000
7419,10.8457,0.7341
7420,10.6548,0.6952
7421,10.3409,0.6342
7422,10.9776,0.7618
7423,10.7581,0.7161
7424,9.0191,0.4154
7425,11.8786,0.9695
7426,12.5336,1.0000
7427,9.7094,0.5222
7428,9.6740,0.5164
7429,9.6244,0.5082
7430,8.9198,0.4013
7431,6.5124,0.1465
7432,6.1595,0.1215
7433,5.6558,0.0905
7434,7.6621,0.2486
7435,7.6730,0.2497
7436,8.1260,0.2996
7437,7.4906,0.2312
7438,6.2705,0.1291
7439,7.4861,0.2308
7440,8.3665,0.3284
7441,7.3309,0.2157
7442,6.3150,0.1322
7443,5.8444,0.1015
7444,4.6953,0.0450
7445,4.2314,0.0287
7446,2.6155,0.0000
7447,3.1497,0.0025
7448,2.4947,0.0000
7449,3.0301,0.0005
7450,2.8849,0.0000
7451,5.1022,0.0622
7452,5.6497,0.0901
7453,5.8114,0.0995
7454,5.4067,0.0770
7455,4.1781,0.0270
7456,3.9699,0.0209
7457,3.5614,0.0107
7458,4.0270,0.0225
7459,5.8876,0.1041
7460,5.8889,0.1042
7461,5.1953,0.0666
7462,7.3313,0.2158
7463,8.8506,0.3917
7464,9.2363,0.4473
7465,7.1347,0.1976
7466,7.0933,0.1939
7467,7.3707,0.2195
7468,7.8280,0.2661
7469,7.3427,0.2169
7470,8.0718,0.2933
7471,8.4527,0.3392
7472,6.4407,0.1412
7473,4.0582,0.0234
7474,3.8655,0.0181
7475,4.0697,0.0238
7476,4.4177,0.0348
7477,4.9963,0.0574
7478,6.5025,0.1458
7479,6.7998,0.1690
7480,7.5144,0.2336
7481,9.8313,0.5428
7482,8.7084,0.3724
7483,9.1280,0.4312
7484,9.8371,0.5438
7485,11.3449,0.8425
7486,10.5831,0.6810
7487,10.7040,0.7051
7488,9.7730,0.5329
7489,10.8939,0.7442
7490,12.2742,1.0000
7491,13.1039,1.0000
7492,14.2202,1.0000
7493,14.6731,1.0000
7494,14.1357,1.0000
7495,11.7812,0.9454
7496,10.3152,0.6294
7497,9.5400,0.4946
7498,9.4027,0.4728
7499,8.3414,0.3253
7500,9.0588,0.4211
7501,11.0539,0.7782
7502,10.8479,0.7346
7503,9.9788,0.5683
7504,8.4817,0.3428
7505,8.6428,0.3637
7506,7.6293,0.2452
7507,7.9088,0.2750
7508,5.9342,0.1070
7509,3.2262,0.0039
7510,3.2465,0.0042
7511,4.5299,0.0388
7512,4.0935,0.0245
7513,4.2548,0.0294
7514,3.8547,0.0178
7515,2.9917,0.0000
7516,3.6295,0.0122
7517,4.7436,0.0469
7518,4.0696,0.0237
7519,4.1890,0.0273
7520,3.5208,0.0098
7521,3.2608,0.0045
7522,4.4879,0.0373
7523,5.3423,0.0738
7524,5.4771,0.0807
7525,4.9235,0.0543
7526,5.0966,0.0620
7527,3.1156,0.0019
7528,3.4283,0.0078
7529,3.8357,0.0173
7530,3.0314,0.0005
7531,3.2877,0.0050
7532,2.5492,0.0000
7533,3.5009,0.0094
7534,4.2677,0.0298
7535,5.3666,0.0750
7536,6.6990,0.1609
7537,6.3092,0.1318
7538,4.6667,0.0439
7539,4.5505,0.0395
7540,4.1358,0.0257
7541,4.0125,0.0221
7542,4.6843,0.0446
7543,5.2838,0.0708
7544,5.3414,0.0737
7545,6.6121,0.1541
7546,8.3856,0.3308
7547,6.9981,0.1856
7548,8.8791,0.3957
7549,7.7037,0.2529
7550,7.6055,0.2428
7551,7.5804,0.2402
7552,6.9137,0.1784
7553,6.4072,0.1388
7554,7.8083,0.2640
7555,7.5782,0.2400
7556,8.7073,0.3722
7557,8.6421,0.3636
7558,8.1222,0.2991
7559,6.8142,0.1701
7560,7.2338,0.2067
7561,6.8504,0.1731
7562,6.5317,0.1480
7563,6.5206,0.1471
7564,6.3961,0.1380
7565,6.4437,0.1414
7566,5.7363,0.0951
7567,4.7888,0.0487
7568,4.7333,0.0465
7569,4.4615,0.0363
7570,3.7133,0.0142
7571,4.9957,0.0574
7572,6.4640,0.1429
7573,7.0625,0.1912
7574,7.4992,0.2321
7575,10.5217,0.6689
7576,10.5620,0.6768
7577,10.6531,0.6949
7578,10.1324,0.5957
7579,12.1874,1.0000
7580,12.2142,1.0000
7581,12.1005,1.0000
7582,12.2700,1.0000
7583,11.7355,0.9343
7584,12.6822,1.0000
7585,12.2204,1.0000
7586,12.8331,1.0000
7587,13.3846,1.0000
7588,12.7350,1.0000
7589,11.1893,0.8077
7590,10.2141,0.6106
7591,10.9611,0.7583
7592,8.3414,0.3253
7593,7.8000,0.2631
7594,9.8086,0.5389
7595,11.1705,0.8036
7596,11.8102,0.9525
7597,14.0965,1.0000
7598,17.1540,1.0000
7599,17.5963,1.0000
7600,18.2831,1.0000
7601,16.4398,1.0000
7602,17.4299,1.0000
7603,16.3974,1.0000
7604,15.3443,1.0000
7605,13.8548,1.0000
7606,13.4346,1.0000
7607,15.9304,1.0000
7608,14.2014,1.0000
7609,15.8243,1.0000
7610,14.3889,1.0000
7611,15.4279,1.0000
7612,16.2625,1.0000
7613,17.8891,1.0000
7614,18.6440,1.0000
7615,18.1412,1.0000
7616,20.8017,1.0000
7617,20.9828,1.0000
7618,20.4690,1.0000
7619,21.0750,1.0000
7620,21.2818,1.0000
7621,20.9943,1.0000
7622,21.8687,1.0000
7623,19.8229,1.0000
7624,20.6883,1.0000
7625,20.4855,1.0000
7626,19.7305,1.0000
7627,19.8436,1.0000
7628,16.3860,1.0000
7629,17.6968,1.0000
7630,15.4559,1.0000
7631,15.6802,1.0000
7632,15.0221,1.0000
7633,15.6540,1.0000
7634,16.4958,1.0000
7635,14.6581,1.0000
7636,12.7425,1.0000
7637,13.3396,1.0000
7638,14.7735,1.0000
7639,13.7716,1.0000
7640,14.6294,1.0000
7641,14.9713,1.0000
7642,14.1252,1.0000
7643,12.7974,1.0000
7644,14.0033,1.0000
7645,14.3114,1.0000
7646,14.5042,1.0000
7647,14.6710,1.0000
7648,13.7719,1.0000
7649,10.1124,0.5921
7650,7.3341,0.2160
7651,9.1358,0.4324
7652,8.6667,0.3668
7653,8.2568,0.3151
7654,8.3093,0.3214
7655,7.3146,0.2142
7656,7.6755,0.2500
7657,7.9229,0.2765
7658,10.4911,0.6629
7659,9.9837,0.5691
7660,9.2197,0.4449
7661,8.4624,0.3404
7662,8.6196,0.3606
7663,11.7298,0.9329
7664,12.0521,1.0000
7665,12.0412,1.0000
7666,13.6398,1.0000
7667,15.3529,1.0000
7668,13.4833,1.0000
7669,12.1369,1.0000
7670,12.1004,1.0000
7671,12.2474,1.0000
7672,12.4359,1.0000
7673,13.3827,1.0000
7674,11.1965,0.8093
7675,11.2131,0.8130
7676,10.3633,0.6384
7677,10.6294,0.6901
7678,10.3361,0.6333
7679,9.4396,0.4786
7680,10.5209,0.6688
7681,9.6900,0.5190
7682,9.0509,0.4200
7683,8.4527,0.3392
7684,5.6180,0.0884
7685,5.3540,0.0744
7686,4.9194,0.0541
7687,6.2960,0.1308
7688,4.2386,0.0289
7689,3.5511,0.0105
7690,5.2005,0.0668
7691,3.8872,0.0187
7692,4.0678,0.0237
7693,4.4674,0.0365
7694,3.5364,0.0101
7695,2.9507,0.0000
7696,2.7037,0.0000
7697,3.0114,0.0002
7698,3.2994,0.0052
7699,3.8440,0.0175
7700,4.9865,0.0570
7701,5.5232,0.0832
7702,3.4658,0.0086
7703,3.5447,0.0103
7704,4.0941,0.0245
7705,3.5877,0.0113
7706,4.5703,0.0402
7707,3.6541,0.0128
7708,3.4131,0.0075
7709,3.3951,0.0071
7710,3.2243,0.0038
7711,2.7262,0.0000
7712,2.6224,0.0000
7713,2.2891,0.0000
7714,2.0991,0.0000
7715,1.2856,0.0000
7716,1.0414,0.0000
7717,1.4806,0.0000
7718,2.1979,0.0000
7719,3.0345,0.0006
7720,2.6195,0.0000
7721,2.7360,0.0000
7722,4.3752,0.0334
7723,4.8082,0.0495
7724,6.7454,0.1646
7725,8.8261,0.3883
7726,9.1941,0.4410
7727,7.5864,0.2408
7728,8.1265,0.2996
7729,9.1825,0.4393
7730,7.6687,0.2493
7731,7.2789,0.2109
7732,7.5347,0.2356
7733,7.4613,0.2283
7734,10.1626,0.6012
7735,9.7641,0.5314
7736,10.0869,0.5875
7737,9.5396,0.4945
7738,10.6970,0.7037
7739,9.8886,0.5526
7740,10.4421,0.6535
7741,11.6936,0.9242
7742,13.1854,1.0000
7743,14.1326,1.0000
7744,13.7858,1.0000
7745,13.3588,1.0000
7746,12.0943,1.0000
7747,10.9931,0.7651
7748,9.2281,0.4461
7749,8.8407,0.3903
7750,8.6547,0.3652
7751,9.1297,0.4315
7752,9.0542,0.4205
7753,5.6958,0.0928
7754,4.4874,0.0372
7755,4.9061,0.0536
7756,4.1641,0.0266
7757,4.7872,0.0486
7758,5.0212,0.0586
7759,4.3048,0.0310
7760,4.5994,0.0413
7761,4.4659,0.0365
7762,3.6207,0.0120
7763,4.1765,0.0270
7764,6.4537,0.1421
7765,7.6322,0.2455
7766,7.3451,0.2171
7767,8.6700,0.3673
7768,8.8166,0.3870
7769,8.7336,0.3758
7770,9.4716,0.4837
7771,9.0832,0.4247
7772,8.2470,0.3139
7773,6.5272,0.1476
7774,6.8502,0.1731
7775,7.8505,0.2686
7776,7.5768,0.2398
7777,8.5419,0.3505
7778,7.4923,0.2314
7779,7.9803,0.2829
7780,6.7607,0.1658
7781,6.3838,0.1371
7782,6.2015,0.1243
7783,5.0679,0.0606
7784,3.9524,0.0204
7785,3.5338,0.0101
7786,3.3866,0.0070
7787,2.6759,0.0000
7788,2.0633,0.0000
7789,1.0019,0.0000
7790,1.0440,0.0000
7791,1.5197,0.0000
7792,1.6719,0.0000
7793,1.5181,0.0000
7794,1.7234,0.0000
7795,2.3712,0.0000
7796,1.5316,0.0000
7797,2.4097,0.0000
7798,2.1854,0.0000
7799,3.1902,0.0032
7800,2.0850,0.0000
7801,1.9656,0.0000
7802,1.8851,0.0000
7803,1.5505,0.0000
7804,1.3514,0.0000
7805,1.1795,0.0000
7806,1.4582,0.0000
7807,1.0949,0.0000
7808,0.9220,0.0000
7809,0.9511,0.0000
7810,1.0328,0.0000
7811,0.6387,0.0000
7812,1.2919,0.0000
7813,1.1994,0.0000
7814,2.3812,0.0000
7815,1.3326,0.0000
7816,1.4851,0.0000
7817,1.4637,0.0000
7818,1.7914,0.0000
7819,1.9603,0.0000
7820,1.5554,0.0000
7821,1.0353,0.0000
7822,2.6144,0.0000
7823,3.2550,0.0044
7824,3.9046,0.0191
7825,5.0985,0.0620
7826,4.6668,0.0439
7827,5.3516,0.0742
7828,5.2441,0.0689
7829,4.9572,0.0557
7830,4.1951,0.0275
7831,4.2335,0.0287
7832,4.8330,0.0505
7833,4.2889,0.0305
7834,4.2206,0.0283
7835,4.6259,0.0423
7836,6.2615,0.1284
7837,5.4297,0.0782
7838,4.4079,0.0345
7839,4.2615,0.0296
7840,3.8756,0.0184
7841,2.5601,0.0000
7842,3.5609,0.0107
7843,3.6140,0.0119
7844,3.3490,0.0062
7845,2.8478,0.0000
7846,2.6975,0.0000
7847,1.4462,0.0000
7848,1.8626,0.0000
7849,1.5603,0.0000
7850,1.4158,0.0000
7851,1.3379,0.0000
7852,2.0999,0.0000
7853,2.0300,0.0000
7854,3.2263,0.0039
7855,5.1278,0.0634
7856,5.1150,0.0628
7857,6.3726,0.1363
7858,6.2194,0.1256
7859,5.5526,0.0848
7860,7.3980,0.2222
7861,7.5917,0.2413
7862,7.9120,0.2753
7863,7.1571,0.1997
7864,8.8468,0.3912
7865,7.0796,0.1927
7866,6.9933,0.1852
7867,8.5407,0.3504
7868,8.6857,0.3694
7869,9.0866,0.4252
7870,8.1171,0.2985
7871,7.2588,0.2090
7872,7.5453,0.2367
7873,8.7853,0.3828
7874,7.4578,0.2280
7875,6.8331,0.1717
7876,8.3218,0.3229
7877,8.2202,0.3107
7878,8.4993,0.3451
7879,8.1006,0.2966
7880,10.0734,0.5851
7881,10.3421,0.6344
7882,9.9727,0.5672
7883,9.2608,0.4510
7884,8.7628,0.3797
7885,10.0567,0.5821
7886,10.4836,0.6615
7887,10.5701,0.6784
7888,10.5235,0.6693
7889,7.7711,0.2600
7890,8.5650,0.3535
7891,7.4808,0.2302
7892,8.7677,0.3804
7893,9.4532,0.4808
7894,8.4786,0.3424
7895,9.1147,0.4293
7896,9.1659,0.4368
7897,7.9564,0.2802
7898,9.9493,0.5631
7899,9.1481,0.4342
7900,7.9326,0.2776
7901,8.0575,0.2917
7902,9.0873,0.4253
7903,8.8612,0.3932
7904,9.6358,0.5101
7905,9.6268,0.5086
7906,9.1540,0.4351
7907,8.0974,0.2963
7908,6.7603,0.1658
7909,7.5642,0.2386
7910,8.1552,0.3030
7911,8.0242,0.2879
7912,6.8767,0.1753
7913,6.7498,0.1649
7914,7.5889,0.2411
7915,7.2716,0.2102
7916,6.6289,0.1554
7917,6.5824,0.1518
7918,3.4571,0.0084
7919,2.6207,0.0000
7920,2.8060,0.0000
7921,2.0449,0.0000
7922,1.8265,0.0000
7923,2.2809,0.0000
7924,1.8908,0.0000
7925,2.2701,0.0000
7926,1.5819,0.0000
7927,1.6818,0.0000
7928,2.2372,0.0000
7929,1.7424,0.0000
7930,2.2276,0.0000
7931,4.1040,0.0248
7932,4.9930,0.0573
7933,3.9624,0.0207
7934,4.9532,0.0556
7935,3.6542,0.0128
7936,2.9724,0.0000
7937,2.4499,0.0000
7938,3.0254,0.0004
7939,2.7857,0.0000
7940,2.3976,0.0000
7941,2.2625,0.0000
7942,1.8918,0.0000
7943,2.2442,0.0000
7944,2.1318,0.0000
7945,1.6019,0.0000
7946,1.2649,0.0000
7947,1.6950,0.0000
7948,1.8483,0.0000
7949,1.2701,0.0000
7950,1.0163,0.0000
7951,1.0067,0.0000
7952,0.7372,0.0000
7953,0.6782,0.0000
7954,0.4548,0.0000
7955,0.9738,0.0000
7956,1.9213,0.0000
7957,2.2371,0.0000
7958,4.0111,0.0221
7959,3.1013,0.0017
7960,4.1073,0.0249
7961,4.1567,0.0263
7962,3.6570,0.0129
7963,3.6523,0.0128
7964,3.2348,0.0040
7965,2.9279,0.0000
7966,1.7965,0.0000
7967,1.0856,0.0000
7968,1.0404,0.0000
7969,1.2219,0.0000
7970,2.0640,0.0000
7971,1.9182,0.0000
7972,1.7987,0.0000
7973,1.6152,0.0000
7974,1.1195,0.0000
7975,0.8010,0.0000
7976,1.4349,0.0000
7977,1.8858,0.0000
7978,2.0679,0.0000
7979,0.9968,0.0000
7980,1.0119,0.0000
7981,0.8280,0.0000
7982,0.3565,0.0000
7983,0.3927,0.0000
7984,0.3212,0.0000
7985,0.2451,0.0000
7986,0.3137,0.0000
7987,0.2060,0.0000
7988,0.2202,0.0000
7989,0.1967,0.0000
7990,0.1572,0.0000
7991,0.1077,0.0000
7992,0.1367,0.0000
7993,0.1267,0.0000
7994,0.1952,0.0000
7995,0.1913,0.0000
7996,0.5276,0.0000
7997,0.5290,0.0000
7998,0.6192,0.0000
7999,0.8719,0.0000
8000,1.0497,0.0000
8001,1.3460,0.0000
8002,1.5717,0.0000
8003,1.8100,0.0000
8004,1.2100,0.0000
8005,1.9298,0.0000
8006,2.7255,0.0000
8007,2.4692,0.0000
8008,2.9685,0.0000
8009,3.3918,0.0071
8010,3.5544,0.0105
8011,3.8982,0.0190
8012,4.2059,0.0279
8013,4.7543,0.0473
8014,4.8005,0.0492
8015,5.3559,0.0744
8016,5.5809,0.0863
8017,5.2346,0.0684
8018,4.8829,0.0526
8019,4.3586,0.0328
8020,3.0377,0.0006
8021,3.9256,0.0197
8022,4.2040,0.0278
8023,5.4324,0.0784
8024,5.1510,0.0645
8025,5.2243,0.0680
8026,4.5982,0.0413
8027,4.9167,0.0540
8028,3.0606,0.0010
8029,3.4511,0.0083
8030,3.0404,0.0006
8031,3.9218,0.0196
8032,4.0689,0.0237
8033,4.4485,0.0359
8034,4.8359,0.0506
8035,3.5598,0.0106
8036,6.1920,0.1237
8037,5.3418,0.0737
8038,6.3358,0.1336
8039,7.4599,0.2282
8040,8.0216,0.2876
8041,7.6580,0.2482
8042,7.3969,0.2221
8043,8.8461,0.3911
8044,9.4336,0.4777
8045,10.2455,0.6164
8046,8.5190,0.3476
8047,7.2258,0.2059
8048,4.8734,0.0522
8049,3.6190,0.0120
8050,5.1447,0.0642
8051,5.3341,0.0734
8052,6.6121,0.1541
8053,6.2899,0.1304
8054,5.9185,0.1060
8055,6.9243,0.1793
8056,6.3154,0.1322
8057,6.0310,0.1131
8058,6.0039,0.1114
8059,5.1627,0.0650
8060,4.9304,0.0546
8061,6.3209,0.1326
8062,4.9174,0.0540
8063,5.0191,0.0585
8064,6.0676,0.1154
8065,8.4650,0.3407
8066,7.5426,0.2364
8067,8.4256,0.3358
8068,8.3499,0.3264
8069,6.2625,0.1285
8070,4.4474,0.0358
8071,3.7295,0.0146
8072,2.9810,0.0000
8073,4.1953,0.0275
8074,4.7134,0.0457
8075,4.2724,0.0300
8076,5.2010,0.0668
8077,4.8636,0.0518
8078,5.3160,0.0724
8079,4.0950,0.0245
8080,4.5151,0.0382
8081,2.9136,0.0000
8082,2.7830,0.0000
8083,2.4305,0.0000
8084,4.6268,0.0424
8085,4.3916,0.0339
8086,4.6642,0.0438
8087,3.9774,0.0211
8088,5.1746,0.0656
8089,5.3728,0.0753
8090,4.7807,0.0484
8091,4.5664,0.0401
8092,4.8116,0.0496
8093,5.4504,0.0793
8094,6.8478,0.1729
8095,6.3939,0.1378
8096,6.4648,0.1430
8097,5.6279,0.0889
8098,5.4432,0.0789
8099,6.1578,0.1214
8100,6.4353,0.1408
8101,6.8068,0.1695
8102,4.8826,0.0526
8103,4.9665,0.0561
8104,5.8305,0.1007
8105,5.1074,0.0625
8106,4.6365,0.0427
8107,3.8724,0.0183
8108,3.6573,0.0129
8109,3.6949,0.0138
8110,3.9783,0.0211
8111,5.2390,0.0687
8112,4.3114,0.0312
8113,3.5592,0.0106
8114,2.7921,0.0000
8115,1.8810,0.0000
8116,0.6822,0.0000
8117,1.3147,0.0000
8118,1.2546,0.0000
8119,1.6720,0.0000
8120,2.0326,0.0000
8121,1.2684,0.0000
8122,1.2174,0.0000
8123,1.6175,0.0000
8124,1.8810,0.0000
8125,2.7967,0.0000
8126,3.2654,0.0046
8127,3.4321,0.0079
8128,3.3760,0.0067
8129,3.7479,0.0151
8130,3.6607,0.0130
8131,4.2047,0.0278
8132,3.9574,0.0206
8133,4.7564,0.0474
8134,4.5224,0.0385
8135,4.7839,0.0485
8136,5.8404,0.1012
8137,5.0627,0.0604
8138,4.7637,0.0477
8139,7.9041,0.2744
8140,7.2444,0.2076
8141,8.2323,0.3121
8142,6.3187,0.1324
8143,6.7548,0.1653
8144,9.1126,0.4290
8145,9.7766,0.5335
8146,8.3991,0.3325
8147,8.0006,0.2852
8148,8.0820,0.2945
8149,8.8054,0.3855
8150,8.8251,0.3882
8151,8.8387,0.3901
8152,8.2988,0.3201
8153,9.4138,0.4746
8154,9.5383,0.4943
8155,7.6071,0.2429
8156,8.4188,0.3349
8157,7.9696,0.2817
8158,5.8813,0.1037
8159,6.4651,0.1430
8160,6.9904,0.1849
8161,7.5036,0.2325
8162,6.6928,0.1604
8163,5.9938,0.1107
8164,6.6335,0.1557
8165,7.0846,0.1932
8166,5.4474,0.0792
8167,7.6119,0.2434
8168,7.4865,0.2308
8169,7.7019,0.2527
8170,7.6628,0.2486
8171,9.0035,0.4132
8172,8.0884,0.2952
8173,6.9940,0.1853
8174,8.2542,0.3147
8175,6.8849,0.1760
8176,5.8594,0.1024
8177,6.1109,0.1183
8178,7.4238,0.2247
8179,7.8105,0.2642
8180,7.3984,0.2222
8181,8.1508,0.3025
8182,5.5943,0.0871
8183,5.0018,0.0577
8184,4.2298,0.0286
8185,4.0990,0.0246
8186,3.2935,0.0051
8187,2.2133,0.0000
8188,2.7449,0.0000
8189,3.8149,0.0168
8190,5.4752,0.0806
8191,5.1312,0.0636
8192,4.9220,0.0542
8193,3.7886,0.0161
8194,3.0329,0.0005
8195,1.8982,0.0000
8196,1.8164,0.0000
8197,2.9715,0.0000
8198,3.4901,0.0091
8199,3.5870,0.0113
8200,2.9775,0.0000
8201,4.5952,0.0412
8202,4.4793,0.0370
8203,4.2956,0.0307
8204,3.8848,0.0186
8205,3.9652,0.0208
8206,3.4621,0.0085
8207,4.1767,0.0270
8208,5.4103,0.0772
8209,6.1831,0.1231
8210,6.7110,0.1618
8211,8.2179,0.3104
8212,7.6366,0.2459
8213,6.5960,0.1528
8214,6.2016,0.1243
8215,7.6419,0.2465
8216,8.2898,0.3190
8217,8.0832,0.2946
8218,7.3516,0.2177
8219,6.7849,0.1677
8220,6.2011,0.1243
8221,5.7644,0.0967
8222,5.9038,0.1051
8223,6.7085,0.1616
8224,7.3078,0.2136
8225,7.1466,0.1987
8226,6.3921,0.1377
8227,7.1254,0.1968
8228,6.5266,0.1476
8229,7.7908,0.2621
8230,8.6698,0.3672
8231,8.2982,0.3201
8232,8.5317,0.3492
8233,8.5588,0.3527
8234,8.5691,0.3540
8235,8.2144,0.3100
8236,9.0650,0.4221
8237,10.6072,0.6857
8238,11.5320,0.8857
8239,10.1435,0.5977
8240,7.8228,0.2656
8241,8.8415,0.3905
8242,8.4014,0.3328
8243,9.2702,0.4525
8244,11.2394,0.8188
8245,11.9490,0.9871
8246,8.7875,0.3831
8247,10.4643,0.6578
8248,11.0560,0.7786
8249,9.0824,0.4246
8250,8.2560,0.3150
8251,7.2042,0.2039
8252,7.2494,0.2081
8253,6.0715,0.1157
8254,7.4726,0.2294
8255,9.1696,0.4374
8256,7.3738,0.2198
8257,5.8928,0.1044
8258,6.0814,0.1164
8259,5.8672,0.1029
8260,4.0183,0.0223
8261,4.2017,0.0277
8262,5.6196,0.0885
8263,7.8595,0.2695
8264,7.6178,0.2440
8265,7.3554,0.2181
8266,5.1375,0.0638
8267,5.8571,0.1023
8268,4.6586,0.0436
8269,5.1129,0.0627
8270,5.6471,0.0900
8271,5.4403,0.0788
8272,4.7967,0.0490
8273,3.6900,0.0137
8274,4.7684,0.0479
8275,4.9915,0.0572
8276,6.2626,0.1285
8277,6.3998,0.1382
8278,5.4660,0.0801
8279,4.7701,0.0479
8280,5.1782,0.0658
8281,6.0317,0.1131
8282,6.9675,0.1830
8283,6.3391,0.1339
8284,5.9457,0.1077
8285,7.1389,0.1980
8286,6.6885,0.1600
8287,6.7158,0.1622
8288,5.5535,0.0848
8289,6.3674,0.1359
8290,5.0814,0.0613
8291,6.0899,0.1169
8292,6.2864,0.1302
8293,5.7637,0.0967
8294,5.5301,0.0836
8295,5.0587,0.0602
8296,5.5372,0.0839
8297,4.9926,0.0573
8298,6.5477,0.1492
8299,6.4480,0.1417
8300,7.2968,0.2125
8301,7.2811,0.2111
8302,8.3135,0.3219
8303,7.8359,0.2670
8304,6.8064,0.1695
8305,8.9627,0.4074
8306,8.7828,0.3824
8307,9.4579,0.4815
8308,8.6319,0.3622
8309,8.3377,0.3249
8310,7.7473,0.2575
8311,7.6769,0.2501
8312,8.4116,0.3340
8313,10.8855,0.7424
8314,11.5717,0.8951
8315,9.7217,0.5243
8316,9.9652,0.5659
8317,10.8665,0.7385
8318,8.9384,0.4040
8319,8.6035,0.3585
8320,9.6023,0.5046
8321,6.9587,0.1822
8322,6.5495,0.1493
8323,5.1092,0.0625
8324,6.0006,0.1111
8325,6.6231,0.1549
8326,6.2295,0.1262
8327,5.7245,0.0944
8328,6.9218,0.1791
8329,6.9025,0.1775
8330,6.8887,0.1763
8331,7.8492,0.2684
8332,8.6001,0.3581
8333,7.7507,0.2579
8334,5.8792,0.1036
8335,5.3694,0.0751
8336,4.4408,0.0356
8337,4.8009,0.0492
8338,4.6747,0.0442
8339,5.0984,0.0620
8340,3.4251,0.0077
8341,3.1561,0.0026
8342,2.3404,0.0000
8343,2.7512,0.0000
8344,3.0073,0.0001
8345,3.0236,0.0004
8346,2.3904,0.0000
8347,1.8766,0.0000
8348,2.3653,0.0000
8349,2.3709,0.0000
8350,2.2887,0.0000
8351,2.2873,0.0000
8352,2.5765,0.0000
8353,3.1002,0.0016
8354,3.0124,0.0002
8355,3.8593,0.0179
8356,3.0651,0.0011
8357,2.2493,0.0000
8358,1.8732,0.0000
8359,3.4846,0.0090
8360,3.4740,0.0088
8361,4.6503,0.0432
8362,6.6638,0.1581
8363,5.8104,0.0995
8364,6.5276,0.1476
8365,7.7667,0.2596
8366,6.9584,0.1822
8367,6.2806,0.1298
8368,6.5257,0.1475
8369,4.8359,0.0506
8370,4.6970,0.0450
8371,6.5173,0.1469
8372,5.9173,0.1059
8373,7.2899,0.2119
8374,8.1450,0.3018
8375,6.6877,0.1600
8376,5.8791,0.1036
8377,5.6390,0.0895
8378,5.0295,0.0589
8379,3.4942,0.0092
8380,4.7438,0.0469
8381,3.9051,0.0191
8382,3.6429,0.0125
8383,4.9407,0.0550
8384,5.9619,0.1087
8385,5.7263,0.0945
8386,5.7981,0.0987
8387,5.8772,0.1035
8388,6.3828,0.1370
8389,5.2603,0.0697
8390,4.4811,0.0370
8391,6.0843,0.1165
8392,5.9680,0.1091
8393,5.4962,0.0817
8394,6.4123,0.1391
8395,5.5415,0.0842
8396,4.7442,0.0469
8397,5.6792,0.0918
8398,4.8902,0.0529
8399,4.0493,0.0232
8400,4.2700,0.0299
8401,4.1561,0.0263
8402,3.1541,0.0026
8403,3.5901,0.0113
8404,2.2700,0.0000
8405,2.0334,0.0000
8406,2.3249,0.0000
8407,2.3200,0.0000
8408,2.2969,0.0000
8409,2.4592,0.0000
8410,3.3644,0.0065
8411,3.8083,0.0166
8412,4.0424,0.0230
8413,3.6623,0.0130
8414,4.4650,0.0365
8415,4.5763,0.0405
8416,5.1857,0.0661
8417,6.0654,0.1153
8418,7.7198,0.2546
8419,8.4605,0.3402
8420,7.7477,0.2575
8421,7.1979,0.2034
8422,5.9710,0.1093
8423,6.1211,0.1190
8424,5.1746,0.0656
8425,6.7598,0.1657
8426,6.2920,0.1306
8427,7.1177,0.1961
8428,8.1485,0.3022
8429,7.6749,0.2499
8430,5.9471,0.1078
8431,6.8160,0.1703
8432,7.8184,0.2651
8433,8.1149,0.2983
8434,8.8408,0.3904
8435,8.8708,0.3945
8436,10.1898,0.6061
8437,11.0002,0.7666
8438,9.5409,0.4947
8439,10.6548,0.6952
8440,12.4354,1.0000
8441,11.8961,0.9738
8442,12.7414,1.0000
8443,14.0557,1.0000
8444,13.8134,1.0000
8445,13.1304,1.0000
8446,14.1610,1.0000
8447,11.2062,0.8114
8448,11.1590,0.8010
8449,11.3284,0.8388
8450,10.6437,0.6930
8451,11.7583,0.9399
8452,11.7208,0.9307
8453,10.5357,0.6716
8454,10.2764,0.6221
8455,10.0436,0.5797
8456,9.0364,0.4179
8457,6.7743,0.1669
8458,4.4689,0.0366
8459,4.2468,0.0292
8460,3.9712,0.0209
8461,4.8481,0.0511
8462,4.3950,0.0340
8463,4.4284,0.0352
8464,5.9197,0.1061
8465,5.6165,0.0883
8466,5.4724,0.0805
8467,5.5682,0.0856
8468,5.8133,0.0996
8469,7.6982,0.2523
8470,6.5056,0.1460
8471,6.6327,0.1557
8472,6.3354,0.1336
8473,5.4778,0.0808
8474,6.9226,0.1792
8475,6.7547,0.1653
8476,5.3338,0.0733
8477,4.7152,0.0458
8478,6.3795,0.1368
8479,7.3311,0.2158
8480,7.5865,0.2408
8481,7.5902,0.2412
8482,8.7703,0.3807
8483,9.7851,0.5349
8484,9.2966,0.4565
8485,11.5681,0.8942
8486,11.5247,0.8840
8487,10.8698,0.7391
8488,12.9323,1.0000
8489,11.9617,0.9903
8490,10.9621,0.7585
8491,9.5140,0.4904
8492,9.3392,0.4630
8493,10.5574,0.6759
8494,11.9157,0.9787
8495,11.8935,0.9732
8496,15.4109,1.0000
8497,14.7134,1.0000
8498,16.1930,1.0000
8499,17.5398,1.0000
8500,15.0748,1.0000
8501,14.8765,1.0000
8502,14.6105,1.0000
8503,14.4982,1.0000
8504,14.1868,1.0000
8505,14.8109,1.0000
8506,15.2935,1.0000
8507,16.0408,1.0000
8508,15.9997,1.0000
8509,15.3648,1.0000
8510,16.5381,1.0000
8511,17.9333,1.0000
8512,18.9072,1.0000
8513,17.7225,1.0000
8514,14.7237,1.0000
8515,12.5307,1.0000
8516,11.0388,0.7749
8517,10.6547,0.6952
8518,10.1052,0.5908
8519,10.9025,0.7460
8520,10.1982,0.6077
8521,10.4603,0.6570
8522,8.8950,0.3979
8523,11.5532,0.8907
8524,11.0083,0.7684
8525,10.1281,0.5949
8526,10.5068,0.6660
8527,10.5736,0.6791
8528,10.2717,0.6212
8529,11.5205,0.8830
8530,10.2413,0.6156
8531,11.3620,0.8464
8532,9.6377,0.5104
8533,8.9236,0.4019
8534,8.4912,0.3440
8535,8.5669,0.3538
8536,7.1178,0.1961
8537,7.5605,0.2382
8538,6.3301,0.1332
8539,7.3272,0.2154
8540,5.9515,0.1081
8541,4.9886,0.0571
8542,3.6629,0.0130
8543,3.5635,0.0107
8544,5.1643,0.0651
8545,6.5196,0.1470
8546,7.0941,0.1940
8547,5.0388,0.0593
8548,4.7259,0.0462
8549,4.1838,0.0272
8550,4.6441,0.0430
8551,4.8945,0.0531
8552,5.2590,0.0696
8553,7.7818,0.2612
8554,6.6327,0.1557
8555,8.5594,0.3528
8556,10.0899,0.5880
8557,7.9585,0.2805
8558,6.2602,0.1284
8559,5.9477,0.1078
8560,5.1333,0.0636
8561,5.5585,0.0851
8562,5.9963,0.1109
8563,5.8835,0.1039
8564,7.2904,0.2119
8565,6.5905,0.1524
8566,7.4253,0.2248
8567,7.2841,0.2113
8568,6.9411,0.1807
8569,7.9313,0.2774
8570,7.3898,0.2214
8571,8.2747,0.3172
8572,6.8489,0.1730
8573,7.3235,0.2150
8574,6.1071,0.1180
8575,8.1981,0.3080
8576,7.2835,0.2113
8577,5.1584,0.0648
8578,4.3490,0.0325
8579,4.9099,0.0537
8580,4.8615,0.0517
8581,4.2368,0.0288
8582,3.4451,0.0082
8583,3.1465,0.0024
8584,3.2878,0.0050
8585,2.6877,0.0000
8586,3.7179,0.0143
8587,4.7714,0.0480
8588,5.3230,0.0728
8589,4.0603,0.0235
8590,4.0576,0.0234
8591,4.6670,0.0439
8592,3.5266,0.0099
8593,2.3822,0.0000
8594,1.5073,0.0000
8595,2.9457,0.0000
8596,2.2829,0.0000
8597,2.8433,0.0000
8598,3.3752,0.0067
8599,4.0235,0.0224
8600,3.5317,0.0100
8601,2.1765,0.0000
8602,1.2196,0.0000
8603,1.8069,0.0000
8604,2.5346,0.0000
8605,2.1085,0.0000
8606,2.1201,0.0000
8607,2.1524,0.0000
8608,3.1013,0.0017
8609,2.2920,0.0000
8610,2.3593,0.0000
8611,2.5892,0.0000
8612,2.1244,0.0000
8613,2.4327,0.0000
8614,2.3441,0.0000
8615,3.5378,0.0102
8616,4.8575,0.0515
8617,4.5431,0.0393
8618,4.2445,0.0291
8619,3.9336,0.0199
8620,5.5590,0.0851
8621,5.7301,0.0947
8622,6.8311,0.1715
8623,7.4611,0.2283
8624,7.8315,0.2665
8625,6.4265,0.1402
8626,5.9550,0.1083
8627,4.7044,0.0453
8628,3.5701,0.0109
8629,4.1189,0.0252
8630,3.9430,0.0202
8631,3.5291,0.0100
8632,2.8432,0.0000
8633,3.4488,0.0082
8634,3.3276,0.0058
8635,3.4230,0.0077
8636,3.5905,0.0113
8637,3.2524,0.0044
8638,3.3328,0.0059
8639,2.8725,0.0000
8640,2.2622,0.0000
8641,1.9192,0.0000
8642,2.5183,0.0000
8643,2.5753,0.0000
8644,2.9240,0.0000
8645,3.1985,0.0034
8646,2.4096,0.0000
8647,1.9446,0.0000
8648,2.3359,0.0000
8649,3.5472,0.0104
8650,3.0367,0.0006
8651,4.2818,0.0303
8652,4.5529,0.0396
8653,5.8426,0.1014
8654,7.2951,0.2124
8655,5.8438,0.1015
8656,5.9495,0.1079
8657,7.3864,0.2210
8658,5.6270,0.0889
8659,6.8691,0.1747
8660,6.1711,0.1223
8661,7.3525,0.2178
8662,6.9427,0.1809
8663,6.4482,0.1417
8664,8.4436,0.3380
8665,8.4428,0.3379
8666,9.7684,0.5321
8667,10.9904,0.7646
8668,10.0258,0.5766
8669,10.7023,0.7048
8670,10.8410,0.7332
8671,9.6347,0.5099
8672,9.2624,0.4513
8673,9.9467,0.5627
8674,9.5740,0.5000
8675,9.2384,0.4477
8676,8.6961,0.3707
8677,8.2493,0.3142
8678,8.8728,0.3948
8679,8.4422,0.3379
8680,9.8450,0.5451
8681,10.6980,0.7039
8682,11.1851,0.8068
8683,11.7628,0.9409
8684,11.8428,0.9606
8685,12.3270,1.0000
8686,13.2483,1.0000
8687,13.3899,1.0000
8688,13.2441,1.0000
8689,13.1004,1.0000
8690,10.7590,0.7163
8691,10.7937,0.7234
8692,10.6804,0.7004
8693,13.6696,1.0000
8694,13.2767,1.0000
8695,12.6869,1.0000
8696,11.2843,0.8289
8697,9.8446,0.5450
8698,9.5517,0.4964
8699,10.7582,0.7161
8700,10.8159,0.7280
8701,8.7155,0.3733
8702,8.0308,0.2886
8703,8.5869,0.3564
8704,8.2028,0.3086
8705,8.1862,0.3066
8706,6.9916,0.1850
8707,8.0085,0.2861
8708,7.7944,0.2625
8709,7.6040,0.2426
8710,7.6614,0.2485
8711,7.2992,0.2128
8712,6.0123,0.1119
8713,6.2969,0.1309
8714,6.6864,0.1599
8715,7.9295,0.2772
8716,8.7642,0.3799
8717,7.6651,0.2489
8718,7.2144,0.2049
8719,8.6736,0.3677
8720,9.6915,0.5193
8721,8.2617,0.3156
8722,8.5335,0.3494
8723,7.4126,0.2236
8724,5.9180,0.1060
8725,7.4317,0.2254
8726,7.1025,0.1948
8727,6.9014,0.1774
8728,5.4234,0.0779
8729,4.3196,0.0315
8730,4.4019,0.0343
8731,3.7835,0.0160
8732,3.1701,0.0029
8733,4.6630,0.0437
8734,4.9947,0.0574
8735,4.9486,0.0554
8736,5.5417,0.0842
8737,5.8943,0.1045
8738,6.9441,0.1810
8739,7.9903,0.2840
8740,6.3771,0.1366
8741,5.6125,0.0881
8742,6.3794,0.1368
8743,6.6238,0.1550
8744,5.1205,0.0631
8745,4.0675,0.0237
8746,4.8167,0.0498
8747,4.8631,0.0517
8748,6.8731,0.1750
8749,6.8338,0.1717
8750,9.5444,0.4953
8751,8.8930,0.3976
8752,9.5066,0.4892
8753,9.1773,0.4385
8754,8.8893,0.3971
8755,9.0964,0.4266
8756,9.6795,0.5173
8757,10.0706,0.5846
8758,10.4672,0.6583
8759,8.8084,0.3859
